bar_start_msk,bar_start_utc,available_at_utc,open,high,low,close,volume
2026-07-01 08:50:00,2026-07-01 05:50:00+00:00,2026-07-01 06:00:00+00:00,2353.5,2353.5,2353.5,2353.5,415
2026-07-01 09:00:00,2026-07-01 06:00:00+00:00,2026-07-01 06:10:00+00:00,2352.5,2369.5,2350.5,2360.5,28198
2026-07-01 09:10:00,2026-07-01 06:10:00+00:00,2026-07-01 06:20:00+00:00,2360.5,2363.0,2354.0,2360.5,12141
2026-07-01 09:20:00,2026-07-01 06:20:00+00:00,2026-07-01 06:30:00+00:00,2361.0,2365.5,2359.5,2364.0,7977
2026-07-01 09:30:00,2026-07-01 06:30:00+00:00,2026-07-01 06:40:00+00:00,2363.5,2365.0,2358.0,2360.0,7658
2026-07-01 09:40:00,2026-07-01 06:40:00+00:00,2026-07-01 06:50:00+00:00,2360.5,2364.5,2356.0,2361.0,8962
2026-07-01 09:50:00,2026-07-01 06:50:00+00:00,2026-07-01 07:00:00+00:00,2361.0,2365.0,2356.0,2364.0,17260
2026-07-01 10:00:00,2026-07-01 07:00:00+00:00,2026-07-01 07:10:00+00:00,2364.5,2365.0,2354.0,2362.5,15873
2026-07-01 10:10:00,2026-07-01 07:10:00+00:00,2026-07-01 07:20:00+00:00,2362.5,2371.0,2362.0,2366.5,29155
2026-07-01 10:20:00,2026-07-01 07:20:00+00:00,2026-07-01 07:30:00+00:00,2366.5,2367.5,2358.5,2358.5,12804
2026-07-01 10:30:00,2026-07-01 07:30:00+00:00,2026-07-01 07:40:00+00:00,2358.5,2361.5,2355.0,2359.5,11215
2026-07-01 10:40:00,2026-07-01 07:40:00+00:00,2026-07-01 07:50:00+00:00,2359.5,2364.5,2355.5,2358.0,9512
2026-07-01 10:50:00,2026-07-01 07:50:00+00:00,2026-07-01 08:00:00+00:00,2358.0,2359.5,2341.0,2341.5,29538
2026-07-01 11:00:00,2026-07-01 08:00:00+00:00,2026-07-01 08:10:00+00:00,2341.5,2346.0,2333.5,2346.0,47945
2026-07-01 11:10:00,2026-07-01 08:10:00+00:00,2026-07-01 08:20:00+00:00,2345.5,2345.5,2338.5,2339.0,20559
2026-07-01 11:20:00,2026-07-01 08:20:00+00:00,2026-07-01 08:30:00+00:00,2339.5,2346.0,2336.5,2342.0,18475
2026-07-01 11:30:00,2026-07-01 08:30:00+00:00,2026-07-01 08:40:00+00:00,2341.5,2342.5,2337.0,2339.0,6463
2026-07-01 11:40:00,2026-07-01 08:40:00+00:00,2026-07-01 08:50:00+00:00,2340.0,2352.0,2339.5,2349.5,21615
2026-07-01 11:50:00,2026-07-01 08:50:00+00:00,2026-07-01 09:00:00+00:00,2349.0,2349.5,2340.5,2346.0,14783
2026-07-01 12:00:00,2026-07-01 09:00:00+00:00,2026-07-01 09:10:00+00:00,2346.5,2348.5,2340.5,2341.0,13322
2026-07-01 12:10:00,2026-07-01 09:10:00+00:00,2026-07-01 09:20:00+00:00,2341.0,2379.5,2338.0,2369.5,77878
2026-07-01 12:20:00,2026-07-01 09:20:00+00:00,2026-07-01 09:30:00+00:00,2370.0,2377.5,2362.5,2373.5,37836
2026-07-01 12:30:00,2026-07-01 09:30:00+00:00,2026-07-01 09:40:00+00:00,2374.0,2377.0,2366.5,2367.0,21445
2026-07-01 12:40:00,2026-07-01 09:40:00+00:00,2026-07-01 09:50:00+00:00,2368.0,2372.0,2365.0,2365.5,16548
2026-07-01 12:50:00,2026-07-01 09:50:00+00:00,2026-07-01 10:00:00+00:00,2365.0,2370.0,2363.5,2366.0,8507
2026-07-01 13:00:00,2026-07-01 10:00:00+00:00,2026-07-01 10:10:00+00:00,2366.5,2369.0,2359.5,2362.5,15080
2026-07-01 13:10:00,2026-07-01 10:10:00+00:00,2026-07-01 10:20:00+00:00,2362.0,2365.0,2359.5,2363.0,9059
2026-07-01 13:20:00,2026-07-01 10:20:00+00:00,2026-07-01 10:30:00+00:00,2363.0,2370.5,2361.5,2369.5,14695
2026-07-01 13:30:00,2026-07-01 10:30:00+00:00,2026-07-01 10:40:00+00:00,2369.5,2370.5,2362.0,2363.0,7618
2026-07-01 13:40:00,2026-07-01 10:40:00+00:00,2026-07-01 10:50:00+00:00,2363.0,2364.5,2357.0,2360.0,9066
2026-07-01 13:50:00,2026-07-01 10:50:00+00:00,2026-07-01 11:00:00+00:00,2360.0,2365.0,2359.0,2361.5,6189
2026-07-01 14:00:00,2026-07-01 11:00:00+00:00,2026-07-01 11:10:00+00:00,2362.0,2362.0,2351.0,2360.5,22062
2026-07-01 14:10:00,2026-07-01 11:10:00+00:00,2026-07-01 11:20:00+00:00,2360.0,2364.5,2357.5,2362.5,9423
2026-07-01 14:20:00,2026-07-01 11:20:00+00:00,2026-07-01 11:30:00+00:00,2362.5,2362.5,2356.5,2358.0,4137
2026-07-01 14:30:00,2026-07-01 11:30:00+00:00,2026-07-01 11:40:00+00:00,2358.0,2364.0,2357.0,2358.0,3726
2026-07-01 14:40:00,2026-07-01 11:40:00+00:00,2026-07-01 11:50:00+00:00,2358.0,2367.0,2357.5,2365.0,6412
2026-07-01 14:50:00,2026-07-01 11:50:00+00:00,2026-07-01 12:00:00+00:00,2364.5,2369.0,2361.5,2362.0,7736
2026-07-01 15:00:00,2026-07-01 12:00:00+00:00,2026-07-01 12:10:00+00:00,2362.5,2366.5,2357.0,2361.5,11164
2026-07-01 15:10:00,2026-07-01 12:10:00+00:00,2026-07-01 12:20:00+00:00,2361.0,2361.0,2353.5,2357.0,8256
2026-07-01 15:20:00,2026-07-01 12:20:00+00:00,2026-07-01 12:30:00+00:00,2357.0,2358.5,2354.0,2357.0,4758
2026-07-01 15:30:00,2026-07-01 12:30:00+00:00,2026-07-01 12:40:00+00:00,2356.5,2356.5,2348.0,2352.0,15648
2026-07-01 15:40:00,2026-07-01 12:40:00+00:00,2026-07-01 12:50:00+00:00,2352.0,2356.5,2349.5,2354.5,5572
2026-07-01 15:50:00,2026-07-01 12:50:00+00:00,2026-07-01 13:00:00+00:00,2354.5,2355.0,2344.0,2345.5,11347
2026-07-01 16:00:00,2026-07-01 13:00:00+00:00,2026-07-01 13:10:00+00:00,2345.0,2347.0,2341.0,2342.5,12871
2026-07-01 16:10:00,2026-07-01 13:10:00+00:00,2026-07-01 13:20:00+00:00,2342.5,2351.5,2342.5,2348.0,19908
2026-07-01 16:20:00,2026-07-01 13:20:00+00:00,2026-07-01 13:30:00+00:00,2348.0,2363.0,2347.5,2351.5,29024
2026-07-01 16:30:00,2026-07-01 13:30:00+00:00,2026-07-01 13:40:00+00:00,2351.5,2356.0,2351.0,2352.5,6225
2026-07-01 16:40:00,2026-07-01 13:40:00+00:00,2026-07-01 13:50:00+00:00,2352.5,2357.5,2350.0,2355.0,12157
2026-07-01 16:50:00,2026-07-01 13:50:00+00:00,2026-07-01 14:00:00+00:00,2355.0,2358.0,2345.5,2346.5,10761
2026-07-01 17:00:00,2026-07-01 14:00:00+00:00,2026-07-01 14:10:00+00:00,2346.5,2349.0,2343.0,2343.5,21939
2026-07-01 17:10:00,2026-07-01 14:10:00+00:00,2026-07-01 14:20:00+00:00,2343.5,2352.0,2343.0,2351.5,6777
2026-07-01 17:20:00,2026-07-01 14:20:00+00:00,2026-07-01 14:30:00+00:00,2352.0,2353.0,2347.0,2348.5,7603
2026-07-01 17:30:00,2026-07-01 14:30:00+00:00,2026-07-01 14:40:00+00:00,2348.0,2348.5,2341.5,2344.5,8600
2026-07-01 17:40:00,2026-07-01 14:40:00+00:00,2026-07-01 14:50:00+00:00,2344.5,2344.5,2338.0,2343.0,18414
2026-07-01 17:50:00,2026-07-01 14:50:00+00:00,2026-07-01 15:00:00+00:00,2343.5,2346.5,2338.5,2344.5,9257
2026-07-01 18:00:00,2026-07-01 15:00:00+00:00,2026-07-01 15:10:00+00:00,2344.0,2344.5,2338.0,2341.0,12072
2026-07-01 18:10:00,2026-07-01 15:10:00+00:00,2026-07-01 15:20:00+00:00,2341.0,2344.5,2339.0,2339.0,9214
2026-07-01 18:20:00,2026-07-01 15:20:00+00:00,2026-07-01 15:30:00+00:00,2339.0,2342.0,2338.5,2342.0,3293
2026-07-01 18:30:00,2026-07-01 15:30:00+00:00,2026-07-01 15:40:00+00:00,2342.0,2349.5,2342.0,2345.0,12546
2026-07-01 18:40:00,2026-07-01 15:40:00+00:00,2026-07-01 15:50:00+00:00,2345.0,2346.5,2342.0,2343.0,6355
2026-07-01 18:50:00,2026-07-01 15:50:00+00:00,2026-07-01 16:00:00+00:00,2343.0,2343.5,2340.0,2340.5,3300
2026-07-01 19:00:00,2026-07-01 16:00:00+00:00,2026-07-01 16:10:00+00:00,2340.5,2347.5,2340.0,2346.0,12116
2026-07-01 19:10:00,2026-07-01 16:10:00+00:00,2026-07-01 16:20:00+00:00,2346.0,2349.0,2344.5,2347.0,3451
2026-07-01 19:20:00,2026-07-01 16:20:00+00:00,2026-07-01 16:30:00+00:00,2347.0,2347.0,2342.0,2343.5,2629
2026-07-01 19:30:00,2026-07-01 16:30:00+00:00,2026-07-01 16:40:00+00:00,2343.5,2345.5,2341.0,2345.0,4667
2026-07-01 19:40:00,2026-07-01 16:40:00+00:00,2026-07-01 16:50:00+00:00,2345.0,2347.5,2345.0,2345.0,3597
2026-07-01 19:50:00,2026-07-01 16:50:00+00:00,2026-07-01 17:00:00+00:00,2345.5,2346.5,2345.5,2346.0,517
2026-07-01 20:00:00,2026-07-01 17:00:00+00:00,2026-07-01 17:10:00+00:00,2346.5,2348.0,2344.0,2347.0,2744
2026-07-01 20:10:00,2026-07-01 17:10:00+00:00,2026-07-01 17:20:00+00:00,2347.0,2348.5,2347.0,2347.0,1876
2026-07-01 20:20:00,2026-07-01 17:20:00+00:00,2026-07-01 17:30:00+00:00,2347.0,2347.0,2345.0,2346.0,1056
2026-07-01 20:30:00,2026-07-01 17:30:00+00:00,2026-07-01 17:40:00+00:00,2346.0,2346.5,2345.0,2346.0,570
2026-07-01 20:40:00,2026-07-01 17:40:00+00:00,2026-07-01 17:50:00+00:00,2346.5,2346.5,2344.5,2345.5,1324
2026-07-01 20:50:00,2026-07-01 17:50:00+00:00,2026-07-01 18:00:00+00:00,2345.5,2346.0,2344.5,2344.5,619
2026-07-01 21:00:00,2026-07-01 18:00:00+00:00,2026-07-01 18:10:00+00:00,2345.0,2345.0,2342.0,2342.5,1369
2026-07-01 21:10:00,2026-07-01 18:10:00+00:00,2026-07-01 18:20:00+00:00,2342.0,2343.0,2340.0,2343.0,4611
2026-07-01 21:20:00,2026-07-01 18:20:00+00:00,2026-07-01 18:30:00+00:00,2343.0,2344.5,2342.5,2343.5,1007
2026-07-01 21:30:00,2026-07-01 18:30:00+00:00,2026-07-01 18:40:00+00:00,2343.5,2344.5,2343.0,2343.5,720
2026-07-01 21:40:00,2026-07-01 18:40:00+00:00,2026-07-01 18:50:00+00:00,2344.0,2345.0,2343.5,2343.5,752
2026-07-01 21:50:00,2026-07-01 18:50:00+00:00,2026-07-01 19:00:00+00:00,2344.5,2345.0,2343.5,2344.0,209
2026-07-01 22:00:00,2026-07-01 19:00:00+00:00,2026-07-01 19:10:00+00:00,2344.0,2346.5,2343.5,2345.0,7231
2026-07-01 22:10:00,2026-07-01 19:10:00+00:00,2026-07-01 19:20:00+00:00,2344.5,2345.0,2343.5,2344.0,1007
2026-07-01 22:20:00,2026-07-01 19:20:00+00:00,2026-07-01 19:30:00+00:00,2344.0,2345.5,2343.5,2343.5,2578
2026-07-01 22:30:00,2026-07-01 19:30:00+00:00,2026-07-01 19:40:00+00:00,2343.5,2344.0,2342.5,2342.5,4414
2026-07-01 22:40:00,2026-07-01 19:40:00+00:00,2026-07-01 19:50:00+00:00,2342.5,2342.5,2341.5,2341.5,1614
2026-07-01 22:50:00,2026-07-01 19:50:00+00:00,2026-07-01 20:00:00+00:00,2342.0,2342.5,2341.0,2342.0,1924
2026-07-01 23:00:00,2026-07-01 20:00:00+00:00,2026-07-01 20:10:00+00:00,2342.0,2343.0,2341.0,2343.0,1145
2026-07-01 23:10:00,2026-07-01 20:10:00+00:00,2026-07-01 20:20:00+00:00,2343.0,2344.5,2342.0,2343.5,1155
2026-07-01 23:20:00,2026-07-01 20:20:00+00:00,2026-07-01 20:30:00+00:00,2343.5,2344.5,2343.0,2344.0,1764
2026-07-01 23:30:00,2026-07-01 20:30:00+00:00,2026-07-01 20:40:00+00:00,2344.0,2344.5,2343.0,2344.0,985
2026-07-01 23:40:00,2026-07-01 20:40:00+00:00,2026-07-01 20:50:00+00:00,2344.5,2347.0,2344.0,2345.0,2919
2026-07-02 08:50:00,2026-07-02 05:50:00+00:00,2026-07-02 06:00:00+00:00,2342.0,2342.0,2342.0,2342.0,93
2026-07-02 09:00:00,2026-07-02 06:00:00+00:00,2026-07-02 06:10:00+00:00,2342.0,2346.5,2338.0,2342.0,11774
2026-07-02 09:10:00,2026-07-02 06:10:00+00:00,2026-07-02 06:20:00+00:00,2341.5,2342.0,2338.5,2339.5,6677
2026-07-02 09:20:00,2026-07-02 06:20:00+00:00,2026-07-02 06:30:00+00:00,2339.5,2340.0,2330.5,2333.5,20175
2026-07-02 09:30:00,2026-07-02 06:30:00+00:00,2026-07-02 06:40:00+00:00,2333.0,2338.0,2333.0,2335.5,14394
2026-07-02 09:40:00,2026-07-02 06:40:00+00:00,2026-07-02 06:50:00+00:00,2335.5,2336.0,2333.5,2335.0,3471
2026-07-02 09:50:00,2026-07-02 06:50:00+00:00,2026-07-02 07:00:00+00:00,2335.0,2335.5,2329.0,2332.0,15291
2026-07-02 10:00:00,2026-07-02 07:00:00+00:00,2026-07-02 07:10:00+00:00,2331.5,2332.0,2325.0,2328.0,43132
2026-07-02 10:10:00,2026-07-02 07:10:00+00:00,2026-07-02 07:20:00+00:00,2328.0,2330.0,2325.5,2328.0,27725
2026-07-02 10:20:00,2026-07-02 07:20:00+00:00,2026-07-02 07:30:00+00:00,2328.0,2335.0,2327.0,2333.0,14424
2026-07-02 10:30:00,2026-07-02 07:30:00+00:00,2026-07-02 07:40:00+00:00,2333.0,2338.0,2329.0,2330.0,11064
2026-07-02 10:40:00,2026-07-02 07:40:00+00:00,2026-07-02 07:50:00+00:00,2329.5,2334.0,2327.5,2329.0,12830
2026-07-02 10:50:00,2026-07-02 07:50:00+00:00,2026-07-02 08:00:00+00:00,2329.0,2330.5,2328.5,2330.0,3497
2026-07-02 11:00:00,2026-07-02 08:00:00+00:00,2026-07-02 08:10:00+00:00,2329.5,2332.5,2328.0,2328.5,8377
2026-07-02 11:10:00,2026-07-02 08:10:00+00:00,2026-07-02 08:20:00+00:00,2328.0,2328.5,2322.0,2322.5,21336
2026-07-02 11:20:00,2026-07-02 08:20:00+00:00,2026-07-02 08:30:00+00:00,2322.5,2324.0,2314.5,2317.5,36065
2026-07-02 11:30:00,2026-07-02 08:30:00+00:00,2026-07-02 08:40:00+00:00,2317.5,2319.0,2314.5,2317.0,13735
2026-07-02 11:40:00,2026-07-02 08:40:00+00:00,2026-07-02 08:50:00+00:00,2317.0,2318.0,2313.0,2317.0,19790
2026-07-02 11:50:00,2026-07-02 08:50:00+00:00,2026-07-02 09:00:00+00:00,2317.0,2317.5,2309.0,2310.5,28510
2026-07-02 12:00:00,2026-07-02 09:00:00+00:00,2026-07-02 09:10:00+00:00,2310.0,2316.0,2308.0,2312.0,22441
2026-07-02 12:10:00,2026-07-02 09:10:00+00:00,2026-07-02 09:20:00+00:00,2311.5,2317.0,2309.0,2313.5,15766
2026-07-02 12:20:00,2026-07-02 09:20:00+00:00,2026-07-02 09:30:00+00:00,2313.5,2316.5,2310.5,2313.0,11496
2026-07-02 12:30:00,2026-07-02 09:30:00+00:00,2026-07-02 09:40:00+00:00,2313.5,2318.0,2312.5,2315.0,9755
2026-07-02 12:40:00,2026-07-02 09:40:00+00:00,2026-07-02 09:50:00+00:00,2315.0,2318.0,2313.0,2313.0,7468
2026-07-02 12:50:00,2026-07-02 09:50:00+00:00,2026-07-02 10:00:00+00:00,2314.0,2316.5,2309.0,2311.5,7884
2026-07-02 13:00:00,2026-07-02 10:00:00+00:00,2026-07-02 10:10:00+00:00,2311.5,2312.0,2302.0,2303.5,34950
2026-07-02 13:10:00,2026-07-02 10:10:00+00:00,2026-07-02 10:20:00+00:00,2303.0,2308.0,2301.0,2306.0,19871
2026-07-02 13:20:00,2026-07-02 10:20:00+00:00,2026-07-02 10:30:00+00:00,2306.0,2306.0,2291.0,2298.0,45679
2026-07-02 13:30:00,2026-07-02 10:30:00+00:00,2026-07-02 10:40:00+00:00,2298.0,2298.5,2293.0,2294.0,15249
2026-07-02 13:40:00,2026-07-02 10:40:00+00:00,2026-07-02 10:50:00+00:00,2293.5,2300.0,2293.5,2300.0,14700
2026-07-02 13:50:00,2026-07-02 10:50:00+00:00,2026-07-02 11:00:00+00:00,2299.5,2304.0,2297.0,2299.5,29140
2026-07-02 14:00:00,2026-07-02 11:00:00+00:00,2026-07-02 11:10:00+00:00,2299.5,2308.0,2299.0,2307.5,27084
2026-07-02 14:10:00,2026-07-02 11:10:00+00:00,2026-07-02 11:20:00+00:00,2307.5,2308.0,2297.5,2299.5,15478
2026-07-02 14:20:00,2026-07-02 11:20:00+00:00,2026-07-02 11:30:00+00:00,2299.5,2302.0,2296.5,2298.0,10066
2026-07-02 14:30:00,2026-07-02 11:30:00+00:00,2026-07-02 11:40:00+00:00,2297.5,2299.0,2289.5,2289.5,16235
2026-07-02 14:40:00,2026-07-02 11:40:00+00:00,2026-07-02 11:50:00+00:00,2289.5,2294.0,2280.0,2281.0,46941
2026-07-02 14:50:00,2026-07-02 11:50:00+00:00,2026-07-02 12:00:00+00:00,2282.0,2285.5,2274.0,2275.5,47467
2026-07-02 15:00:00,2026-07-02 12:00:00+00:00,2026-07-02 12:10:00+00:00,2275.5,2280.5,2272.5,2278.0,28875
2026-07-02 15:10:00,2026-07-02 12:10:00+00:00,2026-07-02 12:20:00+00:00,2277.5,2279.0,2270.5,2271.0,26765
2026-07-02 15:20:00,2026-07-02 12:20:00+00:00,2026-07-02 12:30:00+00:00,2271.0,2278.0,2268.5,2273.5,36370
2026-07-02 15:30:00,2026-07-02 12:30:00+00:00,2026-07-02 12:40:00+00:00,2273.0,2278.0,2266.5,2270.5,36705
2026-07-02 15:40:00,2026-07-02 12:40:00+00:00,2026-07-02 12:50:00+00:00,2270.0,2277.5,2268.5,2276.0,34616
2026-07-02 15:50:00,2026-07-02 12:50:00+00:00,2026-07-02 13:00:00+00:00,2276.0,2276.5,2261.5,2262.0,33127
2026-07-02 16:00:00,2026-07-02 13:00:00+00:00,2026-07-02 13:10:00+00:00,2262.0,2270.0,2261.0,2269.0,21961
2026-07-02 16:10:00,2026-07-02 13:10:00+00:00,2026-07-02 13:20:00+00:00,2269.0,2271.0,2265.0,2269.0,20886
2026-07-02 16:20:00,2026-07-02 13:20:00+00:00,2026-07-02 13:30:00+00:00,2269.0,2273.0,2266.5,2269.0,21425
2026-07-02 16:30:00,2026-07-02 13:30:00+00:00,2026-07-02 13:40:00+00:00,2268.5,2269.0,2262.0,2265.0,13844
2026-07-02 16:40:00,2026-07-02 13:40:00+00:00,2026-07-02 13:50:00+00:00,2264.5,2266.5,2257.0,2262.5,25908
2026-07-02 16:50:00,2026-07-02 13:50:00+00:00,2026-07-02 14:00:00+00:00,2262.5,2263.0,2247.0,2248.5,53066
2026-07-02 17:00:00,2026-07-02 14:00:00+00:00,2026-07-02 14:10:00+00:00,2248.0,2260.5,2245.5,2259.0,53140
2026-07-02 17:10:00,2026-07-02 14:10:00+00:00,2026-07-02 14:20:00+00:00,2258.0,2259.5,2253.0,2253.5,19730
2026-07-02 17:20:00,2026-07-02 14:20:00+00:00,2026-07-02 14:30:00+00:00,2253.5,2262.0,2253.0,2259.0,15636
2026-07-02 17:30:00,2026-07-02 14:30:00+00:00,2026-07-02 14:40:00+00:00,2258.5,2259.5,2252.0,2258.0,10479
2026-07-02 17:40:00,2026-07-02 14:40:00+00:00,2026-07-02 14:50:00+00:00,2257.5,2270.5,2257.5,2266.0,41805
2026-07-02 17:50:00,2026-07-02 14:50:00+00:00,2026-07-02 15:00:00+00:00,2266.0,2272.5,2263.5,2269.5,30085
2026-07-02 18:00:00,2026-07-02 15:00:00+00:00,2026-07-02 15:10:00+00:00,2270.0,2270.5,2264.5,2268.0,18179
2026-07-02 18:10:00,2026-07-02 15:10:00+00:00,2026-07-02 15:20:00+00:00,2268.0,2268.5,2260.0,2261.0,17546
2026-07-02 18:20:00,2026-07-02 15:20:00+00:00,2026-07-02 15:30:00+00:00,2261.0,2269.5,2260.0,2268.0,11342
2026-07-02 18:30:00,2026-07-02 15:30:00+00:00,2026-07-02 15:40:00+00:00,2267.5,2267.5,2262.0,2262.0,9005
2026-07-02 18:40:00,2026-07-02 15:40:00+00:00,2026-07-02 15:50:00+00:00,2262.5,2262.5,2256.0,2258.0,15498
2026-07-02 18:50:00,2026-07-02 15:50:00+00:00,2026-07-02 16:00:00+00:00,2258.0,2258.5,2253.5,2256.5,9317
2026-07-02 19:00:00,2026-07-02 16:00:00+00:00,2026-07-02 16:10:00+00:00,2256.0,2262.0,2252.0,2253.5,15120
2026-07-02 19:10:00,2026-07-02 16:10:00+00:00,2026-07-02 16:20:00+00:00,2253.5,2261.0,2253.5,2260.0,6621
2026-07-02 19:20:00,2026-07-02 16:20:00+00:00,2026-07-02 16:30:00+00:00,2260.5,2260.5,2249.0,2252.0,18117
2026-07-02 19:30:00,2026-07-02 16:30:00+00:00,2026-07-02 16:40:00+00:00,2251.5,2254.5,2249.5,2249.5,9584
2026-07-02 19:40:00,2026-07-02 16:40:00+00:00,2026-07-02 16:50:00+00:00,2249.5,2250.0,2243.0,2244.0,20292
2026-07-02 19:50:00,2026-07-02 16:50:00+00:00,2026-07-02 17:00:00+00:00,2244.0,2251.0,2243.5,2245.0,10751
2026-07-02 20:00:00,2026-07-02 17:00:00+00:00,2026-07-02 17:10:00+00:00,2246.0,2250.5,2244.0,2249.0,7951
2026-07-02 20:10:00,2026-07-02 17:10:00+00:00,2026-07-02 17:20:00+00:00,2249.0,2252.0,2249.0,2251.5,7570
2026-07-02 20:20:00,2026-07-02 17:20:00+00:00,2026-07-02 17:30:00+00:00,2251.5,2252.0,2249.5,2250.5,2507
2026-07-02 20:30:00,2026-07-02 17:30:00+00:00,2026-07-02 17:40:00+00:00,2251.0,2255.0,2250.5,2254.5,7075
2026-07-02 20:40:00,2026-07-02 17:40:00+00:00,2026-07-02 17:50:00+00:00,2254.5,2258.0,2252.0,2256.5,7311
2026-07-02 20:50:00,2026-07-02 17:50:00+00:00,2026-07-02 18:00:00+00:00,2256.5,2262.5,2255.0,2260.5,11526
2026-07-02 21:00:00,2026-07-02 18:00:00+00:00,2026-07-02 18:10:00+00:00,2260.0,2262.0,2258.0,2259.5,8827
2026-07-02 21:10:00,2026-07-02 18:10:00+00:00,2026-07-02 18:20:00+00:00,2259.0,2259.0,2256.5,2256.5,4408
2026-07-02 21:20:00,2026-07-02 18:20:00+00:00,2026-07-02 18:30:00+00:00,2256.5,2257.5,2256.0,2256.0,2185
2026-07-02 21:30:00,2026-07-02 18:30:00+00:00,2026-07-02 18:40:00+00:00,2256.5,2259.5,2256.5,2259.0,3293
2026-07-02 21:40:00,2026-07-02 18:40:00+00:00,2026-07-02 18:50:00+00:00,2258.0,2259.0,2256.0,2257.5,1733
2026-07-02 21:50:00,2026-07-02 18:50:00+00:00,2026-07-02 19:00:00+00:00,2257.5,2260.5,2257.5,2260.0,3165
2026-07-02 22:00:00,2026-07-02 19:00:00+00:00,2026-07-02 19:10:00+00:00,2260.0,2261.0,2254.5,2254.5,3996
2026-07-02 22:10:00,2026-07-02 19:10:00+00:00,2026-07-02 19:20:00+00:00,2255.5,2255.5,2253.0,2254.0,1430
2026-07-02 22:20:00,2026-07-02 19:20:00+00:00,2026-07-02 19:30:00+00:00,2253.0,2254.5,2252.0,2252.5,3908
2026-07-02 22:30:00,2026-07-02 19:30:00+00:00,2026-07-02 19:40:00+00:00,2252.5,2254.0,2251.0,2253.5,2818
2026-07-02 22:40:00,2026-07-02 19:40:00+00:00,2026-07-02 19:50:00+00:00,2253.5,2253.5,2249.0,2249.0,3398
2026-07-02 22:50:00,2026-07-02 19:50:00+00:00,2026-07-02 20:00:00+00:00,2249.0,2250.5,2248.0,2248.0,4412
2026-07-02 23:00:00,2026-07-02 20:00:00+00:00,2026-07-02 20:10:00+00:00,2248.0,2249.5,2245.5,2248.0,8802
2026-07-02 23:10:00,2026-07-02 20:10:00+00:00,2026-07-02 20:20:00+00:00,2248.5,2252.5,2248.5,2250.0,2042
2026-07-02 23:20:00,2026-07-02 20:20:00+00:00,2026-07-02 20:30:00+00:00,2250.5,2250.5,2246.5,2247.5,4258
2026-07-02 23:30:00,2026-07-02 20:30:00+00:00,2026-07-02 20:40:00+00:00,2247.5,2250.0,2247.5,2249.5,1873
2026-07-02 23:40:00,2026-07-02 20:40:00+00:00,2026-07-02 20:50:00+00:00,2249.0,2260.0,2249.0,2257.0,7279
2026-07-03 08:50:00,2026-07-03 05:50:00+00:00,2026-07-03 06:00:00+00:00,2244.0,2244.0,2244.0,2244.0,354
2026-07-03 09:00:00,2026-07-03 06:00:00+00:00,2026-07-03 06:10:00+00:00,2244.5,2254.0,2242.0,2247.5,28694
2026-07-03 09:10:00,2026-07-03 06:10:00+00:00,2026-07-03 06:20:00+00:00,2248.0,2267.0,2245.5,2266.5,16718
2026-07-03 09:20:00,2026-07-03 06:20:00+00:00,2026-07-03 06:30:00+00:00,2266.0,2271.0,2256.0,2257.5,30675
2026-07-03 09:30:00,2026-07-03 06:30:00+00:00,2026-07-03 06:40:00+00:00,2257.0,2262.5,2255.0,2261.5,7645
2026-07-03 09:40:00,2026-07-03 06:40:00+00:00,2026-07-03 06:50:00+00:00,2261.5,2266.0,2257.5,2260.5,8574
2026-07-03 09:50:00,2026-07-03 06:50:00+00:00,2026-07-03 07:00:00+00:00,2260.5,2268.0,2259.0,2262.5,19407
2026-07-03 10:00:00,2026-07-03 07:00:00+00:00,2026-07-03 07:10:00+00:00,2262.0,2264.0,2247.0,2248.0,36164
2026-07-03 10:10:00,2026-07-03 07:10:00+00:00,2026-07-03 07:20:00+00:00,2248.5,2268.0,2248.0,2262.5,26422
2026-07-03 10:20:00,2026-07-03 07:20:00+00:00,2026-07-03 07:30:00+00:00,2262.5,2266.5,2256.5,2260.5,19446
2026-07-03 10:30:00,2026-07-03 07:30:00+00:00,2026-07-03 07:40:00+00:00,2261.0,2262.5,2250.0,2251.0,17268
2026-07-03 10:40:00,2026-07-03 07:40:00+00:00,2026-07-03 07:50:00+00:00,2251.0,2255.0,2221.0,2224.0,104460
2026-07-03 10:50:00,2026-07-03 07:50:00+00:00,2026-07-03 08:00:00+00:00,2224.0,2230.0,2215.5,2223.5,61119
2026-07-03 11:00:00,2026-07-03 08:00:00+00:00,2026-07-03 08:10:00+00:00,2224.0,2232.0,2216.5,2221.5,61439
2026-07-03 11:10:00,2026-07-03 08:10:00+00:00,2026-07-03 08:20:00+00:00,2221.5,2232.5,2220.0,2228.5,29450
2026-07-03 11:20:00,2026-07-03 08:20:00+00:00,2026-07-03 08:30:00+00:00,2229.0,2246.5,2224.0,2235.0,54366
2026-07-03 11:30:00,2026-07-03 08:30:00+00:00,2026-07-03 08:40:00+00:00,2235.5,2236.5,2227.0,2231.5,20493
2026-07-03 11:40:00,2026-07-03 08:40:00+00:00,2026-07-03 08:50:00+00:00,2232.0,2236.0,2228.0,2234.5,12035
2026-07-03 11:50:00,2026-07-03 08:50:00+00:00,2026-07-03 09:00:00+00:00,2235.0,2239.5,2225.0,2228.5,19777
2026-07-03 12:00:00,2026-07-03 09:00:00+00:00,2026-07-03 09:10:00+00:00,2228.5,2237.5,2223.5,2226.0,23568
2026-07-03 12:10:00,2026-07-03 09:10:00+00:00,2026-07-03 09:20:00+00:00,2226.0,2229.0,2220.0,2229.0,15294
2026-07-03 12:20:00,2026-07-03 09:20:00+00:00,2026-07-03 09:30:00+00:00,2229.5,2235.0,2227.5,2231.5,17996
2026-07-03 12:30:00,2026-07-03 09:30:00+00:00,2026-07-03 09:40:00+00:00,2231.5,2237.0,2229.5,2233.5,15078
2026-07-03 12:40:00,2026-07-03 09:40:00+00:00,2026-07-03 09:50:00+00:00,2233.5,2236.0,2229.0,2230.0,12199
2026-07-03 12:50:00,2026-07-03 09:50:00+00:00,2026-07-03 10:00:00+00:00,2231.0,2234.0,2230.0,2232.0,3926
2026-07-03 13:00:00,2026-07-03 10:00:00+00:00,2026-07-03 10:10:00+00:00,2231.5,2233.0,2222.5,2223.0,14340
2026-07-03 13:10:00,2026-07-03 10:10:00+00:00,2026-07-03 10:20:00+00:00,2223.5,2226.0,2218.5,2219.0,17186
2026-07-03 13:20:00,2026-07-03 10:20:00+00:00,2026-07-03 10:30:00+00:00,2219.5,2223.0,2210.5,2218.5,35487
2026-07-03 13:30:00,2026-07-03 10:30:00+00:00,2026-07-03 10:40:00+00:00,2218.0,2227.0,2215.0,2220.5,21916
2026-07-03 13:40:00,2026-07-03 10:40:00+00:00,2026-07-03 10:50:00+00:00,2220.5,2226.5,2217.0,2217.0,13889
2026-07-03 13:50:00,2026-07-03 10:50:00+00:00,2026-07-03 11:00:00+00:00,2217.0,2223.0,2216.5,2222.5,11578
2026-07-03 14:00:00,2026-07-03 11:00:00+00:00,2026-07-03 11:10:00+00:00,2222.0,2222.5,2217.0,2219.5,5416
2026-07-03 14:10:00,2026-07-03 11:10:00+00:00,2026-07-03 11:20:00+00:00,2219.0,2225.5,2217.5,2224.5,11276
2026-07-03 14:20:00,2026-07-03 11:20:00+00:00,2026-07-03 11:30:00+00:00,2224.5,2244.0,2224.0,2240.5,54648
2026-07-03 14:30:00,2026-07-03 11:30:00+00:00,2026-07-03 11:40:00+00:00,2240.5,2259.0,2235.0,2257.0,92801
2026-07-03 14:40:00,2026-07-03 11:40:00+00:00,2026-07-03 11:50:00+00:00,2258.0,2262.5,2244.5,2248.5,76293
2026-07-03 14:50:00,2026-07-03 11:50:00+00:00,2026-07-03 12:00:00+00:00,2248.5,2257.0,2248.5,2251.0,17400
2026-07-03 15:00:00,2026-07-03 12:00:00+00:00,2026-07-03 12:10:00+00:00,2251.5,2255.5,2240.5,2243.0,36351
2026-07-03 15:10:00,2026-07-03 12:10:00+00:00,2026-07-03 12:20:00+00:00,2243.0,2250.0,2241.0,2246.0,21408
2026-07-03 15:20:00,2026-07-03 12:20:00+00:00,2026-07-03 12:30:00+00:00,2246.0,2255.5,2244.0,2253.5,32242
2026-07-03 15:30:00,2026-07-03 12:30:00+00:00,2026-07-03 12:40:00+00:00,2253.5,2258.0,2249.5,2251.0,18863
2026-07-03 15:40:00,2026-07-03 12:40:00+00:00,2026-07-03 12:50:00+00:00,2251.0,2253.0,2244.5,2249.0,17805
2026-07-03 15:50:00,2026-07-03 12:50:00+00:00,2026-07-03 13:00:00+00:00,2249.0,2249.0,2242.5,2246.0,14327
2026-07-03 16:00:00,2026-07-03 13:00:00+00:00,2026-07-03 13:10:00+00:00,2246.0,2250.0,2241.0,2248.0,9501
2026-07-03 16:10:00,2026-07-03 13:10:00+00:00,2026-07-03 13:20:00+00:00,2248.0,2268.0,2245.5,2265.0,48419
2026-07-03 16:20:00,2026-07-03 13:20:00+00:00,2026-07-03 13:30:00+00:00,2265.0,2265.5,2257.5,2258.5,25982
2026-07-03 16:30:00,2026-07-03 13:30:00+00:00,2026-07-03 13:40:00+00:00,2259.0,2259.5,2252.0,2252.5,16369
2026-07-03 16:40:00,2026-07-03 13:40:00+00:00,2026-07-03 13:50:00+00:00,2253.0,2254.5,2248.0,2251.5,11868
2026-07-03 16:50:00,2026-07-03 13:50:00+00:00,2026-07-03 14:00:00+00:00,2251.5,2254.0,2244.0,2246.5,15521
2026-07-03 17:00:00,2026-07-03 14:00:00+00:00,2026-07-03 14:10:00+00:00,2247.0,2250.5,2242.5,2244.0,11008
2026-07-03 17:10:00,2026-07-03 14:10:00+00:00,2026-07-03 14:20:00+00:00,2244.0,2247.0,2243.0,2245.0,4761
2026-07-03 17:20:00,2026-07-03 14:20:00+00:00,2026-07-03 14:30:00+00:00,2244.5,2247.0,2228.5,2233.5,44265
2026-07-03 17:30:00,2026-07-03 14:30:00+00:00,2026-07-03 14:40:00+00:00,2233.5,2243.0,2232.0,2240.0,36950
2026-07-03 17:40:00,2026-07-03 14:40:00+00:00,2026-07-03 14:50:00+00:00,2240.0,2241.5,2235.0,2239.0,8973
2026-07-03 17:50:00,2026-07-03 14:50:00+00:00,2026-07-03 15:00:00+00:00,2238.0,2240.0,2235.0,2239.0,5528
2026-07-03 18:00:00,2026-07-03 15:00:00+00:00,2026-07-03 15:10:00+00:00,2239.5,2250.0,2233.5,2241.0,22544
2026-07-03 18:10:00,2026-07-03 15:10:00+00:00,2026-07-03 15:20:00+00:00,2241.0,2245.5,2240.5,2242.0,9744
2026-07-03 18:20:00,2026-07-03 15:20:00+00:00,2026-07-03 15:30:00+00:00,2242.5,2246.0,2241.0,2243.5,9354
2026-07-03 18:30:00,2026-07-03 15:30:00+00:00,2026-07-03 15:40:00+00:00,2244.0,2245.0,2241.0,2243.5,3782
2026-07-03 18:40:00,2026-07-03 15:40:00+00:00,2026-07-03 15:50:00+00:00,2245.0,2245.5,2241.5,2245.0,4727
2026-07-03 18:50:00,2026-07-03 15:50:00+00:00,2026-07-03 16:00:00+00:00,2245.0,2248.0,2237.5,2239.0,19823
2026-07-03 19:00:00,2026-07-03 16:00:00+00:00,2026-07-03 16:10:00+00:00,2240.0,2244.5,2240.0,2241.5,3830
2026-07-03 19:10:00,2026-07-03 16:10:00+00:00,2026-07-03 16:20:00+00:00,2242.0,2243.5,2239.0,2241.5,3937
2026-07-03 19:20:00,2026-07-03 16:20:00+00:00,2026-07-03 16:30:00+00:00,2242.5,2244.0,2241.0,2242.5,3722
2026-07-03 19:30:00,2026-07-03 16:30:00+00:00,2026-07-03 16:40:00+00:00,2242.5,2243.0,2237.5,2238.0,7105
2026-07-03 19:40:00,2026-07-03 16:40:00+00:00,2026-07-03 16:50:00+00:00,2238.0,2239.0,2237.0,2238.0,4636
2026-07-03 19:50:00,2026-07-03 16:50:00+00:00,2026-07-03 17:00:00+00:00,2238.0,2239.0,2235.5,2237.5,4758
2026-07-03 20:00:00,2026-07-03 17:00:00+00:00,2026-07-03 17:10:00+00:00,2238.0,2241.5,2237.0,2241.5,3945
2026-07-03 20:10:00,2026-07-03 17:10:00+00:00,2026-07-03 17:20:00+00:00,2241.0,2242.0,2239.5,2241.0,2845
2026-07-03 20:20:00,2026-07-03 17:20:00+00:00,2026-07-03 17:30:00+00:00,2241.0,2242.0,2239.0,2239.0,1488
2026-07-03 20:30:00,2026-07-03 17:30:00+00:00,2026-07-03 17:40:00+00:00,2239.0,2240.0,2238.0,2239.5,1231
2026-07-03 20:40:00,2026-07-03 17:40:00+00:00,2026-07-03 17:50:00+00:00,2240.0,2240.5,2239.5,2240.0,1640
2026-07-03 20:50:00,2026-07-03 17:50:00+00:00,2026-07-03 18:00:00+00:00,2240.5,2240.5,2238.5,2239.5,792
2026-07-03 21:00:00,2026-07-03 18:00:00+00:00,2026-07-03 18:10:00+00:00,2239.0,2240.0,2236.5,2237.0,4633
2026-07-03 21:10:00,2026-07-03 18:10:00+00:00,2026-07-03 18:20:00+00:00,2237.0,2237.5,2234.0,2235.0,8905
2026-07-03 21:20:00,2026-07-03 18:20:00+00:00,2026-07-03 18:30:00+00:00,2235.0,2235.0,2229.0,2230.5,10768
2026-07-03 21:30:00,2026-07-03 18:30:00+00:00,2026-07-03 18:40:00+00:00,2230.5,2231.0,2226.5,2231.0,7512
2026-07-03 21:40:00,2026-07-03 18:40:00+00:00,2026-07-03 18:50:00+00:00,2231.0,2235.0,2231.0,2232.5,5288
2026-07-03 21:50:00,2026-07-03 18:50:00+00:00,2026-07-03 19:00:00+00:00,2232.5,2234.5,2231.5,2234.0,2242
2026-07-03 22:00:00,2026-07-03 19:00:00+00:00,2026-07-03 19:10:00+00:00,2234.0,2234.0,2231.0,2231.5,3117
2026-07-03 22:10:00,2026-07-03 19:10:00+00:00,2026-07-03 19:20:00+00:00,2231.5,2232.0,2231.0,2231.5,670
2026-07-03 22:20:00,2026-07-03 19:20:00+00:00,2026-07-03 19:30:00+00:00,2231.5,2234.0,2231.5,2233.0,1336
2026-07-03 22:30:00,2026-07-03 19:30:00+00:00,2026-07-03 19:40:00+00:00,2233.0,2233.0,2231.5,2233.0,1023
2026-07-03 22:40:00,2026-07-03 19:40:00+00:00,2026-07-03 19:50:00+00:00,2233.0,2235.5,2232.5,2233.0,3237
2026-07-03 22:50:00,2026-07-03 19:50:00+00:00,2026-07-03 20:00:00+00:00,2233.5,2234.0,2232.5,2233.0,1373
2026-07-03 23:00:00,2026-07-03 20:00:00+00:00,2026-07-03 20:10:00+00:00,2233.5,2235.0,2233.0,2234.0,1945
2026-07-03 23:10:00,2026-07-03 20:10:00+00:00,2026-07-03 20:20:00+00:00,2234.5,2235.0,2233.0,2234.5,1394
2026-07-03 23:20:00,2026-07-03 20:20:00+00:00,2026-07-03 20:30:00+00:00,2233.5,2235.5,2232.5,2235.0,3116
2026-07-03 23:30:00,2026-07-03 20:30:00+00:00,2026-07-03 20:40:00+00:00,2235.5,2236.0,2235.0,2235.5,1460
2026-07-03 23:40:00,2026-07-03 20:40:00+00:00,2026-07-03 20:50:00+00:00,2235.5,2236.5,2233.5,2234.5,4122
2026-07-04 10:00:00,2026-07-04 07:00:00+00:00,2026-07-04 07:10:00+00:00,2234.0,2237.5,2230.0,2232.0,2814
2026-07-04 10:10:00,2026-07-04 07:10:00+00:00,2026-07-04 07:20:00+00:00,2231.5,2231.5,2229.0,2229.5,2515
2026-07-04 10:20:00,2026-07-04 07:20:00+00:00,2026-07-04 07:30:00+00:00,2229.5,2229.5,2225.0,2225.5,3829
2026-07-04 10:30:00,2026-07-04 07:30:00+00:00,2026-07-04 07:40:00+00:00,2225.0,2227.5,2223.5,2227.5,2616
2026-07-04 10:40:00,2026-07-04 07:40:00+00:00,2026-07-04 07:50:00+00:00,2226.5,2226.5,2224.5,2226.5,1181
2026-07-04 10:50:00,2026-07-04 07:50:00+00:00,2026-07-04 08:00:00+00:00,2226.5,2228.5,2226.0,2226.5,1071
2026-07-04 11:00:00,2026-07-04 08:00:00+00:00,2026-07-04 08:10:00+00:00,2226.0,2226.5,2224.5,2225.5,2085
2026-07-04 11:10:00,2026-07-04 08:10:00+00:00,2026-07-04 08:20:00+00:00,2225.0,2225.5,2223.5,2225.0,867
2026-07-04 11:20:00,2026-07-04 08:20:00+00:00,2026-07-04 08:30:00+00:00,2225.0,2225.5,2224.0,2225.0,406
2026-07-04 11:30:00,2026-07-04 08:30:00+00:00,2026-07-04 08:40:00+00:00,2225.5,2225.5,2224.0,2224.5,1004
2026-07-04 11:40:00,2026-07-04 08:40:00+00:00,2026-07-04 08:50:00+00:00,2224.0,2224.0,2223.0,2223.5,1000
2026-07-04 11:50:00,2026-07-04 08:50:00+00:00,2026-07-04 09:00:00+00:00,2223.0,2223.5,2222.5,2223.0,805
2026-07-04 12:00:00,2026-07-04 09:00:00+00:00,2026-07-04 09:10:00+00:00,2223.0,2223.5,2222.0,2223.0,906
2026-07-04 12:10:00,2026-07-04 09:10:00+00:00,2026-07-04 09:20:00+00:00,2222.5,2223.5,2222.0,2223.5,964
2026-07-04 12:20:00,2026-07-04 09:20:00+00:00,2026-07-04 09:30:00+00:00,2223.5,2224.0,2223.0,2224.0,304
2026-07-04 12:30:00,2026-07-04 09:30:00+00:00,2026-07-04 09:40:00+00:00,2223.0,2224.0,2222.5,2222.5,807
2026-07-04 12:40:00,2026-07-04 09:40:00+00:00,2026-07-04 09:50:00+00:00,2223.5,2225.0,2223.5,2224.5,630
2026-07-04 12:50:00,2026-07-04 09:50:00+00:00,2026-07-04 10:00:00+00:00,2224.0,2224.5,2224.0,2224.0,317
2026-07-04 13:00:00,2026-07-04 10:00:00+00:00,2026-07-04 10:10:00+00:00,2225.0,2225.0,2223.0,2224.0,832
2026-07-04 13:10:00,2026-07-04 10:10:00+00:00,2026-07-04 10:20:00+00:00,2223.0,2224.0,2222.5,2222.5,1234
2026-07-04 13:20:00,2026-07-04 10:20:00+00:00,2026-07-04 10:30:00+00:00,2223.5,2224.5,2222.0,2224.0,2212
2026-07-04 13:30:00,2026-07-04 10:30:00+00:00,2026-07-04 10:40:00+00:00,2224.0,2227.5,2223.5,2226.0,5205
2026-07-04 13:40:00,2026-07-04 10:40:00+00:00,2026-07-04 10:50:00+00:00,2226.0,2226.0,2225.5,2225.5,140
2026-07-04 13:50:00,2026-07-04 10:50:00+00:00,2026-07-04 11:00:00+00:00,2225.5,2227.0,2225.5,2225.5,404
2026-07-04 14:00:00,2026-07-04 11:00:00+00:00,2026-07-04 11:10:00+00:00,2225.5,2227.0,2225.5,2226.0,261
2026-07-04 14:10:00,2026-07-04 11:10:00+00:00,2026-07-04 11:20:00+00:00,2226.0,2227.0,2226.0,2226.0,225
2026-07-04 14:20:00,2026-07-04 11:20:00+00:00,2026-07-04 11:30:00+00:00,2226.5,2227.5,2226.0,2226.0,345
2026-07-04 14:30:00,2026-07-04 11:30:00+00:00,2026-07-04 11:40:00+00:00,2226.0,2227.0,2225.5,2226.5,762
2026-07-04 14:40:00,2026-07-04 11:40:00+00:00,2026-07-04 11:50:00+00:00,2226.5,2226.5,2225.5,2226.5,176
2026-07-04 14:50:00,2026-07-04 11:50:00+00:00,2026-07-04 12:00:00+00:00,2226.5,2227.0,2226.0,2226.5,218
2026-07-04 15:00:00,2026-07-04 12:00:00+00:00,2026-07-04 12:10:00+00:00,2227.0,2227.5,2222.5,2224.5,4859
2026-07-04 15:10:00,2026-07-04 12:10:00+00:00,2026-07-04 12:20:00+00:00,2224.0,2224.5,2223.0,2223.5,464
2026-07-04 15:20:00,2026-07-04 12:20:00+00:00,2026-07-04 12:30:00+00:00,2223.5,2225.5,2223.5,2225.5,198
2026-07-04 15:30:00,2026-07-04 12:30:00+00:00,2026-07-04 12:40:00+00:00,2225.5,2227.0,2224.5,2227.0,336
2026-07-04 15:40:00,2026-07-04 12:40:00+00:00,2026-07-04 12:50:00+00:00,2226.0,2227.0,2226.0,2227.0,91
2026-07-04 15:50:00,2026-07-04 12:50:00+00:00,2026-07-04 13:00:00+00:00,2227.0,2227.0,2226.5,2227.0,102
2026-07-04 16:00:00,2026-07-04 13:00:00+00:00,2026-07-04 13:10:00+00:00,2226.5,2227.5,2226.5,2227.0,646
2026-07-04 16:10:00,2026-07-04 13:10:00+00:00,2026-07-04 13:20:00+00:00,2227.0,2227.5,2225.5,2225.5,275
2026-07-04 16:20:00,2026-07-04 13:20:00+00:00,2026-07-04 13:30:00+00:00,2225.5,2226.0,2225.0,2225.0,113
2026-07-04 16:30:00,2026-07-04 13:30:00+00:00,2026-07-04 13:40:00+00:00,2225.0,2226.0,2224.5,2226.0,22
2026-07-04 16:40:00,2026-07-04 13:40:00+00:00,2026-07-04 13:50:00+00:00,2226.5,2226.5,2225.5,2225.5,22
2026-07-04 16:50:00,2026-07-04 13:50:00+00:00,2026-07-04 14:00:00+00:00,2226.5,2226.5,2225.0,2225.5,68
2026-07-04 17:00:00,2026-07-04 14:00:00+00:00,2026-07-04 14:10:00+00:00,2225.5,2225.5,2222.0,2223.0,5943
2026-07-04 17:10:00,2026-07-04 14:10:00+00:00,2026-07-04 14:20:00+00:00,2223.0,2224.0,2222.5,2224.0,810
2026-07-04 17:20:00,2026-07-04 14:20:00+00:00,2026-07-04 14:30:00+00:00,2224.0,2225.0,2224.0,2225.0,612
2026-07-04 17:30:00,2026-07-04 14:30:00+00:00,2026-07-04 14:40:00+00:00,2225.0,2226.5,2225.0,2226.0,1565
2026-07-04 17:40:00,2026-07-04 14:40:00+00:00,2026-07-04 14:50:00+00:00,2226.0,2226.5,2225.5,2226.0,271
2026-07-04 17:50:00,2026-07-04 14:50:00+00:00,2026-07-04 15:00:00+00:00,2226.5,2227.5,2226.0,2227.5,1750
2026-07-04 18:00:00,2026-07-04 15:00:00+00:00,2026-07-04 15:10:00+00:00,2227.5,2227.5,2226.0,2226.5,316
2026-07-04 18:10:00,2026-07-04 15:10:00+00:00,2026-07-04 15:20:00+00:00,2226.0,2226.5,2225.5,2226.5,124
2026-07-04 18:20:00,2026-07-04 15:20:00+00:00,2026-07-04 15:30:00+00:00,2226.5,2228.0,2226.0,2226.0,547
2026-07-04 18:30:00,2026-07-04 15:30:00+00:00,2026-07-04 15:40:00+00:00,2226.0,2226.5,2225.0,2225.5,94
2026-07-04 18:40:00,2026-07-04 15:40:00+00:00,2026-07-04 15:50:00+00:00,2225.5,2227.5,2225.5,2226.0,405
2026-07-04 18:50:00,2026-07-04 15:50:00+00:00,2026-07-04 16:00:00+00:00,2227.5,2227.5,2226.0,2226.0,185
2026-07-05 09:50:00,2026-07-05 06:50:00+00:00,2026-07-05 07:00:00+00:00,2237.0,2237.0,2237.0,2237.0,2079
2026-07-05 10:00:00,2026-07-05 07:00:00+00:00,2026-07-05 07:10:00+00:00,2237.5,2263.5,2233.0,2253.5,29840
2026-07-05 10:10:00,2026-07-05 07:10:00+00:00,2026-07-05 07:20:00+00:00,2253.0,2255.5,2250.0,2252.5,5869
2026-07-05 10:20:00,2026-07-05 07:20:00+00:00,2026-07-05 07:30:00+00:00,2252.5,2258.5,2252.5,2254.5,12379
2026-07-05 10:30:00,2026-07-05 07:30:00+00:00,2026-07-05 07:40:00+00:00,2254.5,2259.5,2253.0,2258.0,8467
2026-07-05 10:40:00,2026-07-05 07:40:00+00:00,2026-07-05 07:50:00+00:00,2258.0,2259.0,2251.5,2252.0,4182
2026-07-05 10:50:00,2026-07-05 07:50:00+00:00,2026-07-05 08:00:00+00:00,2252.0,2253.0,2252.0,2252.5,2558
2026-07-05 11:00:00,2026-07-05 08:00:00+00:00,2026-07-05 08:10:00+00:00,2252.0,2253.0,2250.0,2250.0,3146
2026-07-05 11:10:00,2026-07-05 08:10:00+00:00,2026-07-05 08:20:00+00:00,2250.0,2251.0,2244.0,2247.5,11501
2026-07-05 11:20:00,2026-07-05 08:20:00+00:00,2026-07-05 08:30:00+00:00,2247.5,2250.5,2247.0,2250.0,1872
2026-07-05 11:30:00,2026-07-05 08:30:00+00:00,2026-07-05 08:40:00+00:00,2250.0,2250.5,2249.0,2249.5,828
2026-07-05 11:40:00,2026-07-05 08:40:00+00:00,2026-07-05 08:50:00+00:00,2249.5,2250.0,2245.5,2247.5,2402
2026-07-05 11:50:00,2026-07-05 08:50:00+00:00,2026-07-05 09:00:00+00:00,2247.0,2247.5,2246.0,2246.0,1043
2026-07-05 12:00:00,2026-07-05 09:00:00+00:00,2026-07-05 09:10:00+00:00,2246.0,2250.0,2246.0,2249.0,2887
2026-07-05 12:10:00,2026-07-05 09:10:00+00:00,2026-07-05 09:20:00+00:00,2249.0,2249.5,2247.5,2249.5,556
2026-07-05 12:20:00,2026-07-05 09:20:00+00:00,2026-07-05 09:30:00+00:00,2248.0,2249.5,2248.0,2248.5,768
2026-07-05 12:30:00,2026-07-05 09:30:00+00:00,2026-07-05 09:40:00+00:00,2248.5,2249.5,2248.0,2248.0,622
2026-07-05 12:40:00,2026-07-05 09:40:00+00:00,2026-07-05 09:50:00+00:00,2248.0,2249.0,2247.0,2247.5,726
2026-07-05 12:50:00,2026-07-05 09:50:00+00:00,2026-07-05 10:00:00+00:00,2248.0,2248.5,2247.0,2247.0,209
2026-07-05 13:00:00,2026-07-05 10:00:00+00:00,2026-07-05 10:10:00+00:00,2247.0,2247.5,2247.0,2247.5,362
2026-07-05 13:10:00,2026-07-05 10:10:00+00:00,2026-07-05 10:20:00+00:00,2247.5,2247.5,2246.0,2246.0,560
2026-07-05 13:20:00,2026-07-05 10:20:00+00:00,2026-07-05 10:30:00+00:00,2246.5,2247.5,2246.0,2246.0,400
2026-07-05 13:30:00,2026-07-05 10:30:00+00:00,2026-07-05 10:40:00+00:00,2246.5,2248.5,2246.0,2248.0,696
2026-07-05 13:40:00,2026-07-05 10:40:00+00:00,2026-07-05 10:50:00+00:00,2248.0,2248.5,2247.0,2247.0,378
2026-07-05 13:50:00,2026-07-05 10:50:00+00:00,2026-07-05 11:00:00+00:00,2247.0,2248.0,2246.5,2246.5,366
2026-07-05 14:00:00,2026-07-05 11:00:00+00:00,2026-07-05 11:10:00+00:00,2246.5,2247.0,2246.0,2246.5,943
2026-07-05 14:10:00,2026-07-05 11:10:00+00:00,2026-07-05 11:20:00+00:00,2246.5,2247.0,2246.0,2247.0,243
2026-07-05 14:20:00,2026-07-05 11:20:00+00:00,2026-07-05 11:30:00+00:00,2246.0,2247.0,2245.5,2246.0,1313
2026-07-05 14:30:00,2026-07-05 11:30:00+00:00,2026-07-05 11:40:00+00:00,2246.5,2246.5,2245.0,2246.5,397
2026-07-05 14:40:00,2026-07-05 11:40:00+00:00,2026-07-05 11:50:00+00:00,2246.5,2248.5,2245.5,2247.0,1895
2026-07-05 14:50:00,2026-07-05 11:50:00+00:00,2026-07-05 12:00:00+00:00,2247.0,2249.5,2247.0,2249.0,815
2026-07-05 15:00:00,2026-07-05 12:00:00+00:00,2026-07-05 12:10:00+00:00,2249.0,2249.5,2248.0,2249.0,479
2026-07-05 15:10:00,2026-07-05 12:10:00+00:00,2026-07-05 12:20:00+00:00,2248.5,2249.0,2248.0,2248.5,182
2026-07-05 15:20:00,2026-07-05 12:20:00+00:00,2026-07-05 12:30:00+00:00,2247.5,2249.0,2247.5,2248.0,306
2026-07-05 15:30:00,2026-07-05 12:30:00+00:00,2026-07-05 12:40:00+00:00,2248.5,2249.0,2248.0,2248.0,271
2026-07-05 15:40:00,2026-07-05 12:40:00+00:00,2026-07-05 12:50:00+00:00,2249.0,2249.0,2247.0,2247.0,508
2026-07-05 15:50:00,2026-07-05 12:50:00+00:00,2026-07-05 13:00:00+00:00,2247.0,2248.5,2246.5,2247.0,213
2026-07-05 16:00:00,2026-07-05 13:00:00+00:00,2026-07-05 13:10:00+00:00,2247.0,2250.0,2246.5,2250.0,1637
2026-07-05 16:10:00,2026-07-05 13:10:00+00:00,2026-07-05 13:20:00+00:00,2250.0,2251.0,2249.5,2250.0,1647
2026-07-05 16:20:00,2026-07-05 13:20:00+00:00,2026-07-05 13:30:00+00:00,2250.0,2251.0,2249.0,2250.0,353
2026-07-05 16:30:00,2026-07-05 13:30:00+00:00,2026-07-05 13:40:00+00:00,2250.5,2251.5,2250.5,2251.0,199
2026-07-05 16:40:00,2026-07-05 13:40:00+00:00,2026-07-05 13:50:00+00:00,2251.0,2251.5,2250.0,2251.0,991
2026-07-05 16:50:00,2026-07-05 13:50:00+00:00,2026-07-05 14:00:00+00:00,2251.5,2251.5,2251.0,2251.0,428
2026-07-05 17:00:00,2026-07-05 14:00:00+00:00,2026-07-05 14:10:00+00:00,2251.0,2251.5,2250.5,2251.0,456
2026-07-05 17:10:00,2026-07-05 14:10:00+00:00,2026-07-05 14:20:00+00:00,2250.5,2251.0,2250.5,2250.5,105
2026-07-05 17:20:00,2026-07-05 14:20:00+00:00,2026-07-05 14:30:00+00:00,2250.5,2250.5,2249.5,2249.5,666
2026-07-05 17:30:00,2026-07-05 14:30:00+00:00,2026-07-05 14:40:00+00:00,2250.0,2250.0,2249.0,2250.0,696
2026-07-05 17:40:00,2026-07-05 14:40:00+00:00,2026-07-05 14:50:00+00:00,2250.0,2251.5,2249.5,2251.0,1572
2026-07-05 17:50:00,2026-07-05 14:50:00+00:00,2026-07-05 15:00:00+00:00,2251.5,2252.5,2251.0,2252.0,991
2026-07-05 18:00:00,2026-07-05 15:00:00+00:00,2026-07-05 15:10:00+00:00,2252.0,2252.5,2251.5,2251.5,964
2026-07-05 18:10:00,2026-07-05 15:10:00+00:00,2026-07-05 15:20:00+00:00,2251.5,2252.0,2251.0,2251.5,425
2026-07-05 18:20:00,2026-07-05 15:20:00+00:00,2026-07-05 15:30:00+00:00,2252.0,2253.0,2251.5,2253.0,900
2026-07-05 18:30:00,2026-07-05 15:30:00+00:00,2026-07-05 15:40:00+00:00,2253.0,2253.5,2251.5,2253.0,794
2026-07-05 18:40:00,2026-07-05 15:40:00+00:00,2026-07-05 15:50:00+00:00,2253.0,2254.5,2252.0,2254.5,2646
2026-07-05 18:50:00,2026-07-05 15:50:00+00:00,2026-07-05 16:00:00+00:00,2254.5,2255.5,2250.5,2254.0,2408
2026-07-06 08:50:00,2026-07-06 05:50:00+00:00,2026-07-06 06:00:00+00:00,2248.5,2248.5,2248.5,2248.5,522
2026-07-06 09:00:00,2026-07-06 06:00:00+00:00,2026-07-06 06:10:00+00:00,2248.5,2251.5,2238.0,2238.0,23691
2026-07-06 09:10:00,2026-07-06 06:10:00+00:00,2026-07-06 06:20:00+00:00,2238.0,2243.0,2232.5,2241.5,18531
2026-07-06 09:20:00,2026-07-06 06:20:00+00:00,2026-07-06 06:30:00+00:00,2241.5,2244.5,2237.0,2242.5,13120
2026-07-06 09:30:00,2026-07-06 06:30:00+00:00,2026-07-06 06:40:00+00:00,2242.0,2244.5,2236.0,2241.0,10323
2026-07-06 09:40:00,2026-07-06 06:40:00+00:00,2026-07-06 06:50:00+00:00,2240.5,2247.5,2240.0,2241.5,14335
2026-07-06 09:50:00,2026-07-06 06:50:00+00:00,2026-07-06 07:00:00+00:00,2241.0,2241.5,2235.5,2238.0,10759
2026-07-06 10:00:00,2026-07-06 07:00:00+00:00,2026-07-06 07:10:00+00:00,2239.0,2239.5,2231.5,2234.5,15194
2026-07-06 10:10:00,2026-07-06 07:10:00+00:00,2026-07-06 07:20:00+00:00,2234.5,2244.0,2234.0,2240.5,30870
2026-07-06 10:20:00,2026-07-06 07:20:00+00:00,2026-07-06 07:30:00+00:00,2241.0,2241.0,2234.5,2238.0,9164
2026-07-06 10:30:00,2026-07-06 07:30:00+00:00,2026-07-06 07:40:00+00:00,2238.0,2241.0,2233.5,2235.5,9910
2026-07-06 10:40:00,2026-07-06 07:40:00+00:00,2026-07-06 07:50:00+00:00,2235.0,2243.5,2234.0,2242.5,15532
2026-07-06 10:50:00,2026-07-06 07:50:00+00:00,2026-07-06 08:00:00+00:00,2242.5,2247.5,2238.0,2240.0,20736
2026-07-06 11:00:00,2026-07-06 08:00:00+00:00,2026-07-06 08:10:00+00:00,2240.0,2259.0,2239.5,2257.0,42260
2026-07-06 11:10:00,2026-07-06 08:10:00+00:00,2026-07-06 08:20:00+00:00,2256.5,2262.0,2250.5,2252.5,29499
2026-07-06 11:20:00,2026-07-06 08:20:00+00:00,2026-07-06 08:30:00+00:00,2253.0,2259.0,2250.5,2253.0,10656
2026-07-06 11:30:00,2026-07-06 08:30:00+00:00,2026-07-06 08:40:00+00:00,2253.5,2255.5,2248.0,2249.0,12908
2026-07-06 11:40:00,2026-07-06 08:40:00+00:00,2026-07-06 08:50:00+00:00,2249.0,2252.5,2248.5,2250.0,7040
2026-07-06 11:50:00,2026-07-06 08:50:00+00:00,2026-07-06 09:00:00+00:00,2250.0,2251.5,2246.0,2251.0,7508
2026-07-06 12:00:00,2026-07-06 09:00:00+00:00,2026-07-06 09:10:00+00:00,2251.5,2253.5,2245.5,2248.5,12762
2026-07-06 12:10:00,2026-07-06 09:10:00+00:00,2026-07-06 09:20:00+00:00,2248.5,2251.5,2244.0,2247.0,7520
2026-07-06 12:20:00,2026-07-06 09:20:00+00:00,2026-07-06 09:30:00+00:00,2247.5,2248.0,2240.5,2242.5,11137
2026-07-06 12:30:00,2026-07-06 09:30:00+00:00,2026-07-06 09:40:00+00:00,2242.0,2244.5,2238.0,2238.5,9194
2026-07-06 12:40:00,2026-07-06 09:40:00+00:00,2026-07-06 09:50:00+00:00,2239.0,2243.0,2236.0,2241.0,12346
2026-07-06 12:50:00,2026-07-06 09:50:00+00:00,2026-07-06 10:00:00+00:00,2241.0,2242.5,2238.5,2239.5,3282
2026-07-06 13:00:00,2026-07-06 10:00:00+00:00,2026-07-06 10:10:00+00:00,2239.5,2244.0,2235.5,2238.5,11035
2026-07-06 13:10:00,2026-07-06 10:10:00+00:00,2026-07-06 10:20:00+00:00,2238.0,2241.5,2236.5,2237.5,8441
2026-07-06 13:20:00,2026-07-06 10:20:00+00:00,2026-07-06 10:30:00+00:00,2237.5,2242.0,2236.0,2237.5,6375
2026-07-06 13:30:00,2026-07-06 10:30:00+00:00,2026-07-06 10:40:00+00:00,2237.0,2238.5,2230.5,2236.0,22912
2026-07-06 13:40:00,2026-07-06 10:40:00+00:00,2026-07-06 10:50:00+00:00,2236.0,2238.5,2235.5,2237.0,5943
2026-07-06 13:50:00,2026-07-06 10:50:00+00:00,2026-07-06 11:00:00+00:00,2237.5,2243.0,2236.0,2241.5,11370
2026-07-06 14:00:00,2026-07-06 11:00:00+00:00,2026-07-06 11:10:00+00:00,2241.5,2250.0,2240.5,2246.5,20475
2026-07-06 14:10:00,2026-07-06 11:10:00+00:00,2026-07-06 11:20:00+00:00,2246.0,2247.0,2234.0,2238.0,20462
2026-07-06 14:20:00,2026-07-06 11:20:00+00:00,2026-07-06 11:30:00+00:00,2237.5,2238.0,2235.0,2237.5,5376
2026-07-06 14:30:00,2026-07-06 11:30:00+00:00,2026-07-06 11:40:00+00:00,2237.0,2240.5,2237.0,2238.5,13761
2026-07-06 14:40:00,2026-07-06 11:40:00+00:00,2026-07-06 11:50:00+00:00,2238.5,2239.5,2236.5,2238.0,4862
2026-07-06 14:50:00,2026-07-06 11:50:00+00:00,2026-07-06 12:00:00+00:00,2239.0,2241.5,2238.0,2238.0,6573
2026-07-06 15:00:00,2026-07-06 12:00:00+00:00,2026-07-06 12:10:00+00:00,2238.0,2238.5,2233.5,2236.0,8799
2026-07-06 15:10:00,2026-07-06 12:10:00+00:00,2026-07-06 12:20:00+00:00,2236.0,2237.5,2225.0,2226.0,25455
2026-07-06 15:20:00,2026-07-06 12:20:00+00:00,2026-07-06 12:30:00+00:00,2226.5,2228.5,2221.0,2226.5,38690
2026-07-06 15:30:00,2026-07-06 12:30:00+00:00,2026-07-06 12:40:00+00:00,2225.5,2227.0,2223.5,2226.0,7691
2026-07-06 15:40:00,2026-07-06 12:40:00+00:00,2026-07-06 12:50:00+00:00,2226.0,2226.5,2217.0,2224.0,34381
2026-07-06 15:50:00,2026-07-06 12:50:00+00:00,2026-07-06 13:00:00+00:00,2224.0,2224.5,2211.5,2212.0,33807
2026-07-06 16:00:00,2026-07-06 13:00:00+00:00,2026-07-06 13:10:00+00:00,2211.5,2212.0,2201.0,2206.0,79034
2026-07-06 16:10:00,2026-07-06 13:10:00+00:00,2026-07-06 13:20:00+00:00,2205.0,2217.0,2202.5,2208.5,57858
2026-07-06 16:20:00,2026-07-06 13:20:00+00:00,2026-07-06 13:30:00+00:00,2207.5,2212.0,2203.0,2204.5,20389
2026-07-06 16:30:00,2026-07-06 13:30:00+00:00,2026-07-06 13:40:00+00:00,2204.0,2207.0,2187.0,2194.5,92113
2026-07-06 16:40:00,2026-07-06 13:40:00+00:00,2026-07-06 13:50:00+00:00,2194.0,2194.5,2177.5,2177.5,97897
2026-07-06 16:50:00,2026-07-06 13:50:00+00:00,2026-07-06 14:00:00+00:00,2177.0,2183.5,2165.5,2174.5,119924
2026-07-06 17:00:00,2026-07-06 14:00:00+00:00,2026-07-06 14:10:00+00:00,2175.0,2202.0,2173.0,2200.0,108831
2026-07-06 17:10:00,2026-07-06 14:10:00+00:00,2026-07-06 14:20:00+00:00,2200.5,2202.0,2190.0,2198.0,46902
2026-07-06 17:20:00,2026-07-06 14:20:00+00:00,2026-07-06 14:30:00+00:00,2198.0,2212.5,2192.5,2206.0,47895
2026-07-06 17:30:00,2026-07-06 14:30:00+00:00,2026-07-06 14:40:00+00:00,2206.0,2209.0,2186.5,2188.0,46267
2026-07-06 17:40:00,2026-07-06 14:40:00+00:00,2026-07-06 14:50:00+00:00,2188.0,2200.0,2187.0,2194.0,28383
2026-07-06 17:50:00,2026-07-06 14:50:00+00:00,2026-07-06 15:00:00+00:00,2194.5,2198.0,2189.5,2189.5,16227
2026-07-06 18:00:00,2026-07-06 15:00:00+00:00,2026-07-06 15:10:00+00:00,2190.0,2204.5,2188.0,2199.5,23072
2026-07-06 18:10:00,2026-07-06 15:10:00+00:00,2026-07-06 15:20:00+00:00,2199.0,2204.0,2192.5,2193.0,12763
2026-07-06 18:20:00,2026-07-06 15:20:00+00:00,2026-07-06 15:30:00+00:00,2193.0,2194.0,2189.0,2192.0,14889
2026-07-06 18:30:00,2026-07-06 15:30:00+00:00,2026-07-06 15:40:00+00:00,2191.5,2196.0,2189.5,2194.5,14136
2026-07-06 18:40:00,2026-07-06 15:40:00+00:00,2026-07-06 15:50:00+00:00,2194.5,2198.5,2191.5,2192.5,7951
2026-07-06 18:50:00,2026-07-06 15:50:00+00:00,2026-07-06 16:00:00+00:00,2192.0,2198.5,2191.5,2196.5,10888
2026-07-06 19:00:00,2026-07-06 16:00:00+00:00,2026-07-06 16:10:00+00:00,2196.5,2200.5,2195.0,2195.5,6946
2026-07-06 19:10:00,2026-07-06 16:10:00+00:00,2026-07-06 16:20:00+00:00,2195.5,2196.5,2193.0,2196.0,3786
2026-07-06 19:20:00,2026-07-06 16:20:00+00:00,2026-07-06 16:30:00+00:00,2196.0,2198.0,2193.5,2194.5,4547
2026-07-06 19:30:00,2026-07-06 16:30:00+00:00,2026-07-06 16:40:00+00:00,2194.5,2194.5,2190.0,2192.5,6825
2026-07-06 19:40:00,2026-07-06 16:40:00+00:00,2026-07-06 16:50:00+00:00,2193.5,2198.0,2193.0,2194.0,4588
2026-07-06 19:50:00,2026-07-06 16:50:00+00:00,2026-07-06 17:00:00+00:00,2194.0,2195.5,2192.5,2195.5,6500
2026-07-06 20:00:00,2026-07-06 17:00:00+00:00,2026-07-06 17:10:00+00:00,2195.0,2197.5,2194.0,2195.5,2512
2026-07-06 20:10:00,2026-07-06 17:10:00+00:00,2026-07-06 17:20:00+00:00,2196.0,2197.0,2183.0,2184.5,21669
2026-07-06 20:20:00,2026-07-06 17:20:00+00:00,2026-07-06 17:30:00+00:00,2184.0,2189.0,2183.0,2188.5,9499
2026-07-06 20:30:00,2026-07-06 17:30:00+00:00,2026-07-06 17:40:00+00:00,2188.5,2189.5,2186.0,2189.0,5704
2026-07-06 20:40:00,2026-07-06 17:40:00+00:00,2026-07-06 17:50:00+00:00,2189.0,2190.0,2185.0,2185.0,4534
2026-07-06 20:50:00,2026-07-06 17:50:00+00:00,2026-07-06 18:00:00+00:00,2185.5,2187.0,2183.5,2184.5,4164
2026-07-06 21:00:00,2026-07-06 18:00:00+00:00,2026-07-06 18:10:00+00:00,2185.5,2187.5,2180.5,2183.0,5455
2026-07-06 21:10:00,2026-07-06 18:10:00+00:00,2026-07-06 18:20:00+00:00,2182.0,2185.5,2182.0,2184.0,5037
2026-07-06 21:20:00,2026-07-06 18:20:00+00:00,2026-07-06 18:30:00+00:00,2184.0,2185.5,2181.0,2185.5,6549
2026-07-06 21:30:00,2026-07-06 18:30:00+00:00,2026-07-06 18:40:00+00:00,2185.0,2186.5,2184.0,2186.5,3003
2026-07-06 21:40:00,2026-07-06 18:40:00+00:00,2026-07-06 18:50:00+00:00,2186.5,2187.0,2183.5,2185.0,1980
2026-07-06 21:50:00,2026-07-06 18:50:00+00:00,2026-07-06 19:00:00+00:00,2185.0,2185.5,2184.0,2185.0,1408
2026-07-06 22:00:00,2026-07-06 19:00:00+00:00,2026-07-06 19:10:00+00:00,2185.0,2187.5,2184.5,2185.5,2646
2026-07-06 22:10:00,2026-07-06 19:10:00+00:00,2026-07-06 19:20:00+00:00,2185.5,2188.5,2185.5,2188.5,3572
2026-07-06 22:20:00,2026-07-06 19:20:00+00:00,2026-07-06 19:30:00+00:00,2188.5,2192.5,2187.5,2192.0,4392
2026-07-06 22:30:00,2026-07-06 19:30:00+00:00,2026-07-06 19:40:00+00:00,2192.0,2195.5,2191.0,2195.5,11775
2026-07-06 22:40:00,2026-07-06 19:40:00+00:00,2026-07-06 19:50:00+00:00,2195.5,2195.5,2193.5,2195.0,4767
2026-07-06 22:50:00,2026-07-06 19:50:00+00:00,2026-07-06 20:00:00+00:00,2195.0,2196.0,2194.0,2196.0,4843
2026-07-06 23:00:00,2026-07-06 20:00:00+00:00,2026-07-06 20:10:00+00:00,2196.0,2196.0,2192.0,2193.5,3549
2026-07-06 23:10:00,2026-07-06 20:10:00+00:00,2026-07-06 20:20:00+00:00,2193.5,2193.5,2192.0,2192.0,2876
2026-07-06 23:20:00,2026-07-06 20:20:00+00:00,2026-07-06 20:30:00+00:00,2192.0,2192.5,2190.5,2192.0,2939
2026-07-06 23:30:00,2026-07-06 20:30:00+00:00,2026-07-06 20:40:00+00:00,2192.0,2194.5,2191.5,2194.0,4212
2026-07-06 23:40:00,2026-07-06 20:40:00+00:00,2026-07-06 20:50:00+00:00,2194.0,2196.0,2193.0,2195.0,11736
2026-07-07 08:50:00,2026-07-07 05:50:00+00:00,2026-07-07 06:00:00+00:00,2169.5,2169.5,2169.5,2169.5,1937
2026-07-07 09:00:00,2026-07-07 06:00:00+00:00,2026-07-07 06:10:00+00:00,2170.0,2182.0,2168.0,2178.0,50559
2026-07-07 09:10:00,2026-07-07 06:10:00+00:00,2026-07-07 06:20:00+00:00,2178.0,2179.5,2170.0,2177.5,21431
2026-07-07 09:20:00,2026-07-07 06:20:00+00:00,2026-07-07 06:30:00+00:00,2177.5,2177.5,2171.0,2173.0,8606
2026-07-07 09:30:00,2026-07-07 06:30:00+00:00,2026-07-07 06:40:00+00:00,2173.0,2176.0,2172.0,2174.5,4136
2026-07-07 09:40:00,2026-07-07 06:40:00+00:00,2026-07-07 06:50:00+00:00,2174.5,2177.0,2172.5,2173.5,6529
2026-07-07 09:50:00,2026-07-07 06:50:00+00:00,2026-07-07 07:00:00+00:00,2174.0,2174.5,2159.5,2163.0,36208
2026-07-07 10:00:00,2026-07-07 07:00:00+00:00,2026-07-07 07:10:00+00:00,2163.0,2172.0,2159.0,2170.0,53494
2026-07-07 10:10:00,2026-07-07 07:10:00+00:00,2026-07-07 07:20:00+00:00,2169.5,2179.0,2169.0,2174.5,32863
2026-07-07 10:20:00,2026-07-07 07:20:00+00:00,2026-07-07 07:30:00+00:00,2174.5,2178.0,2163.5,2164.5,23379
2026-07-07 10:30:00,2026-07-07 07:30:00+00:00,2026-07-07 07:40:00+00:00,2164.0,2171.0,2164.0,2165.0,10478
2026-07-07 10:40:00,2026-07-07 07:40:00+00:00,2026-07-07 07:50:00+00:00,2165.0,2169.0,2137.0,2141.5,87617
2026-07-07 10:50:00,2026-07-07 07:50:00+00:00,2026-07-07 08:00:00+00:00,2141.0,2142.5,2130.5,2135.5,76829
2026-07-07 11:00:00,2026-07-07 08:00:00+00:00,2026-07-07 08:10:00+00:00,2135.5,2138.5,2118.0,2128.5,94976
2026-07-07 11:10:00,2026-07-07 08:10:00+00:00,2026-07-07 08:20:00+00:00,2128.5,2146.0,2128.5,2142.5,81823
2026-07-07 11:20:00,2026-07-07 08:20:00+00:00,2026-07-07 08:30:00+00:00,2142.5,2143.0,2132.0,2135.5,26412
2026-07-07 11:30:00,2026-07-07 08:30:00+00:00,2026-07-07 08:40:00+00:00,2137.5,2145.0,2132.0,2140.0,34887
2026-07-07 11:40:00,2026-07-07 08:40:00+00:00,2026-07-07 08:50:00+00:00,2140.0,2140.0,2134.5,2138.0,11863
2026-07-07 11:50:00,2026-07-07 08:50:00+00:00,2026-07-07 09:00:00+00:00,2138.0,2139.0,2129.5,2132.5,19762
2026-07-07 12:00:00,2026-07-07 09:00:00+00:00,2026-07-07 09:10:00+00:00,2132.5,2164.5,2132.0,2156.0,98258
2026-07-07 12:10:00,2026-07-07 09:10:00+00:00,2026-07-07 09:20:00+00:00,2155.5,2158.0,2145.0,2149.5,41144
2026-07-07 12:20:00,2026-07-07 09:20:00+00:00,2026-07-07 09:30:00+00:00,2149.0,2166.5,2148.0,2165.5,44688
2026-07-07 12:30:00,2026-07-07 09:30:00+00:00,2026-07-07 09:40:00+00:00,2166.0,2182.5,2166.0,2175.0,80926
2026-07-07 12:40:00,2026-07-07 09:40:00+00:00,2026-07-07 09:50:00+00:00,2176.0,2179.0,2161.0,2161.0,43381
2026-07-07 12:50:00,2026-07-07 09:50:00+00:00,2026-07-07 10:00:00+00:00,2161.0,2179.5,2161.0,2178.0,25495
2026-07-07 13:00:00,2026-07-07 10:00:00+00:00,2026-07-07 10:10:00+00:00,2178.5,2185.0,2162.5,2167.0,71069
2026-07-07 13:10:00,2026-07-07 10:10:00+00:00,2026-07-07 10:20:00+00:00,2167.0,2167.0,2158.0,2158.5,19498
2026-07-07 13:20:00,2026-07-07 10:20:00+00:00,2026-07-07 10:30:00+00:00,2158.5,2162.5,2154.0,2155.0,24506
2026-07-07 13:30:00,2026-07-07 10:30:00+00:00,2026-07-07 10:40:00+00:00,2155.5,2158.5,2139.5,2143.5,59695
2026-07-07 13:40:00,2026-07-07 10:40:00+00:00,2026-07-07 10:50:00+00:00,2143.0,2154.5,2143.0,2151.5,31194
2026-07-07 13:50:00,2026-07-07 10:50:00+00:00,2026-07-07 11:00:00+00:00,2151.0,2177.5,2148.0,2166.0,62391
2026-07-07 14:00:00,2026-07-07 11:00:00+00:00,2026-07-07 11:10:00+00:00,2166.5,2174.5,2156.5,2162.0,31426
2026-07-07 14:10:00,2026-07-07 11:10:00+00:00,2026-07-07 11:20:00+00:00,2162.0,2174.5,2162.0,2168.0,26756
2026-07-07 14:20:00,2026-07-07 11:20:00+00:00,2026-07-07 11:30:00+00:00,2168.0,2169.5,2161.0,2164.5,10439
2026-07-07 14:30:00,2026-07-07 11:30:00+00:00,2026-07-07 11:40:00+00:00,2164.0,2165.5,2151.0,2154.0,19429
2026-07-07 14:40:00,2026-07-07 11:40:00+00:00,2026-07-07 11:50:00+00:00,2154.0,2161.0,2151.0,2154.0,12461
2026-07-07 14:50:00,2026-07-07 11:50:00+00:00,2026-07-07 12:00:00+00:00,2154.5,2162.5,2148.5,2157.0,20642
2026-07-07 15:00:00,2026-07-07 12:00:00+00:00,2026-07-07 12:10:00+00:00,2157.0,2170.0,2147.0,2169.5,24698
2026-07-07 15:10:00,2026-07-07 12:10:00+00:00,2026-07-07 12:20:00+00:00,2169.5,2170.5,2158.0,2160.0,20021
2026-07-07 15:20:00,2026-07-07 12:20:00+00:00,2026-07-07 12:30:00+00:00,2159.5,2162.0,2154.0,2156.0,13433
2026-07-07 15:30:00,2026-07-07 12:30:00+00:00,2026-07-07 12:40:00+00:00,2155.5,2155.5,2142.0,2147.5,30800
2026-07-07 15:40:00,2026-07-07 12:40:00+00:00,2026-07-07 12:50:00+00:00,2148.0,2158.0,2140.0,2151.0,36510
2026-07-07 15:50:00,2026-07-07 12:50:00+00:00,2026-07-07 13:00:00+00:00,2151.0,2159.5,2148.5,2155.0,27488
2026-07-07 16:00:00,2026-07-07 13:00:00+00:00,2026-07-07 13:10:00+00:00,2155.0,2167.0,2152.0,2160.0,41025
2026-07-07 16:10:00,2026-07-07 13:10:00+00:00,2026-07-07 13:20:00+00:00,2160.5,2168.5,2158.0,2162.0,24905
2026-07-07 16:20:00,2026-07-07 13:20:00+00:00,2026-07-07 13:30:00+00:00,2161.5,2174.5,2161.0,2163.0,33670
2026-07-07 16:30:00,2026-07-07 13:30:00+00:00,2026-07-07 13:40:00+00:00,2162.5,2167.5,2160.5,2164.5,11346
2026-07-07 16:40:00,2026-07-07 13:40:00+00:00,2026-07-07 13:50:00+00:00,2164.5,2174.5,2162.5,2165.5,18671
2026-07-07 16:50:00,2026-07-07 13:50:00+00:00,2026-07-07 14:00:00+00:00,2166.0,2171.5,2158.0,2160.0,15856
2026-07-07 17:00:00,2026-07-07 14:00:00+00:00,2026-07-07 14:10:00+00:00,2160.0,2162.5,2155.0,2160.5,13497
2026-07-07 17:10:00,2026-07-07 14:10:00+00:00,2026-07-07 14:20:00+00:00,2160.5,2163.5,2157.5,2162.5,7696
2026-07-07 17:20:00,2026-07-07 14:20:00+00:00,2026-07-07 14:30:00+00:00,2162.0,2179.5,2160.5,2170.0,37525
2026-07-07 17:30:00,2026-07-07 14:30:00+00:00,2026-07-07 14:40:00+00:00,2169.5,2183.0,2169.5,2171.5,38629
2026-07-07 17:40:00,2026-07-07 14:40:00+00:00,2026-07-07 14:50:00+00:00,2171.5,2178.0,2168.0,2175.0,13286
2026-07-07 17:50:00,2026-07-07 14:50:00+00:00,2026-07-07 15:00:00+00:00,2176.5,2189.0,2173.5,2187.5,44873
2026-07-07 18:00:00,2026-07-07 15:00:00+00:00,2026-07-07 15:10:00+00:00,2187.5,2200.5,2187.0,2194.5,84149
2026-07-07 18:10:00,2026-07-07 15:10:00+00:00,2026-07-07 15:20:00+00:00,2194.5,2197.0,2183.0,2185.5,28580
2026-07-07 18:20:00,2026-07-07 15:20:00+00:00,2026-07-07 15:30:00+00:00,2186.0,2191.0,2180.5,2182.5,21512
2026-07-07 18:30:00,2026-07-07 15:30:00+00:00,2026-07-07 15:40:00+00:00,2183.0,2188.5,2182.0,2184.5,14152
2026-07-07 18:40:00,2026-07-07 15:40:00+00:00,2026-07-07 15:50:00+00:00,2184.5,2193.5,2183.5,2190.0,14998
2026-07-07 18:50:00,2026-07-07 15:50:00+00:00,2026-07-07 16:00:00+00:00,2189.5,2193.0,2189.0,2193.0,10845
2026-07-07 19:00:00,2026-07-07 16:00:00+00:00,2026-07-07 16:10:00+00:00,2193.0,2193.5,2185.5,2188.0,18176
2026-07-07 19:10:00,2026-07-07 16:10:00+00:00,2026-07-07 16:20:00+00:00,2189.0,2191.0,2183.5,2186.0,5222
2026-07-07 19:20:00,2026-07-07 16:20:00+00:00,2026-07-07 16:30:00+00:00,2186.0,2191.0,2186.0,2188.5,7255
2026-07-07 19:30:00,2026-07-07 16:30:00+00:00,2026-07-07 16:40:00+00:00,2188.5,2189.5,2185.5,2187.5,4016
2026-07-07 19:40:00,2026-07-07 16:40:00+00:00,2026-07-07 16:50:00+00:00,2188.0,2190.5,2187.5,2189.5,1565
2026-07-07 19:50:00,2026-07-07 16:50:00+00:00,2026-07-07 17:00:00+00:00,2189.5,2190.5,2187.0,2190.0,1899
2026-07-07 20:00:00,2026-07-07 17:00:00+00:00,2026-07-07 17:10:00+00:00,2190.5,2200.0,2190.5,2196.5,18892
2026-07-07 20:10:00,2026-07-07 17:10:00+00:00,2026-07-07 17:20:00+00:00,2196.5,2207.0,2196.5,2206.5,25993
2026-07-07 20:20:00,2026-07-07 17:20:00+00:00,2026-07-07 17:30:00+00:00,2206.0,2207.5,2200.5,2203.5,16272
2026-07-07 20:30:00,2026-07-07 17:30:00+00:00,2026-07-07 17:40:00+00:00,2203.5,2205.5,2201.5,2205.0,9920
2026-07-07 20:40:00,2026-07-07 17:40:00+00:00,2026-07-07 17:50:00+00:00,2205.0,2206.5,2200.0,2201.5,9093
2026-07-07 20:50:00,2026-07-07 17:50:00+00:00,2026-07-07 18:00:00+00:00,2202.5,2204.0,2201.0,2203.0,4009
2026-07-07 21:00:00,2026-07-07 18:00:00+00:00,2026-07-07 18:10:00+00:00,2203.0,2204.0,2196.5,2196.5,10660
2026-07-07 21:10:00,2026-07-07 18:10:00+00:00,2026-07-07 18:20:00+00:00,2196.5,2198.0,2190.5,2191.5,13152
2026-07-07 21:20:00,2026-07-07 18:20:00+00:00,2026-07-07 18:30:00+00:00,2191.5,2194.5,2191.5,2192.5,3722
2026-07-07 21:30:00,2026-07-07 18:30:00+00:00,2026-07-07 18:40:00+00:00,2192.5,2196.5,2192.5,2196.5,3082
2026-07-07 21:40:00,2026-07-07 18:40:00+00:00,2026-07-07 18:50:00+00:00,2196.5,2196.5,2189.5,2190.5,5708
2026-07-07 21:50:00,2026-07-07 18:50:00+00:00,2026-07-07 19:00:00+00:00,2190.0,2192.0,2187.0,2191.5,8308
2026-07-07 22:00:00,2026-07-07 19:00:00+00:00,2026-07-07 19:10:00+00:00,2191.5,2206.0,2191.0,2202.0,18835
2026-07-07 22:10:00,2026-07-07 19:10:00+00:00,2026-07-07 19:20:00+00:00,2202.5,2208.5,2201.0,2207.5,11893
2026-07-07 22:20:00,2026-07-07 19:20:00+00:00,2026-07-07 19:30:00+00:00,2207.5,2208.0,2202.0,2202.0,7256
2026-07-07 22:30:00,2026-07-07 19:30:00+00:00,2026-07-07 19:40:00+00:00,2203.5,2206.0,2200.0,2206.0,13734
2026-07-07 22:40:00,2026-07-07 19:40:00+00:00,2026-07-07 19:50:00+00:00,2206.0,2213.5,2203.5,2211.0,21485
2026-07-07 22:50:00,2026-07-07 19:50:00+00:00,2026-07-07 20:00:00+00:00,2211.0,2213.5,2208.5,2213.0,13941
2026-07-07 23:00:00,2026-07-07 20:00:00+00:00,2026-07-07 20:10:00+00:00,2213.0,2222.0,2213.0,2215.5,36197
2026-07-07 23:10:00,2026-07-07 20:10:00+00:00,2026-07-07 20:20:00+00:00,2216.0,2216.0,2211.5,2212.0,6275
2026-07-07 23:20:00,2026-07-07 20:20:00+00:00,2026-07-07 20:30:00+00:00,2213.0,2215.0,2209.5,2209.5,8033
2026-07-07 23:30:00,2026-07-07 20:30:00+00:00,2026-07-07 20:40:00+00:00,2210.0,2214.0,2209.5,2214.0,6566
2026-07-07 23:40:00,2026-07-07 20:40:00+00:00,2026-07-07 20:50:00+00:00,2214.5,2216.0,2211.0,2216.0,14739
2026-07-08 08:50:00,2026-07-08 05:50:00+00:00,2026-07-08 06:00:00+00:00,2223.0,2223.0,2223.0,2223.0,1689
2026-07-08 09:00:00,2026-07-08 06:00:00+00:00,2026-07-08 06:10:00+00:00,2222.0,2223.0,2201.5,2204.5,30322
2026-07-08 09:10:00,2026-07-08 06:10:00+00:00,2026-07-08 06:20:00+00:00,2204.5,2210.5,2202.0,2204.0,28632
2026-07-08 09:20:00,2026-07-08 06:20:00+00:00,2026-07-08 06:30:00+00:00,2204.0,2205.0,2197.5,2201.5,38532
2026-07-08 09:30:00,2026-07-08 06:30:00+00:00,2026-07-08 06:40:00+00:00,2201.5,2203.0,2198.0,2198.0,19265
2026-07-08 09:40:00,2026-07-08 06:40:00+00:00,2026-07-08 06:50:00+00:00,2198.0,2213.5,2198.0,2207.5,24558
2026-07-08 09:50:00,2026-07-08 06:50:00+00:00,2026-07-08 07:00:00+00:00,2208.5,2211.0,2198.0,2199.5,22506
2026-07-08 10:00:00,2026-07-08 07:00:00+00:00,2026-07-08 07:10:00+00:00,2199.5,2201.0,2191.0,2192.5,47566
2026-07-08 10:10:00,2026-07-08 07:10:00+00:00,2026-07-08 07:20:00+00:00,2192.5,2197.0,2177.5,2182.5,62361
2026-07-08 10:20:00,2026-07-08 07:20:00+00:00,2026-07-08 07:30:00+00:00,2182.0,2185.5,2170.5,2179.0,57933
2026-07-08 10:30:00,2026-07-08 07:30:00+00:00,2026-07-08 07:40:00+00:00,2179.0,2179.5,2172.0,2177.5,24258
2026-07-08 10:40:00,2026-07-08 07:40:00+00:00,2026-07-08 07:50:00+00:00,2178.5,2179.0,2167.0,2170.0,29983
2026-07-08 10:50:00,2026-07-08 07:50:00+00:00,2026-07-08 08:00:00+00:00,2169.5,2175.5,2166.0,2172.5,23007
2026-07-08 11:00:00,2026-07-08 08:00:00+00:00,2026-07-08 08:10:00+00:00,2172.0,2175.5,2168.0,2174.5,23238
2026-07-08 11:10:00,2026-07-08 08:10:00+00:00,2026-07-08 08:20:00+00:00,2174.5,2192.0,2172.5,2188.5,55267
2026-07-08 11:20:00,2026-07-08 08:20:00+00:00,2026-07-08 08:30:00+00:00,2188.5,2194.0,2183.0,2192.5,41767
2026-07-08 11:30:00,2026-07-08 08:30:00+00:00,2026-07-08 08:40:00+00:00,2192.5,2237.5,2191.0,2208.5,107154
2026-07-08 11:40:00,2026-07-08 08:40:00+00:00,2026-07-08 08:50:00+00:00,2208.5,2209.5,2194.0,2201.0,40172
2026-07-08 11:50:00,2026-07-08 08:50:00+00:00,2026-07-08 09:00:00+00:00,2201.0,2202.0,2187.5,2199.0,41470
2026-07-08 12:00:00,2026-07-08 09:00:00+00:00,2026-07-08 09:10:00+00:00,2198.5,2208.5,2188.5,2196.0,61541
2026-07-08 12:10:00,2026-07-08 09:10:00+00:00,2026-07-08 09:20:00+00:00,2195.5,2200.5,2192.5,2195.0,17738
2026-07-08 12:20:00,2026-07-08 09:20:00+00:00,2026-07-08 09:30:00+00:00,2195.0,2206.0,2193.0,2194.0,34223
2026-07-08 12:30:00,2026-07-08 09:30:00+00:00,2026-07-08 09:40:00+00:00,2194.0,2195.5,2187.5,2194.0,21354
2026-07-08 12:40:00,2026-07-08 09:40:00+00:00,2026-07-08 09:50:00+00:00,2193.5,2200.0,2193.0,2198.5,11587
2026-07-08 12:50:00,2026-07-08 09:50:00+00:00,2026-07-08 10:00:00+00:00,2198.5,2206.5,2195.5,2203.0,20828
2026-07-08 13:00:00,2026-07-08 10:00:00+00:00,2026-07-08 10:10:00+00:00,2203.0,2203.0,2194.5,2195.5,16975
2026-07-08 13:10:00,2026-07-08 10:10:00+00:00,2026-07-08 10:20:00+00:00,2195.5,2196.5,2182.5,2185.5,25117
2026-07-08 13:20:00,2026-07-08 10:20:00+00:00,2026-07-08 10:30:00+00:00,2185.0,2190.0,2182.5,2186.0,20997
2026-07-08 13:30:00,2026-07-08 10:30:00+00:00,2026-07-08 10:40:00+00:00,2186.0,2198.5,2184.0,2192.0,19193
2026-07-08 13:40:00,2026-07-08 10:40:00+00:00,2026-07-08 10:50:00+00:00,2192.5,2195.5,2190.5,2191.0,9606
2026-07-08 13:50:00,2026-07-08 10:50:00+00:00,2026-07-08 11:00:00+00:00,2191.5,2195.0,2191.0,2192.0,7334
2026-07-08 14:00:00,2026-07-08 11:00:00+00:00,2026-07-08 11:10:00+00:00,2192.5,2194.5,2186.0,2189.0,11938
2026-07-08 14:10:00,2026-07-08 11:10:00+00:00,2026-07-08 11:20:00+00:00,2188.5,2189.5,2183.0,2187.0,10219
2026-07-08 14:20:00,2026-07-08 11:20:00+00:00,2026-07-08 11:30:00+00:00,2187.5,2188.0,2184.0,2187.0,4132
2026-07-08 14:30:00,2026-07-08 11:30:00+00:00,2026-07-08 11:40:00+00:00,2187.0,2194.5,2186.5,2191.5,12119
2026-07-08 14:40:00,2026-07-08 11:40:00+00:00,2026-07-08 11:50:00+00:00,2191.5,2201.0,2178.5,2185.5,38192
2026-07-08 14:50:00,2026-07-08 11:50:00+00:00,2026-07-08 12:00:00+00:00,2185.0,2193.5,2180.5,2189.0,15862
2026-07-08 15:00:00,2026-07-08 12:00:00+00:00,2026-07-08 12:10:00+00:00,2189.5,2197.0,2189.0,2190.5,7288
2026-07-08 15:10:00,2026-07-08 12:10:00+00:00,2026-07-08 12:20:00+00:00,2191.0,2191.0,2182.0,2183.5,11514
2026-07-08 15:20:00,2026-07-08 12:20:00+00:00,2026-07-08 12:30:00+00:00,2183.5,2190.5,2183.5,2189.0,9545
2026-07-08 15:30:00,2026-07-08 12:30:00+00:00,2026-07-08 12:40:00+00:00,2188.5,2192.5,2187.0,2189.5,8487
2026-07-08 15:40:00,2026-07-08 12:40:00+00:00,2026-07-08 12:50:00+00:00,2189.5,2201.0,2188.5,2192.5,24586
2026-07-08 15:50:00,2026-07-08 12:50:00+00:00,2026-07-08 13:00:00+00:00,2193.0,2200.5,2191.5,2197.0,9224
2026-07-08 16:00:00,2026-07-08 13:00:00+00:00,2026-07-08 13:10:00+00:00,2197.5,2202.5,2171.0,2175.5,96433
2026-07-08 16:10:00,2026-07-08 13:10:00+00:00,2026-07-08 13:20:00+00:00,2176.0,2189.5,2172.0,2182.5,45487
2026-07-08 16:20:00,2026-07-08 13:20:00+00:00,2026-07-08 13:30:00+00:00,2182.0,2185.0,2180.0,2184.0,15826
2026-07-08 16:30:00,2026-07-08 13:30:00+00:00,2026-07-08 13:40:00+00:00,2184.0,2190.0,2181.0,2185.5,14084
2026-07-08 16:40:00,2026-07-08 13:40:00+00:00,2026-07-08 13:50:00+00:00,2185.5,2187.5,2181.5,2184.5,7939
2026-07-08 16:50:00,2026-07-08 13:50:00+00:00,2026-07-08 14:00:00+00:00,2185.5,2191.5,2185.0,2188.0,11890
2026-07-08 17:00:00,2026-07-08 14:00:00+00:00,2026-07-08 14:10:00+00:00,2188.0,2189.5,2184.5,2186.5,6329
2026-07-08 17:10:00,2026-07-08 14:10:00+00:00,2026-07-08 14:20:00+00:00,2186.0,2198.0,2182.5,2193.5,26521
2026-07-08 17:20:00,2026-07-08 14:20:00+00:00,2026-07-08 14:30:00+00:00,2193.5,2205.0,2192.0,2202.0,31167
2026-07-08 17:30:00,2026-07-08 14:30:00+00:00,2026-07-08 14:40:00+00:00,2201.5,2212.5,2197.5,2204.0,54885
2026-07-08 17:40:00,2026-07-08 14:40:00+00:00,2026-07-08 14:50:00+00:00,2204.5,2213.5,2201.5,2209.0,30869
2026-07-08 17:50:00,2026-07-08 14:50:00+00:00,2026-07-08 15:00:00+00:00,2209.0,2211.0,2207.0,2209.0,17749
2026-07-08 18:00:00,2026-07-08 15:00:00+00:00,2026-07-08 15:10:00+00:00,2209.0,2220.5,2208.5,2219.5,37898
2026-07-08 18:10:00,2026-07-08 15:10:00+00:00,2026-07-08 15:20:00+00:00,2220.0,2230.0,2211.5,2225.5,52978
2026-07-08 18:20:00,2026-07-08 15:20:00+00:00,2026-07-08 15:30:00+00:00,2225.5,2228.0,2220.5,2220.5,20295
2026-07-08 18:30:00,2026-07-08 15:30:00+00:00,2026-07-08 15:40:00+00:00,2221.0,2227.5,2218.0,2218.0,17673
2026-07-08 18:40:00,2026-07-08 15:40:00+00:00,2026-07-08 15:50:00+00:00,2218.5,2227.0,2218.0,2219.5,24355
2026-07-08 18:50:00,2026-07-08 15:50:00+00:00,2026-07-08 16:00:00+00:00,2219.0,2224.0,2215.0,2219.5,17182
2026-07-08 19:00:00,2026-07-08 16:00:00+00:00,2026-07-08 16:10:00+00:00,2218.5,2219.0,2213.0,2214.0,14293
2026-07-08 19:10:00,2026-07-08 16:10:00+00:00,2026-07-08 16:20:00+00:00,2214.5,2221.0,2213.5,2216.0,9149
2026-07-08 19:20:00,2026-07-08 16:20:00+00:00,2026-07-08 16:30:00+00:00,2216.5,2217.0,2212.5,2214.0,8865
2026-07-08 19:30:00,2026-07-08 16:30:00+00:00,2026-07-08 16:40:00+00:00,2213.5,2220.0,2213.0,2216.0,10221
2026-07-08 19:40:00,2026-07-08 16:40:00+00:00,2026-07-08 16:50:00+00:00,2216.0,2218.5,2214.5,2218.5,3366
2026-07-08 19:50:00,2026-07-08 16:50:00+00:00,2026-07-08 17:00:00+00:00,2218.0,2218.5,2214.5,2214.5,4797
2026-07-08 20:00:00,2026-07-08 17:00:00+00:00,2026-07-08 17:10:00+00:00,2215.0,2219.5,2215.0,2219.5,3699
2026-07-08 20:10:00,2026-07-08 17:10:00+00:00,2026-07-08 17:20:00+00:00,2220.0,2221.5,2216.0,2216.0,5355
2026-07-08 20:20:00,2026-07-08 17:20:00+00:00,2026-07-08 17:30:00+00:00,2216.5,2218.5,2215.5,2216.0,4588
2026-07-08 20:30:00,2026-07-08 17:30:00+00:00,2026-07-08 17:40:00+00:00,2216.0,2223.5,2216.0,2222.5,6723
2026-07-08 20:40:00,2026-07-08 17:40:00+00:00,2026-07-08 17:50:00+00:00,2222.5,2223.0,2220.5,2222.0,1597
2026-07-08 20:50:00,2026-07-08 17:50:00+00:00,2026-07-08 18:00:00+00:00,2222.0,2222.5,2218.0,2219.0,1670
2026-07-08 21:00:00,2026-07-08 18:00:00+00:00,2026-07-08 18:10:00+00:00,2219.0,2219.5,2217.0,2218.0,2416
2026-07-08 21:10:00,2026-07-08 18:10:00+00:00,2026-07-08 18:20:00+00:00,2218.5,2218.5,2216.0,2217.5,3272
2026-07-08 21:20:00,2026-07-08 18:20:00+00:00,2026-07-08 18:30:00+00:00,2217.0,2217.0,2214.5,2216.0,5476
2026-07-08 21:30:00,2026-07-08 18:30:00+00:00,2026-07-08 18:40:00+00:00,2216.0,2220.0,2216.0,2219.5,4346
2026-07-08 21:40:00,2026-07-08 18:40:00+00:00,2026-07-08 18:50:00+00:00,2220.0,2220.0,2217.0,2218.5,2403
2026-07-08 21:50:00,2026-07-08 18:50:00+00:00,2026-07-08 19:00:00+00:00,2218.0,2219.0,2216.0,2216.0,764
2026-07-08 22:00:00,2026-07-08 19:00:00+00:00,2026-07-08 19:10:00+00:00,2217.0,2220.5,2216.5,2219.0,4008
2026-07-08 22:10:00,2026-07-08 19:10:00+00:00,2026-07-08 19:20:00+00:00,2219.0,2222.0,2219.0,2221.0,5557
2026-07-08 22:20:00,2026-07-08 19:20:00+00:00,2026-07-08 19:30:00+00:00,2221.0,2221.5,2218.5,2219.0,1021
2026-07-08 22:30:00,2026-07-08 19:30:00+00:00,2026-07-08 19:40:00+00:00,2218.5,2218.5,2216.0,2217.0,3438
2026-07-08 22:40:00,2026-07-08 19:40:00+00:00,2026-07-08 19:50:00+00:00,2217.0,2220.0,2217.0,2219.0,2389
2026-07-08 22:50:00,2026-07-08 19:50:00+00:00,2026-07-08 20:00:00+00:00,2219.5,2220.0,2218.5,2219.0,1854
2026-07-08 23:00:00,2026-07-08 20:00:00+00:00,2026-07-08 20:10:00+00:00,2218.5,2220.0,2218.0,2219.0,1305
2026-07-08 23:10:00,2026-07-08 20:10:00+00:00,2026-07-08 20:20:00+00:00,2218.5,2221.5,2218.5,2221.0,3449
2026-07-08 23:20:00,2026-07-08 20:20:00+00:00,2026-07-08 20:30:00+00:00,2221.5,2222.5,2221.0,2222.0,2854
2026-07-08 23:30:00,2026-07-08 20:30:00+00:00,2026-07-08 20:40:00+00:00,2222.0,2230.0,2219.0,2227.0,33706
2026-07-08 23:40:00,2026-07-08 20:40:00+00:00,2026-07-08 20:50:00+00:00,2227.5,2229.5,2227.0,2229.5,12745
2026-07-09 08:50:00,2026-07-09 05:50:00+00:00,2026-07-09 06:00:00+00:00,2208.0,2208.0,2208.0,2208.0,1911
2026-07-09 09:00:00,2026-07-09 06:00:00+00:00,2026-07-09 06:10:00+00:00,2207.0,2209.5,2195.5,2198.0,58800
2026-07-09 09:10:00,2026-07-09 06:10:00+00:00,2026-07-09 06:20:00+00:00,2198.5,2202.5,2192.0,2199.0,26287
2026-07-09 09:20:00,2026-07-09 06:20:00+00:00,2026-07-09 06:30:00+00:00,2199.5,2205.0,2198.5,2203.5,15396
2026-07-09 09:30:00,2026-07-09 06:30:00+00:00,2026-07-09 06:40:00+00:00,2204.5,2209.5,2203.0,2204.5,10602
2026-07-09 09:40:00,2026-07-09 06:40:00+00:00,2026-07-09 06:50:00+00:00,2204.5,2213.5,2203.5,2209.5,17494
2026-07-09 09:50:00,2026-07-09 06:50:00+00:00,2026-07-09 07:00:00+00:00,2209.5,2214.0,2206.0,2208.0,8773
2026-07-09 10:00:00,2026-07-09 07:00:00+00:00,2026-07-09 07:10:00+00:00,2207.5,2207.5,2198.0,2202.0,23569
2026-07-09 10:10:00,2026-07-09 07:10:00+00:00,2026-07-09 07:20:00+00:00,2202.0,2216.5,2201.5,2209.0,29181
2026-07-09 10:20:00,2026-07-09 07:20:00+00:00,2026-07-09 07:30:00+00:00,2209.5,2214.5,2205.5,2207.0,11734
2026-07-09 10:30:00,2026-07-09 07:30:00+00:00,2026-07-09 07:40:00+00:00,2207.0,2209.0,2194.5,2196.5,40639
2026-07-09 10:40:00,2026-07-09 07:40:00+00:00,2026-07-09 07:50:00+00:00,2196.0,2200.5,2193.5,2199.5,24381
2026-07-09 10:50:00,2026-07-09 07:50:00+00:00,2026-07-09 08:00:00+00:00,2199.0,2204.5,2199.0,2203.0,8816
2026-07-09 11:00:00,2026-07-09 08:00:00+00:00,2026-07-09 08:10:00+00:00,2203.0,2204.5,2198.5,2204.0,8259
2026-07-09 11:10:00,2026-07-09 08:10:00+00:00,2026-07-09 08:20:00+00:00,2203.5,2211.5,2203.0,2210.5,25409
2026-07-09 11:20:00,2026-07-09 08:20:00+00:00,2026-07-09 08:30:00+00:00,2211.5,2216.5,2208.0,2213.0,12732
2026-07-09 11:30:00,2026-07-09 08:30:00+00:00,2026-07-09 08:40:00+00:00,2213.0,2223.0,2212.0,2222.0,25005
2026-07-09 11:40:00,2026-07-09 08:40:00+00:00,2026-07-09 08:50:00+00:00,2222.0,2223.0,2217.0,2220.5,13889
2026-07-09 11:50:00,2026-07-09 08:50:00+00:00,2026-07-09 09:00:00+00:00,2220.5,2221.0,2213.5,2214.5,10158
2026-07-09 12:00:00,2026-07-09 09:00:00+00:00,2026-07-09 09:10:00+00:00,2213.5,2221.5,2213.0,2218.0,16585
2026-07-09 12:10:00,2026-07-09 09:10:00+00:00,2026-07-09 09:20:00+00:00,2218.5,2218.5,2214.5,2215.5,7822
2026-07-09 12:20:00,2026-07-09 09:20:00+00:00,2026-07-09 09:30:00+00:00,2216.0,2216.0,2212.5,2215.5,5517
2026-07-09 12:30:00,2026-07-09 09:30:00+00:00,2026-07-09 09:40:00+00:00,2215.0,2218.5,2210.5,2211.0,8899
2026-07-09 12:40:00,2026-07-09 09:40:00+00:00,2026-07-09 09:50:00+00:00,2211.5,2216.5,2209.5,2214.5,6479
2026-07-09 12:50:00,2026-07-09 09:50:00+00:00,2026-07-09 10:00:00+00:00,2214.0,2214.5,2209.5,2210.5,3025
2026-07-09 13:00:00,2026-07-09 10:00:00+00:00,2026-07-09 10:10:00+00:00,2210.5,2211.0,2206.0,2211.0,13704
2026-07-09 13:10:00,2026-07-09 10:10:00+00:00,2026-07-09 10:20:00+00:00,2210.5,2214.5,2208.5,2213.5,7119
2026-07-09 13:20:00,2026-07-09 10:20:00+00:00,2026-07-09 10:30:00+00:00,2213.5,2217.0,2212.0,2214.0,12045
2026-07-09 13:30:00,2026-07-09 10:30:00+00:00,2026-07-09 10:40:00+00:00,2213.5,2215.5,2210.0,2212.5,7178
2026-07-09 13:40:00,2026-07-09 10:40:00+00:00,2026-07-09 10:50:00+00:00,2212.5,2220.0,2211.5,2218.0,7536
2026-07-09 13:50:00,2026-07-09 10:50:00+00:00,2026-07-09 11:00:00+00:00,2218.5,2219.5,2214.0,2215.5,9148
2026-07-09 14:00:00,2026-07-09 11:00:00+00:00,2026-07-09 11:10:00+00:00,2215.0,2217.0,2212.5,2215.5,5331
2026-07-09 14:10:00,2026-07-09 11:10:00+00:00,2026-07-09 11:20:00+00:00,2216.0,2218.0,2211.5,2212.0,5166
2026-07-09 14:20:00,2026-07-09 11:20:00+00:00,2026-07-09 11:30:00+00:00,2212.0,2214.0,2211.0,2213.5,3107
2026-07-09 14:30:00,2026-07-09 11:30:00+00:00,2026-07-09 11:40:00+00:00,2213.0,2213.0,2208.0,2209.0,4204
2026-07-09 14:40:00,2026-07-09 11:40:00+00:00,2026-07-09 11:50:00+00:00,2209.0,2214.0,2208.0,2210.5,11562
2026-07-09 14:50:00,2026-07-09 11:50:00+00:00,2026-07-09 12:00:00+00:00,2210.5,2215.0,2209.0,2214.5,6071
2026-07-09 15:00:00,2026-07-09 12:00:00+00:00,2026-07-09 12:10:00+00:00,2214.0,2220.0,2212.5,2216.5,9330
2026-07-09 15:10:00,2026-07-09 12:10:00+00:00,2026-07-09 12:20:00+00:00,2217.0,2217.5,2212.0,2212.5,4817
2026-07-09 15:20:00,2026-07-09 12:20:00+00:00,2026-07-09 12:30:00+00:00,2212.0,2214.5,2211.5,2214.0,2879
2026-07-09 15:30:00,2026-07-09 12:30:00+00:00,2026-07-09 12:40:00+00:00,2214.0,2216.0,2212.0,2213.0,3927
2026-07-09 15:40:00,2026-07-09 12:40:00+00:00,2026-07-09 12:50:00+00:00,2213.5,2218.0,2213.0,2215.0,7391
2026-07-09 15:50:00,2026-07-09 12:50:00+00:00,2026-07-09 13:00:00+00:00,2215.5,2217.0,2210.5,2211.5,6486
2026-07-09 16:00:00,2026-07-09 13:00:00+00:00,2026-07-09 13:10:00+00:00,2211.5,2216.0,2210.5,2213.5,8147
2026-07-09 16:10:00,2026-07-09 13:10:00+00:00,2026-07-09 13:20:00+00:00,2213.0,2213.5,2210.5,2211.0,3569
2026-07-09 16:20:00,2026-07-09 13:20:00+00:00,2026-07-09 13:30:00+00:00,2211.0,2211.0,2197.0,2201.5,46256
2026-07-09 16:30:00,2026-07-09 13:30:00+00:00,2026-07-09 13:40:00+00:00,2201.0,2201.5,2188.5,2190.0,43476
2026-07-09 16:40:00,2026-07-09 13:40:00+00:00,2026-07-09 13:50:00+00:00,2190.0,2196.0,2181.5,2191.5,65952
2026-07-09 16:50:00,2026-07-09 13:50:00+00:00,2026-07-09 14:00:00+00:00,2191.5,2195.0,2186.0,2188.0,24180
2026-07-09 17:00:00,2026-07-09 14:00:00+00:00,2026-07-09 14:10:00+00:00,2187.5,2191.5,2183.0,2190.5,32689
2026-07-09 17:10:00,2026-07-09 14:10:00+00:00,2026-07-09 14:20:00+00:00,2191.0,2191.0,2180.0,2188.0,21447
2026-07-09 17:20:00,2026-07-09 14:20:00+00:00,2026-07-09 14:30:00+00:00,2188.5,2188.5,2183.0,2184.0,6851
2026-07-09 17:30:00,2026-07-09 14:30:00+00:00,2026-07-09 14:40:00+00:00,2184.0,2201.5,2183.0,2196.0,49228
2026-07-09 17:40:00,2026-07-09 14:40:00+00:00,2026-07-09 14:50:00+00:00,2195.5,2196.0,2187.5,2190.5,17295
2026-07-09 17:50:00,2026-07-09 14:50:00+00:00,2026-07-09 15:00:00+00:00,2190.0,2194.5,2189.0,2189.5,9712
2026-07-09 18:00:00,2026-07-09 15:00:00+00:00,2026-07-09 15:10:00+00:00,2189.0,2198.5,2188.0,2198.0,21565
2026-07-09 18:10:00,2026-07-09 15:10:00+00:00,2026-07-09 15:20:00+00:00,2198.5,2198.5,2194.0,2198.0,9442
2026-07-09 18:20:00,2026-07-09 15:20:00+00:00,2026-07-09 15:30:00+00:00,2198.0,2198.0,2188.0,2190.0,16948
2026-07-09 18:30:00,2026-07-09 15:30:00+00:00,2026-07-09 15:40:00+00:00,2190.0,2190.0,2184.5,2188.0,14061
2026-07-09 18:40:00,2026-07-09 15:40:00+00:00,2026-07-09 15:50:00+00:00,2188.0,2188.5,2184.0,2184.5,17892
2026-07-09 18:50:00,2026-07-09 15:50:00+00:00,2026-07-09 16:00:00+00:00,2184.5,2188.0,2182.0,2187.5,13547
2026-07-09 19:00:00,2026-07-09 16:00:00+00:00,2026-07-09 16:10:00+00:00,2187.5,2188.0,2184.5,2185.0,8512
2026-07-09 19:10:00,2026-07-09 16:10:00+00:00,2026-07-09 16:20:00+00:00,2185.5,2185.5,2180.0,2181.0,11311
2026-07-09 19:20:00,2026-07-09 16:20:00+00:00,2026-07-09 16:30:00+00:00,2181.0,2181.0,2170.0,2173.0,37751
2026-07-09 19:30:00,2026-07-09 16:30:00+00:00,2026-07-09 16:40:00+00:00,2173.0,2175.5,2169.0,2170.5,26277
2026-07-09 19:40:00,2026-07-09 16:40:00+00:00,2026-07-09 16:50:00+00:00,2170.5,2177.0,2170.5,2176.0,11542
2026-07-09 19:50:00,2026-07-09 16:50:00+00:00,2026-07-09 17:00:00+00:00,2175.5,2176.5,2173.5,2174.5,5266
2026-07-09 20:00:00,2026-07-09 17:00:00+00:00,2026-07-09 17:10:00+00:00,2174.0,2175.5,2171.5,2173.0,13373
2026-07-09 20:10:00,2026-07-09 17:10:00+00:00,2026-07-09 17:20:00+00:00,2173.5,2176.5,2172.5,2174.0,10829
2026-07-09 20:20:00,2026-07-09 17:20:00+00:00,2026-07-09 17:30:00+00:00,2174.0,2176.0,2171.0,2171.5,4562
2026-07-09 20:30:00,2026-07-09 17:30:00+00:00,2026-07-09 17:40:00+00:00,2172.0,2175.0,2171.5,2172.0,2279
2026-07-09 20:40:00,2026-07-09 17:40:00+00:00,2026-07-09 17:50:00+00:00,2172.0,2174.0,2171.0,2171.0,4070
2026-07-09 20:50:00,2026-07-09 17:50:00+00:00,2026-07-09 18:00:00+00:00,2171.0,2171.5,2160.0,2160.0,38421
2026-07-09 21:00:00,2026-07-09 18:00:00+00:00,2026-07-09 18:10:00+00:00,2160.5,2166.0,2158.5,2166.0,13787
2026-07-09 21:10:00,2026-07-09 18:10:00+00:00,2026-07-09 18:20:00+00:00,2166.0,2167.5,2165.0,2166.0,6393
2026-07-09 21:20:00,2026-07-09 18:20:00+00:00,2026-07-09 18:30:00+00:00,2166.0,2174.5,2166.0,2172.5,22473
2026-07-09 21:30:00,2026-07-09 18:30:00+00:00,2026-07-09 18:40:00+00:00,2173.0,2174.0,2170.5,2171.5,4110
2026-07-09 21:40:00,2026-07-09 18:40:00+00:00,2026-07-09 18:50:00+00:00,2171.5,2172.5,2170.5,2171.5,2469
2026-07-09 21:50:00,2026-07-09 18:50:00+00:00,2026-07-09 19:00:00+00:00,2171.0,2171.5,2168.5,2170.5,3625
2026-07-09 22:00:00,2026-07-09 19:00:00+00:00,2026-07-09 19:10:00+00:00,2169.5,2172.5,2168.5,2172.0,3079
2026-07-09 22:10:00,2026-07-09 19:10:00+00:00,2026-07-09 19:20:00+00:00,2172.0,2172.5,2170.5,2171.5,1843
2026-07-09 22:20:00,2026-07-09 19:20:00+00:00,2026-07-09 19:30:00+00:00,2171.5,2171.5,2167.5,2170.0,5988
2026-07-09 22:30:00,2026-07-09 19:30:00+00:00,2026-07-09 19:40:00+00:00,2170.0,2172.0,2169.5,2172.0,3118
2026-07-09 22:40:00,2026-07-09 19:40:00+00:00,2026-07-09 19:50:00+00:00,2172.5,2173.0,2168.5,2169.0,2585
2026-07-09 22:50:00,2026-07-09 19:50:00+00:00,2026-07-09 20:00:00+00:00,2169.5,2170.0,2166.5,2167.5,1540
2026-07-09 23:00:00,2026-07-09 20:00:00+00:00,2026-07-09 20:10:00+00:00,2167.0,2169.0,2166.5,2169.0,1304
2026-07-09 23:10:00,2026-07-09 20:10:00+00:00,2026-07-09 20:20:00+00:00,2169.0,2169.0,2166.0,2167.0,2372
2026-07-09 23:20:00,2026-07-09 20:20:00+00:00,2026-07-09 20:30:00+00:00,2167.5,2167.5,2166.0,2167.0,2070
2026-07-09 23:30:00,2026-07-09 20:30:00+00:00,2026-07-09 20:40:00+00:00,2167.5,2168.5,2166.5,2166.5,2836
2026-07-09 23:40:00,2026-07-09 20:40:00+00:00,2026-07-09 20:50:00+00:00,2167.0,2171.0,2166.5,2170.5,5042
2026-07-10 08:50:00,2026-07-10 05:50:00+00:00,2026-07-10 06:00:00+00:00,2156.0,2156.0,2156.0,2156.0,729
2026-07-10 09:00:00,2026-07-10 06:00:00+00:00,2026-07-10 06:10:00+00:00,2156.5,2165.0,2155.5,2164.0,24274
2026-07-10 09:10:00,2026-07-10 06:10:00+00:00,2026-07-10 06:20:00+00:00,2164.5,2169.0,2163.0,2165.0,16759
2026-07-10 09:20:00,2026-07-10 06:20:00+00:00,2026-07-10 06:30:00+00:00,2165.5,2177.0,2165.0,2173.5,17957
2026-07-10 09:30:00,2026-07-10 06:30:00+00:00,2026-07-10 06:40:00+00:00,2173.5,2179.5,2171.5,2177.5,22052
2026-07-10 09:40:00,2026-07-10 06:40:00+00:00,2026-07-10 06:50:00+00:00,2177.0,2177.5,2172.5,2173.0,7310
2026-07-10 09:50:00,2026-07-10 06:50:00+00:00,2026-07-10 07:00:00+00:00,2173.5,2178.5,2171.5,2177.5,9294
2026-07-10 10:00:00,2026-07-10 07:00:00+00:00,2026-07-10 07:10:00+00:00,2177.0,2177.0,2166.5,2168.5,19127
2026-07-10 10:10:00,2026-07-10 07:10:00+00:00,2026-07-10 07:20:00+00:00,2168.0,2169.0,2164.0,2166.0,16481
2026-07-10 10:20:00,2026-07-10 07:20:00+00:00,2026-07-10 07:30:00+00:00,2166.5,2167.5,2159.0,2165.5,18537
2026-07-10 10:30:00,2026-07-10 07:30:00+00:00,2026-07-10 07:40:00+00:00,2165.5,2177.0,2162.0,2175.0,27779
2026-07-10 10:40:00,2026-07-10 07:40:00+00:00,2026-07-10 07:50:00+00:00,2175.5,2177.0,2170.5,2170.5,9427
2026-07-10 10:50:00,2026-07-10 07:50:00+00:00,2026-07-10 08:00:00+00:00,2171.0,2172.5,2167.5,2168.5,5952
2026-07-10 11:00:00,2026-07-10 08:00:00+00:00,2026-07-10 08:10:00+00:00,2169.0,2169.5,2160.5,2163.5,15111
2026-07-10 11:10:00,2026-07-10 08:10:00+00:00,2026-07-10 08:20:00+00:00,2164.0,2168.0,2164.0,2167.5,9142
2026-07-10 11:20:00,2026-07-10 08:20:00+00:00,2026-07-10 08:30:00+00:00,2167.0,2167.0,2159.0,2161.0,11943
2026-07-10 11:30:00,2026-07-10 08:30:00+00:00,2026-07-10 08:40:00+00:00,2162.5,2170.5,2162.0,2166.5,10436
2026-07-10 11:40:00,2026-07-10 08:40:00+00:00,2026-07-10 08:50:00+00:00,2167.0,2172.5,2164.5,2164.5,8800
2026-07-10 11:50:00,2026-07-10 08:50:00+00:00,2026-07-10 09:00:00+00:00,2164.5,2166.5,2160.0,2160.5,6475
2026-07-10 12:00:00,2026-07-10 09:00:00+00:00,2026-07-10 09:10:00+00:00,2160.5,2160.5,2143.0,2151.0,54461
2026-07-10 12:10:00,2026-07-10 09:10:00+00:00,2026-07-10 09:20:00+00:00,2150.5,2154.0,2146.0,2148.0,19883
2026-07-10 12:20:00,2026-07-10 09:20:00+00:00,2026-07-10 09:30:00+00:00,2148.0,2153.0,2147.5,2148.0,11579
2026-07-10 12:30:00,2026-07-10 09:30:00+00:00,2026-07-10 09:40:00+00:00,2148.0,2157.5,2147.5,2155.5,22307
2026-07-10 12:40:00,2026-07-10 09:40:00+00:00,2026-07-10 09:50:00+00:00,2155.5,2163.0,2152.0,2155.0,29634
2026-07-10 12:50:00,2026-07-10 09:50:00+00:00,2026-07-10 10:00:00+00:00,2155.5,2155.5,2150.5,2153.5,9263
2026-07-10 13:00:00,2026-07-10 10:00:00+00:00,2026-07-10 10:10:00+00:00,2153.5,2161.0,2153.0,2157.5,17907
2026-07-10 13:10:00,2026-07-10 10:10:00+00:00,2026-07-10 10:20:00+00:00,2157.0,2159.0,2152.5,2155.5,6867
2026-07-10 13:20:00,2026-07-10 10:20:00+00:00,2026-07-10 10:30:00+00:00,2155.0,2157.5,2153.0,2154.0,7630
2026-07-10 13:30:00,2026-07-10 10:30:00+00:00,2026-07-10 10:40:00+00:00,2154.5,2158.0,2150.0,2150.0,6888
2026-07-10 13:40:00,2026-07-10 10:40:00+00:00,2026-07-10 10:50:00+00:00,2150.0,2156.0,2150.0,2153.0,9752
2026-07-10 13:50:00,2026-07-10 10:50:00+00:00,2026-07-10 11:00:00+00:00,2153.0,2157.5,2153.0,2157.0,3053
2026-07-10 14:00:00,2026-07-10 11:00:00+00:00,2026-07-10 11:10:00+00:00,2157.0,2158.5,2152.5,2154.5,5950
2026-07-10 14:10:00,2026-07-10 11:10:00+00:00,2026-07-10 11:20:00+00:00,2154.0,2158.5,2154.0,2158.5,1927
2026-07-10 14:20:00,2026-07-10 11:20:00+00:00,2026-07-10 11:30:00+00:00,2158.0,2175.5,2158.0,2169.5,52186
2026-07-10 14:30:00,2026-07-10 11:30:00+00:00,2026-07-10 11:40:00+00:00,2171.0,2181.5,2170.5,2171.5,32281
2026-07-10 14:40:00,2026-07-10 11:40:00+00:00,2026-07-10 11:50:00+00:00,2171.5,2173.0,2163.5,2166.0,15085
2026-07-10 14:50:00,2026-07-10 11:50:00+00:00,2026-07-10 12:00:00+00:00,2166.5,2168.0,2163.0,2164.5,7774
2026-07-10 15:00:00,2026-07-10 12:00:00+00:00,2026-07-10 12:10:00+00:00,2164.5,2167.0,2161.0,2162.0,9818
2026-07-10 15:10:00,2026-07-10 12:10:00+00:00,2026-07-10 12:20:00+00:00,2162.0,2163.5,2155.0,2159.0,15063
2026-07-10 15:20:00,2026-07-10 12:20:00+00:00,2026-07-10 12:30:00+00:00,2159.0,2162.0,2158.5,2159.0,7874
2026-07-10 15:30:00,2026-07-10 12:30:00+00:00,2026-07-10 12:40:00+00:00,2158.0,2160.5,2158.0,2160.5,2995
2026-07-10 15:40:00,2026-07-10 12:40:00+00:00,2026-07-10 12:50:00+00:00,2160.5,2161.5,2156.0,2158.5,6132
2026-07-10 15:50:00,2026-07-10 12:50:00+00:00,2026-07-10 13:00:00+00:00,2157.5,2161.0,2155.0,2157.5,10215
2026-07-10 16:00:00,2026-07-10 13:00:00+00:00,2026-07-10 13:10:00+00:00,2158.5,2160.5,2156.0,2160.0,3014
2026-07-10 16:10:00,2026-07-10 13:10:00+00:00,2026-07-10 13:20:00+00:00,2160.5,2162.5,2157.0,2160.0,5131
2026-07-10 16:20:00,2026-07-10 13:20:00+00:00,2026-07-10 13:30:00+00:00,2160.5,2168.5,2160.0,2164.0,13223
2026-07-10 16:30:00,2026-07-10 13:30:00+00:00,2026-07-10 13:40:00+00:00,2164.0,2166.0,2150.0,2156.0,26145
2026-07-10 16:40:00,2026-07-10 13:40:00+00:00,2026-07-10 13:50:00+00:00,2156.0,2158.0,2153.0,2155.0,11180
2026-07-10 16:50:00,2026-07-10 13:50:00+00:00,2026-07-10 14:00:00+00:00,2155.0,2155.5,2151.0,2154.0,13576
2026-07-10 17:00:00,2026-07-10 14:00:00+00:00,2026-07-10 14:10:00+00:00,2153.5,2161.0,2150.0,2159.0,20598
2026-07-10 17:10:00,2026-07-10 14:10:00+00:00,2026-07-10 14:20:00+00:00,2159.5,2159.5,2150.0,2150.5,7006
2026-07-10 17:20:00,2026-07-10 14:20:00+00:00,2026-07-10 14:30:00+00:00,2150.5,2154.5,2150.0,2153.5,7869
2026-07-10 17:30:00,2026-07-10 14:30:00+00:00,2026-07-10 14:40:00+00:00,2154.0,2162.5,2153.0,2157.0,11475
2026-07-10 17:40:00,2026-07-10 14:40:00+00:00,2026-07-10 14:50:00+00:00,2157.0,2157.0,2152.0,2152.0,3259
2026-07-10 17:50:00,2026-07-10 14:50:00+00:00,2026-07-10 15:00:00+00:00,2153.0,2156.0,2151.5,2156.0,3317
2026-07-10 18:00:00,2026-07-10 15:00:00+00:00,2026-07-10 15:10:00+00:00,2155.5,2155.5,2148.0,2148.5,8389
2026-07-10 18:10:00,2026-07-10 15:10:00+00:00,2026-07-10 15:20:00+00:00,2149.0,2152.0,2148.0,2151.0,7057
2026-07-10 18:20:00,2026-07-10 15:20:00+00:00,2026-07-10 15:30:00+00:00,2151.0,2153.0,2146.0,2147.0,5979
2026-07-10 18:30:00,2026-07-10 15:30:00+00:00,2026-07-10 15:40:00+00:00,2147.0,2149.5,2140.0,2145.0,27045
2026-07-10 18:40:00,2026-07-10 15:40:00+00:00,2026-07-10 15:50:00+00:00,2145.0,2145.0,2138.0,2145.0,15617
2026-07-10 18:50:00,2026-07-10 15:50:00+00:00,2026-07-10 16:00:00+00:00,2145.0,2146.5,2139.0,2139.5,11439
2026-07-10 19:00:00,2026-07-10 16:00:00+00:00,2026-07-10 16:10:00+00:00,2140.0,2146.0,2139.0,2144.0,7092
2026-07-10 19:10:00,2026-07-10 16:10:00+00:00,2026-07-10 16:20:00+00:00,2144.0,2144.5,2141.5,2144.0,3870
2026-07-10 19:20:00,2026-07-10 16:20:00+00:00,2026-07-10 16:30:00+00:00,2144.0,2144.5,2142.0,2142.0,5168
2026-07-10 19:30:00,2026-07-10 16:30:00+00:00,2026-07-10 16:40:00+00:00,2141.5,2142.5,2139.0,2142.5,5720
2026-07-10 19:40:00,2026-07-10 16:40:00+00:00,2026-07-10 16:50:00+00:00,2142.5,2149.0,2142.5,2144.5,9344
2026-07-10 19:50:00,2026-07-10 16:50:00+00:00,2026-07-10 17:00:00+00:00,2144.5,2146.0,2142.5,2145.0,3967
2026-07-10 20:00:00,2026-07-10 17:00:00+00:00,2026-07-10 17:10:00+00:00,2145.0,2147.5,2142.0,2142.0,9268
2026-07-10 20:10:00,2026-07-10 17:10:00+00:00,2026-07-10 17:20:00+00:00,2143.0,2143.5,2141.0,2142.0,3482
2026-07-10 20:20:00,2026-07-10 17:20:00+00:00,2026-07-10 17:30:00+00:00,2142.0,2144.0,2142.0,2144.0,1806
2026-07-10 20:30:00,2026-07-10 17:30:00+00:00,2026-07-10 17:40:00+00:00,2144.0,2144.5,2142.0,2143.5,1395
2026-07-10 20:40:00,2026-07-10 17:40:00+00:00,2026-07-10 17:50:00+00:00,2144.5,2146.0,2143.0,2143.0,2842
2026-07-10 20:50:00,2026-07-10 17:50:00+00:00,2026-07-10 18:00:00+00:00,2143.5,2144.0,2141.0,2142.5,3901
2026-07-10 21:00:00,2026-07-10 18:00:00+00:00,2026-07-10 18:10:00+00:00,2141.5,2143.5,2141.0,2142.0,2950
2026-07-10 21:10:00,2026-07-10 18:10:00+00:00,2026-07-10 18:20:00+00:00,2142.0,2144.0,2141.0,2142.0,4376
2026-07-10 21:20:00,2026-07-10 18:20:00+00:00,2026-07-10 18:30:00+00:00,2141.5,2143.0,2140.0,2142.5,1982
2026-07-10 21:30:00,2026-07-10 18:30:00+00:00,2026-07-10 18:40:00+00:00,2143.0,2144.0,2142.5,2143.0,1324
2026-07-10 21:40:00,2026-07-10 18:40:00+00:00,2026-07-10 18:50:00+00:00,2143.5,2144.5,2142.5,2144.5,1073
2026-07-10 21:50:00,2026-07-10 18:50:00+00:00,2026-07-10 19:00:00+00:00,2144.5,2144.5,2143.0,2143.0,1014
2026-07-10 22:00:00,2026-07-10 19:00:00+00:00,2026-07-10 19:10:00+00:00,2143.0,2145.0,2142.5,2145.0,1190
2026-07-10 22:10:00,2026-07-10 19:10:00+00:00,2026-07-10 19:20:00+00:00,2145.0,2146.0,2144.5,2145.5,3865
2026-07-10 22:20:00,2026-07-10 19:20:00+00:00,2026-07-10 19:30:00+00:00,2145.5,2146.0,2144.0,2145.0,2660
2026-07-10 22:30:00,2026-07-10 19:30:00+00:00,2026-07-10 19:40:00+00:00,2145.0,2147.0,2144.0,2145.0,2414
2026-07-10 22:40:00,2026-07-10 19:40:00+00:00,2026-07-10 19:50:00+00:00,2145.0,2145.0,2143.0,2144.0,2384
2026-07-10 22:50:00,2026-07-10 19:50:00+00:00,2026-07-10 20:00:00+00:00,2144.0,2145.5,2144.0,2145.0,1955
2026-07-10 23:00:00,2026-07-10 20:00:00+00:00,2026-07-10 20:10:00+00:00,2144.5,2145.0,2144.0,2144.0,1316
2026-07-10 23:10:00,2026-07-10 20:10:00+00:00,2026-07-10 20:20:00+00:00,2144.0,2146.5,2144.0,2144.0,3184
2026-07-10 23:20:00,2026-07-10 20:20:00+00:00,2026-07-10 20:30:00+00:00,2144.0,2144.5,2143.5,2144.5,1324
2026-07-10 23:30:00,2026-07-10 20:30:00+00:00,2026-07-10 20:40:00+00:00,2144.0,2145.0,2143.5,2144.5,2377
2026-07-10 23:40:00,2026-07-10 20:40:00+00:00,2026-07-10 20:50:00+00:00,2144.5,2146.5,2144.0,2146.0,3323
2026-07-11 09:50:00,2026-07-11 06:50:00+00:00,2026-07-11 07:00:00+00:00,2145.0,2145.0,2145.0,2145.0,31
2026-07-11 10:00:00,2026-07-11 07:00:00+00:00,2026-07-11 07:10:00+00:00,2145.0,2148.5,2142.0,2143.0,6287
2026-07-11 10:10:00,2026-07-11 07:10:00+00:00,2026-07-11 07:20:00+00:00,2143.0,2144.5,2140.0,2142.0,2435
2026-07-11 10:20:00,2026-07-11 07:20:00+00:00,2026-07-11 07:30:00+00:00,2142.0,2143.0,2141.0,2143.0,1160
2026-07-11 10:30:00,2026-07-11 07:30:00+00:00,2026-07-11 07:40:00+00:00,2143.0,2144.5,2143.0,2144.5,1513
2026-07-11 10:40:00,2026-07-11 07:40:00+00:00,2026-07-11 07:50:00+00:00,2144.0,2145.0,2144.0,2144.5,1043
2026-07-11 10:50:00,2026-07-11 07:50:00+00:00,2026-07-11 08:00:00+00:00,2144.0,2145.5,2143.0,2143.0,1027
2026-07-11 11:00:00,2026-07-11 08:00:00+00:00,2026-07-11 08:10:00+00:00,2143.0,2143.5,2141.5,2142.0,927
2026-07-11 11:10:00,2026-07-11 08:10:00+00:00,2026-07-11 08:20:00+00:00,2141.5,2142.0,2141.0,2141.0,1206
2026-07-11 11:20:00,2026-07-11 08:20:00+00:00,2026-07-11 08:30:00+00:00,2141.0,2142.0,2141.0,2141.5,385
2026-07-11 11:30:00,2026-07-11 08:30:00+00:00,2026-07-11 08:40:00+00:00,2141.0,2141.0,2139.0,2140.5,1449
2026-07-11 11:40:00,2026-07-11 08:40:00+00:00,2026-07-11 08:50:00+00:00,2139.5,2140.0,2137.5,2138.5,1904
2026-07-11 11:50:00,2026-07-11 08:50:00+00:00,2026-07-11 09:00:00+00:00,2138.5,2139.5,2138.5,2139.0,153
2026-07-11 12:00:00,2026-07-11 09:00:00+00:00,2026-07-11 09:10:00+00:00,2139.0,2139.5,2135.0,2135.5,4711
2026-07-11 12:10:00,2026-07-11 09:10:00+00:00,2026-07-11 09:20:00+00:00,2136.5,2136.5,2135.0,2135.0,1731
2026-07-11 12:20:00,2026-07-11 09:20:00+00:00,2026-07-11 09:30:00+00:00,2135.0,2136.0,2133.0,2136.0,2806
2026-07-11 12:30:00,2026-07-11 09:30:00+00:00,2026-07-11 09:40:00+00:00,2136.0,2137.0,2135.5,2137.0,1042
2026-07-11 12:40:00,2026-07-11 09:40:00+00:00,2026-07-11 09:50:00+00:00,2136.5,2138.0,2136.5,2137.5,719
2026-07-11 12:50:00,2026-07-11 09:50:00+00:00,2026-07-11 10:00:00+00:00,2137.0,2137.5,2135.0,2135.0,742
2026-07-11 13:00:00,2026-07-11 10:00:00+00:00,2026-07-11 10:10:00+00:00,2136.0,2138.5,2135.0,2138.0,2717
2026-07-11 13:10:00,2026-07-11 10:10:00+00:00,2026-07-11 10:20:00+00:00,2138.0,2139.5,2138.0,2139.0,816
2026-07-11 13:20:00,2026-07-11 10:20:00+00:00,2026-07-11 10:30:00+00:00,2138.5,2139.0,2138.0,2138.5,166
2026-07-11 13:30:00,2026-07-11 10:30:00+00:00,2026-07-11 10:40:00+00:00,2139.0,2139.5,2138.0,2138.0,356
2026-07-11 13:40:00,2026-07-11 10:40:00+00:00,2026-07-11 10:50:00+00:00,2138.0,2139.0,2138.0,2138.5,784
2026-07-11 13:50:00,2026-07-11 10:50:00+00:00,2026-07-11 11:00:00+00:00,2139.0,2141.5,2138.5,2140.0,4918
2026-07-11 14:00:00,2026-07-11 11:00:00+00:00,2026-07-11 11:10:00+00:00,2140.5,2141.5,2140.0,2140.5,1084
2026-07-11 14:10:00,2026-07-11 11:10:00+00:00,2026-07-11 11:20:00+00:00,2140.5,2141.0,2140.5,2140.5,227
2026-07-11 14:20:00,2026-07-11 11:20:00+00:00,2026-07-11 11:30:00+00:00,2140.5,2141.0,2140.5,2140.5,119
2026-07-11 14:30:00,2026-07-11 11:30:00+00:00,2026-07-11 11:40:00+00:00,2141.0,2141.0,2140.0,2140.5,194
2026-07-11 14:40:00,2026-07-11 11:40:00+00:00,2026-07-11 11:50:00+00:00,2140.5,2141.0,2140.0,2140.0,1854
2026-07-11 14:50:00,2026-07-11 11:50:00+00:00,2026-07-11 12:00:00+00:00,2140.5,2141.0,2139.5,2139.5,792
2026-07-11 15:00:00,2026-07-11 12:00:00+00:00,2026-07-11 12:10:00+00:00,2140.0,2140.5,2139.5,2140.0,333
2026-07-11 15:10:00,2026-07-11 12:10:00+00:00,2026-07-11 12:20:00+00:00,2140.0,2140.5,2139.0,2139.0,581
2026-07-11 15:20:00,2026-07-11 12:20:00+00:00,2026-07-11 12:30:00+00:00,2139.0,2140.0,2138.0,2139.0,375
2026-07-11 15:30:00,2026-07-11 12:30:00+00:00,2026-07-11 12:40:00+00:00,2139.0,2140.5,2139.0,2139.0,268
2026-07-11 15:40:00,2026-07-11 12:40:00+00:00,2026-07-11 12:50:00+00:00,2139.5,2140.0,2138.5,2139.0,162
2026-07-11 15:50:00,2026-07-11 12:50:00+00:00,2026-07-11 13:00:00+00:00,2139.0,2140.0,2139.0,2140.0,273
2026-07-11 16:00:00,2026-07-11 13:00:00+00:00,2026-07-11 13:10:00+00:00,2139.5,2140.0,2139.5,2140.0,72
2026-07-11 16:10:00,2026-07-11 13:10:00+00:00,2026-07-11 13:20:00+00:00,2139.5,2140.0,2139.5,2139.5,164
2026-07-11 16:20:00,2026-07-11 13:20:00+00:00,2026-07-11 13:30:00+00:00,2139.5,2140.0,2139.5,2140.0,58
2026-07-11 16:30:00,2026-07-11 13:30:00+00:00,2026-07-11 13:40:00+00:00,2139.5,2140.0,2139.0,2139.0,275
2026-07-11 16:40:00,2026-07-11 13:40:00+00:00,2026-07-11 13:50:00+00:00,2139.5,2140.0,2139.0,2139.0,289
2026-07-11 16:50:00,2026-07-11 13:50:00+00:00,2026-07-11 14:00:00+00:00,2139.0,2139.5,2139.0,2139.0,102
2026-07-11 17:00:00,2026-07-11 14:00:00+00:00,2026-07-11 14:10:00+00:00,2139.5,2139.5,2139.0,2139.5,14
2026-07-11 17:10:00,2026-07-11 14:10:00+00:00,2026-07-11 14:20:00+00:00,2139.5,2139.5,2138.0,2139.0,1023
2026-07-11 17:20:00,2026-07-11 14:20:00+00:00,2026-07-11 14:30:00+00:00,2139.0,2139.0,2137.5,2138.0,206
2026-07-11 17:30:00,2026-07-11 14:30:00+00:00,2026-07-11 14:40:00+00:00,2138.5,2138.5,2137.5,2138.0,244
2026-07-11 17:40:00,2026-07-11 14:40:00+00:00,2026-07-11 14:50:00+00:00,2138.5,2139.5,2138.0,2138.5,997
2026-07-11 17:50:00,2026-07-11 14:50:00+00:00,2026-07-11 15:00:00+00:00,2138.5,2141.0,2138.5,2140.5,1867
2026-07-11 18:00:00,2026-07-11 15:00:00+00:00,2026-07-11 15:10:00+00:00,2140.5,2141.5,2140.0,2140.5,776
2026-07-11 18:10:00,2026-07-11 15:10:00+00:00,2026-07-11 15:20:00+00:00,2141.0,2141.0,2140.0,2140.5,196
2026-07-11 18:20:00,2026-07-11 15:20:00+00:00,2026-07-11 15:30:00+00:00,2140.5,2141.0,2140.0,2140.5,1712
2026-07-11 18:30:00,2026-07-11 15:30:00+00:00,2026-07-11 15:40:00+00:00,2141.0,2141.0,2140.0,2141.0,959
2026-07-11 18:40:00,2026-07-11 15:40:00+00:00,2026-07-11 15:50:00+00:00,2141.0,2141.5,2140.5,2141.5,995
2026-07-11 18:50:00,2026-07-11 15:50:00+00:00,2026-07-11 16:00:00+00:00,2140.5,2145.0,2140.0,2143.5,3746
2026-07-12 09:50:00,2026-07-12 06:50:00+00:00,2026-07-12 07:00:00+00:00,2148.0,2148.0,2148.0,2148.0,567
2026-07-12 10:00:00,2026-07-12 07:00:00+00:00,2026-07-12 07:10:00+00:00,2148.0,2154.5,2142.5,2152.0,14310
2026-07-12 10:10:00,2026-07-12 07:10:00+00:00,2026-07-12 07:20:00+00:00,2151.0,2153.0,2147.5,2149.5,3469
2026-07-12 10:20:00,2026-07-12 07:20:00+00:00,2026-07-12 07:30:00+00:00,2149.5,2151.0,2148.5,2149.0,1229
2026-07-12 10:30:00,2026-07-12 07:30:00+00:00,2026-07-12 07:40:00+00:00,2149.5,2152.0,2149.0,2151.5,2184
2026-07-12 10:40:00,2026-07-12 07:40:00+00:00,2026-07-12 07:50:00+00:00,2151.0,2152.0,2151.0,2152.0,1517
2026-07-12 10:50:00,2026-07-12 07:50:00+00:00,2026-07-12 08:00:00+00:00,2152.0,2154.5,2151.5,2153.5,2758
2026-07-12 11:00:00,2026-07-12 08:00:00+00:00,2026-07-12 08:10:00+00:00,2153.5,2154.0,2153.0,2153.5,1023
2026-07-12 11:10:00,2026-07-12 08:10:00+00:00,2026-07-12 08:20:00+00:00,2153.5,2154.5,2151.0,2151.0,1911
2026-07-12 11:20:00,2026-07-12 08:20:00+00:00,2026-07-12 08:30:00+00:00,2151.0,2152.5,2150.5,2152.5,562
2026-07-12 11:30:00,2026-07-12 08:30:00+00:00,2026-07-12 08:40:00+00:00,2152.0,2154.0,2152.0,2153.0,634
2026-07-12 11:40:00,2026-07-12 08:40:00+00:00,2026-07-12 08:50:00+00:00,2153.0,2159.5,2152.0,2158.0,6910
2026-07-12 11:50:00,2026-07-12 08:50:00+00:00,2026-07-12 09:00:00+00:00,2158.0,2160.0,2156.0,2160.0,3631
2026-07-12 12:00:00,2026-07-12 09:00:00+00:00,2026-07-12 09:10:00+00:00,2160.0,2160.0,2156.5,2157.0,2834
2026-07-12 12:10:00,2026-07-12 09:10:00+00:00,2026-07-12 09:20:00+00:00,2157.0,2158.0,2156.0,2157.5,1112
2026-07-12 12:20:00,2026-07-12 09:20:00+00:00,2026-07-12 09:30:00+00:00,2157.0,2158.0,2156.0,2157.0,559
2026-07-12 12:30:00,2026-07-12 09:30:00+00:00,2026-07-12 09:40:00+00:00,2156.0,2157.5,2155.5,2155.5,716
2026-07-12 12:40:00,2026-07-12 09:40:00+00:00,2026-07-12 09:50:00+00:00,2156.5,2158.0,2155.5,2157.0,441
2026-07-12 12:50:00,2026-07-12 09:50:00+00:00,2026-07-12 10:00:00+00:00,2157.0,2157.0,2156.0,2156.0,2117
2026-07-12 13:00:00,2026-07-12 10:00:00+00:00,2026-07-12 10:10:00+00:00,2157.0,2157.0,2155.5,2155.5,765
2026-07-12 13:10:00,2026-07-12 10:10:00+00:00,2026-07-12 10:20:00+00:00,2155.5,2156.0,2154.5,2155.0,669
2026-07-12 13:20:00,2026-07-12 10:20:00+00:00,2026-07-12 10:30:00+00:00,2155.0,2157.0,2154.5,2156.0,588
2026-07-12 13:30:00,2026-07-12 10:30:00+00:00,2026-07-12 10:40:00+00:00,2157.0,2157.5,2156.0,2156.5,184
2026-07-12 13:40:00,2026-07-12 10:40:00+00:00,2026-07-12 10:50:00+00:00,2156.5,2160.0,2156.5,2158.5,2407
2026-07-12 13:50:00,2026-07-12 10:50:00+00:00,2026-07-12 11:00:00+00:00,2158.0,2159.0,2157.0,2157.5,443
2026-07-12 14:00:00,2026-07-12 11:00:00+00:00,2026-07-12 11:10:00+00:00,2157.5,2159.0,2157.5,2158.0,610
2026-07-12 14:10:00,2026-07-12 11:10:00+00:00,2026-07-12 11:20:00+00:00,2157.5,2158.5,2157.5,2158.5,409
2026-07-12 14:20:00,2026-07-12 11:20:00+00:00,2026-07-12 11:30:00+00:00,2158.0,2159.0,2158.0,2158.5,415
2026-07-12 14:30:00,2026-07-12 11:30:00+00:00,2026-07-12 11:40:00+00:00,2158.0,2158.5,2155.5,2156.0,903
2026-07-12 14:40:00,2026-07-12 11:40:00+00:00,2026-07-12 11:50:00+00:00,2156.0,2157.5,2156.0,2156.0,550
2026-07-12 14:50:00,2026-07-12 11:50:00+00:00,2026-07-12 12:00:00+00:00,2156.0,2157.0,2155.5,2157.0,1053
2026-07-12 15:00:00,2026-07-12 12:00:00+00:00,2026-07-12 12:10:00+00:00,2156.5,2157.0,2156.0,2156.0,70
2026-07-12 15:10:00,2026-07-12 12:10:00+00:00,2026-07-12 12:20:00+00:00,2156.0,2156.5,2156.0,2156.5,330
2026-07-12 15:20:00,2026-07-12 12:20:00+00:00,2026-07-12 12:30:00+00:00,2156.0,2157.0,2156.0,2156.5,650
2026-07-12 15:30:00,2026-07-12 12:30:00+00:00,2026-07-12 12:40:00+00:00,2156.5,2156.5,2155.0,2155.5,625
2026-07-12 15:40:00,2026-07-12 12:40:00+00:00,2026-07-12 12:50:00+00:00,2155.0,2156.0,2155.0,2155.0,427
2026-07-12 15:50:00,2026-07-12 12:50:00+00:00,2026-07-12 13:00:00+00:00,2155.0,2156.0,2155.0,2155.5,456
2026-07-12 16:00:00,2026-07-12 13:00:00+00:00,2026-07-12 13:10:00+00:00,2155.5,2158.5,2155.5,2157.0,1162
2026-07-12 16:10:00,2026-07-12 13:10:00+00:00,2026-07-12 13:20:00+00:00,2157.0,2157.5,2156.0,2156.0,580
2026-07-12 16:20:00,2026-07-12 13:20:00+00:00,2026-07-12 13:30:00+00:00,2156.5,2157.5,2156.0,2157.5,1333
2026-07-12 16:30:00,2026-07-12 13:30:00+00:00,2026-07-12 13:40:00+00:00,2157.5,2157.5,2156.5,2157.0,595
2026-07-12 16:40:00,2026-07-12 13:40:00+00:00,2026-07-12 13:50:00+00:00,2156.5,2157.5,2156.5,2156.5,794
2026-07-12 16:50:00,2026-07-12 13:50:00+00:00,2026-07-12 14:00:00+00:00,2156.5,2159.0,2156.5,2157.0,526
2026-07-12 17:00:00,2026-07-12 14:00:00+00:00,2026-07-12 14:10:00+00:00,2157.5,2158.5,2156.0,2156.0,1391
2026-07-12 17:10:00,2026-07-12 14:10:00+00:00,2026-07-12 14:20:00+00:00,2156.0,2156.0,2154.0,2154.0,1935
2026-07-12 17:20:00,2026-07-12 14:20:00+00:00,2026-07-12 14:30:00+00:00,2154.0,2155.0,2154.0,2154.0,256
2026-07-12 17:30:00,2026-07-12 14:30:00+00:00,2026-07-12 14:40:00+00:00,2153.5,2154.5,2153.5,2153.5,434
2026-07-12 17:40:00,2026-07-12 14:40:00+00:00,2026-07-12 14:50:00+00:00,2153.5,2154.5,2153.5,2154.0,581
2026-07-12 17:50:00,2026-07-12 14:50:00+00:00,2026-07-12 15:00:00+00:00,2154.0,2155.5,2154.0,2155.5,1010
2026-07-12 18:00:00,2026-07-12 15:00:00+00:00,2026-07-12 15:10:00+00:00,2156.0,2156.0,2154.0,2155.5,443
2026-07-12 18:10:00,2026-07-12 15:10:00+00:00,2026-07-12 15:20:00+00:00,2155.5,2156.5,2155.5,2155.5,1026
2026-07-12 18:20:00,2026-07-12 15:20:00+00:00,2026-07-12 15:30:00+00:00,2155.5,2158.0,2155.0,2155.5,1318
2026-07-12 18:30:00,2026-07-12 15:30:00+00:00,2026-07-12 15:40:00+00:00,2155.5,2156.0,2155.5,2156.0,992
2026-07-12 18:40:00,2026-07-12 15:40:00+00:00,2026-07-12 15:50:00+00:00,2156.0,2156.0,2155.0,2155.0,1369
2026-07-12 18:50:00,2026-07-12 15:50:00+00:00,2026-07-12 16:00:00+00:00,2156.0,2159.5,2155.0,2158.0,2212
2026-07-13 08:50:00,2026-07-13 05:50:00+00:00,2026-07-13 06:00:00+00:00,2160.0,2160.0,2160.0,2160.0,354
2026-07-13 09:00:00,2026-07-13 06:00:00+00:00,2026-07-13 06:10:00+00:00,2159.0,2167.0,2155.5,2159.0,21216
2026-07-13 09:10:00,2026-07-13 06:10:00+00:00,2026-07-13 06:20:00+00:00,2159.5,2161.5,2149.5,2152.0,18645
2026-07-13 09:20:00,2026-07-13 06:20:00+00:00,2026-07-13 06:30:00+00:00,2151.5,2153.5,2148.0,2148.0,7854
2026-07-13 09:30:00,2026-07-13 06:30:00+00:00,2026-07-13 06:40:00+00:00,2148.5,2152.5,2148.0,2151.5,6441
2026-07-13 09:40:00,2026-07-13 06:40:00+00:00,2026-07-13 06:50:00+00:00,2151.5,2154.0,2150.0,2154.0,4277
2026-07-13 09:50:00,2026-07-13 06:50:00+00:00,2026-07-13 07:00:00+00:00,2153.5,2155.0,2146.0,2152.0,13042
2026-07-13 10:00:00,2026-07-13 07:00:00+00:00,2026-07-13 07:10:00+00:00,2151.0,2152.0,2148.0,2148.5,11038
2026-07-13 10:10:00,2026-07-13 07:10:00+00:00,2026-07-13 07:20:00+00:00,2148.5,2173.0,2148.0,2170.0,52648
2026-07-13 10:20:00,2026-07-13 07:20:00+00:00,2026-07-13 07:30:00+00:00,2170.5,2178.5,2166.5,2177.0,55966
2026-07-13 10:30:00,2026-07-13 07:30:00+00:00,2026-07-13 07:40:00+00:00,2176.5,2195.5,2174.5,2187.5,78273
2026-07-13 10:40:00,2026-07-13 07:40:00+00:00,2026-07-13 07:50:00+00:00,2188.0,2190.0,2183.5,2183.5,35035
2026-07-13 10:50:00,2026-07-13 07:50:00+00:00,2026-07-13 08:00:00+00:00,2184.0,2198.5,2179.0,2197.5,40015
2026-07-13 11:00:00,2026-07-13 08:00:00+00:00,2026-07-13 08:10:00+00:00,2198.0,2199.0,2182.0,2184.5,37240
2026-07-13 11:10:00,2026-07-13 08:10:00+00:00,2026-07-13 08:20:00+00:00,2184.0,2187.5,2176.5,2177.5,35445
2026-07-13 11:20:00,2026-07-13 08:20:00+00:00,2026-07-13 08:30:00+00:00,2177.5,2184.0,2177.0,2179.0,22704
2026-07-13 11:30:00,2026-07-13 08:30:00+00:00,2026-07-13 08:40:00+00:00,2179.0,2183.5,2175.0,2180.5,15474
2026-07-13 11:40:00,2026-07-13 08:40:00+00:00,2026-07-13 08:50:00+00:00,2180.0,2191.5,2180.0,2187.5,24198
2026-07-13 11:50:00,2026-07-13 08:50:00+00:00,2026-07-13 09:00:00+00:00,2187.5,2187.5,2182.5,2186.5,9417
2026-07-13 12:00:00,2026-07-13 09:00:00+00:00,2026-07-13 09:10:00+00:00,2186.5,2186.5,2177.5,2180.5,14696
2026-07-13 12:10:00,2026-07-13 09:10:00+00:00,2026-07-13 09:20:00+00:00,2180.0,2187.0,2179.5,2183.0,11606
2026-07-13 12:20:00,2026-07-13 09:20:00+00:00,2026-07-13 09:30:00+00:00,2183.0,2191.0,2181.5,2185.0,12171
2026-07-13 12:30:00,2026-07-13 09:30:00+00:00,2026-07-13 09:40:00+00:00,2185.0,2193.0,2184.5,2188.0,13630
2026-07-13 12:40:00,2026-07-13 09:40:00+00:00,2026-07-13 09:50:00+00:00,2188.5,2192.5,2185.5,2190.0,10369
2026-07-13 12:50:00,2026-07-13 09:50:00+00:00,2026-07-13 10:00:00+00:00,2190.0,2196.0,2184.5,2192.5,12885
2026-07-13 13:00:00,2026-07-13 10:00:00+00:00,2026-07-13 10:10:00+00:00,2192.0,2195.5,2186.5,2188.0,11067
2026-07-13 13:10:00,2026-07-13 10:10:00+00:00,2026-07-13 10:20:00+00:00,2189.0,2190.0,2183.5,2187.5,11956
2026-07-13 13:20:00,2026-07-13 10:20:00+00:00,2026-07-13 10:30:00+00:00,2187.5,2191.0,2185.0,2187.0,11802
2026-07-13 13:30:00,2026-07-13 10:30:00+00:00,2026-07-13 10:40:00+00:00,2187.0,2192.5,2186.0,2191.0,8248
2026-07-13 13:40:00,2026-07-13 10:40:00+00:00,2026-07-13 10:50:00+00:00,2191.5,2191.5,2188.5,2188.5,2345
2026-07-13 13:50:00,2026-07-13 10:50:00+00:00,2026-07-13 11:00:00+00:00,2189.0,2195.5,2189.0,2194.5,12779
2026-07-13 14:00:00,2026-07-13 11:00:00+00:00,2026-07-13 11:10:00+00:00,2195.0,2199.5,2190.5,2193.5,15509
2026-07-13 14:10:00,2026-07-13 11:10:00+00:00,2026-07-13 11:20:00+00:00,2193.5,2197.0,2191.0,2192.0,8645
2026-07-13 14:20:00,2026-07-13 11:20:00+00:00,2026-07-13 11:30:00+00:00,2192.5,2198.5,2192.0,2193.0,8743
2026-07-13 14:30:00,2026-07-13 11:30:00+00:00,2026-07-13 11:40:00+00:00,2193.0,2203.5,2192.5,2197.5,20565
2026-07-13 14:40:00,2026-07-13 11:40:00+00:00,2026-07-13 11:50:00+00:00,2198.0,2200.0,2189.0,2190.0,21127
2026-07-13 14:50:00,2026-07-13 11:50:00+00:00,2026-07-13 12:00:00+00:00,2190.0,2192.0,2186.0,2188.0,13344
2026-07-13 15:00:00,2026-07-13 12:00:00+00:00,2026-07-13 12:10:00+00:00,2187.0,2190.5,2184.0,2188.5,18220
2026-07-13 15:10:00,2026-07-13 12:10:00+00:00,2026-07-13 12:20:00+00:00,2188.0,2190.5,2184.0,2189.0,6415
2026-07-13 15:20:00,2026-07-13 12:20:00+00:00,2026-07-13 12:30:00+00:00,2189.0,2195.0,2188.5,2194.5,9669
2026-07-13 15:30:00,2026-07-13 12:30:00+00:00,2026-07-13 12:40:00+00:00,2195.0,2197.0,2191.5,2193.5,13251
2026-07-13 15:40:00,2026-07-13 12:40:00+00:00,2026-07-13 12:50:00+00:00,2193.5,2194.0,2190.5,2191.5,5699
2026-07-13 15:50:00,2026-07-13 12:50:00+00:00,2026-07-13 13:00:00+00:00,2192.0,2192.0,2188.5,2190.5,3988
2026-07-13 16:00:00,2026-07-13 13:00:00+00:00,2026-07-13 13:10:00+00:00,2190.5,2193.0,2187.0,2193.0,6228
2026-07-13 16:10:00,2026-07-13 13:10:00+00:00,2026-07-13 13:20:00+00:00,2193.0,2197.0,2193.0,2195.0,7612
2026-07-13 16:20:00,2026-07-13 13:20:00+00:00,2026-07-13 13:30:00+00:00,2195.0,2195.5,2190.5,2191.5,3998
2026-07-13 16:30:00,2026-07-13 13:30:00+00:00,2026-07-13 13:40:00+00:00,2191.5,2195.0,2191.0,2191.5,4630
2026-07-13 16:40:00,2026-07-13 13:40:00+00:00,2026-07-13 13:50:00+00:00,2193.0,2200.5,2193.0,2199.0,18806
2026-07-13 16:50:00,2026-07-13 13:50:00+00:00,2026-07-13 14:00:00+00:00,2199.0,2202.5,2194.0,2197.0,11873
2026-07-13 17:00:00,2026-07-13 14:00:00+00:00,2026-07-13 14:10:00+00:00,2198.0,2199.5,2190.5,2191.0,7983
2026-07-13 17:10:00,2026-07-13 14:10:00+00:00,2026-07-13 14:20:00+00:00,2191.5,2192.0,2175.5,2189.5,60707
2026-07-13 17:20:00,2026-07-13 14:20:00+00:00,2026-07-13 14:30:00+00:00,2189.0,2190.5,2178.0,2180.0,15967
2026-07-13 17:30:00,2026-07-13 14:30:00+00:00,2026-07-13 14:40:00+00:00,2180.0,2185.0,2177.5,2181.5,18066
2026-07-13 17:40:00,2026-07-13 14:40:00+00:00,2026-07-13 14:50:00+00:00,2181.5,2185.0,2175.5,2175.5,10400
2026-07-13 17:50:00,2026-07-13 14:50:00+00:00,2026-07-13 15:00:00+00:00,2176.0,2177.0,2167.0,2171.0,33771
2026-07-13 18:00:00,2026-07-13 15:00:00+00:00,2026-07-13 15:10:00+00:00,2171.0,2171.5,2158.5,2160.5,37636
2026-07-13 18:10:00,2026-07-13 15:10:00+00:00,2026-07-13 15:20:00+00:00,2161.0,2164.5,2155.0,2164.0,37741
2026-07-13 18:20:00,2026-07-13 15:20:00+00:00,2026-07-13 15:30:00+00:00,2163.5,2166.5,2158.0,2159.0,19772
2026-07-13 18:30:00,2026-07-13 15:30:00+00:00,2026-07-13 15:40:00+00:00,2158.5,2165.0,2157.0,2158.5,13514
2026-07-13 18:40:00,2026-07-13 15:40:00+00:00,2026-07-13 15:50:00+00:00,2158.5,2164.5,2158.0,2164.5,5237
2026-07-13 18:50:00,2026-07-13 15:50:00+00:00,2026-07-13 16:00:00+00:00,2163.5,2164.0,2162.0,2162.0,3670
2026-07-13 19:00:00,2026-07-13 16:00:00+00:00,2026-07-13 16:10:00+00:00,2162.5,2165.5,2160.5,2165.5,7402
2026-07-13 19:10:00,2026-07-13 16:10:00+00:00,2026-07-13 16:20:00+00:00,2165.5,2167.0,2163.5,2164.0,6465
2026-07-13 19:20:00,2026-07-13 16:20:00+00:00,2026-07-13 16:30:00+00:00,2164.0,2166.5,2162.5,2163.0,3736
2026-07-13 19:30:00,2026-07-13 16:30:00+00:00,2026-07-13 16:40:00+00:00,2163.0,2165.0,2161.5,2164.0,3714
2026-07-13 19:40:00,2026-07-13 16:40:00+00:00,2026-07-13 16:50:00+00:00,2163.5,2166.0,2163.5,2165.0,2224
2026-07-13 19:50:00,2026-07-13 16:50:00+00:00,2026-07-13 17:00:00+00:00,2165.0,2168.0,2164.0,2166.5,4718
2026-07-13 20:00:00,2026-07-13 17:00:00+00:00,2026-07-13 17:10:00+00:00,2166.5,2167.5,2164.5,2166.0,2167
2026-07-13 20:10:00,2026-07-13 17:10:00+00:00,2026-07-13 17:20:00+00:00,2165.5,2165.5,2162.0,2164.0,2181
2026-07-13 20:20:00,2026-07-13 17:20:00+00:00,2026-07-13 17:30:00+00:00,2164.0,2166.5,2162.5,2165.0,1696
2026-07-13 20:30:00,2026-07-13 17:30:00+00:00,2026-07-13 17:40:00+00:00,2165.0,2168.0,2165.0,2167.0,4087
2026-07-13 20:40:00,2026-07-13 17:40:00+00:00,2026-07-13 17:50:00+00:00,2167.0,2170.0,2166.5,2170.0,5123
2026-07-13 20:50:00,2026-07-13 17:50:00+00:00,2026-07-13 18:00:00+00:00,2169.5,2175.0,2169.5,2174.5,9618
2026-07-13 21:00:00,2026-07-13 18:00:00+00:00,2026-07-13 18:10:00+00:00,2174.5,2175.0,2170.0,2173.5,9252
2026-07-13 21:10:00,2026-07-13 18:10:00+00:00,2026-07-13 18:20:00+00:00,2173.5,2174.5,2170.5,2172.5,6843
2026-07-13 21:20:00,2026-07-13 18:20:00+00:00,2026-07-13 18:30:00+00:00,2172.5,2175.0,2172.5,2174.0,5045
2026-07-13 21:30:00,2026-07-13 18:30:00+00:00,2026-07-13 18:40:00+00:00,2174.0,2177.5,2174.0,2174.5,4994
2026-07-13 21:40:00,2026-07-13 18:40:00+00:00,2026-07-13 18:50:00+00:00,2174.5,2176.5,2171.5,2176.5,4941
2026-07-13 21:50:00,2026-07-13 18:50:00+00:00,2026-07-13 19:00:00+00:00,2176.0,2176.0,2173.5,2174.5,2852
2026-07-13 22:00:00,2026-07-13 19:00:00+00:00,2026-07-13 19:10:00+00:00,2175.0,2177.5,2174.5,2176.5,3999
2026-07-13 22:10:00,2026-07-13 19:10:00+00:00,2026-07-13 19:20:00+00:00,2177.0,2178.0,2175.0,2176.0,3509
2026-07-13 22:20:00,2026-07-13 19:20:00+00:00,2026-07-13 19:30:00+00:00,2175.5,2177.5,2173.5,2174.5,2087
2026-07-13 22:30:00,2026-07-13 19:30:00+00:00,2026-07-13 19:40:00+00:00,2174.5,2180.5,2166.0,2168.0,24233
2026-07-13 22:40:00,2026-07-13 19:40:00+00:00,2026-07-13 19:50:00+00:00,2168.0,2168.0,2162.5,2167.0,9698
2026-07-13 22:50:00,2026-07-13 19:50:00+00:00,2026-07-13 20:00:00+00:00,2167.0,2170.0,2165.5,2169.5,6747
2026-07-13 23:00:00,2026-07-13 20:00:00+00:00,2026-07-13 20:10:00+00:00,2169.5,2169.5,2167.5,2167.5,3624
2026-07-13 23:10:00,2026-07-13 20:10:00+00:00,2026-07-13 20:20:00+00:00,2168.0,2172.5,2167.5,2172.0,6246
2026-07-13 23:20:00,2026-07-13 20:20:00+00:00,2026-07-13 20:30:00+00:00,2171.5,2173.5,2171.0,2172.5,1927
2026-07-13 23:30:00,2026-07-13 20:30:00+00:00,2026-07-13 20:40:00+00:00,2173.5,2174.5,2171.5,2173.5,2520
2026-07-13 23:40:00,2026-07-13 20:40:00+00:00,2026-07-13 20:50:00+00:00,2173.5,2175.0,2173.0,2173.0,3414
2026-07-14 06:50:00,2026-07-14 03:50:00+00:00,2026-07-14 04:00:00+00:00,2173.5,2173.5,2173.5,2173.5,7
2026-07-14 07:00:00,2026-07-14 04:00:00+00:00,2026-07-14 04:10:00+00:00,2175.0,2190.5,2173.0,2182.5,7920
2026-07-14 07:10:00,2026-07-14 04:10:00+00:00,2026-07-14 04:20:00+00:00,2182.5,2184.0,2177.0,2179.0,3306
2026-07-14 07:20:00,2026-07-14 04:20:00+00:00,2026-07-14 04:30:00+00:00,2179.5,2182.0,2178.0,2178.5,1216
2026-07-14 07:30:00,2026-07-14 04:30:00+00:00,2026-07-14 04:40:00+00:00,2179.0,2182.0,2178.5,2181.5,2036
2026-07-14 07:40:00,2026-07-14 04:40:00+00:00,2026-07-14 04:50:00+00:00,2181.5,2186.0,2181.5,2183.0,2494
2026-07-14 07:50:00,2026-07-14 04:50:00+00:00,2026-07-14 05:00:00+00:00,2184.0,2185.0,2182.5,2183.5,1456
2026-07-14 08:00:00,2026-07-14 05:00:00+00:00,2026-07-14 05:10:00+00:00,2183.5,2184.5,2182.5,2183.0,1414
2026-07-14 08:10:00,2026-07-14 05:10:00+00:00,2026-07-14 05:20:00+00:00,2184.0,2186.5,2183.0,2186.5,1390
2026-07-14 08:20:00,2026-07-14 05:20:00+00:00,2026-07-14 05:30:00+00:00,2186.5,2186.5,2183.0,2183.0,2590
2026-07-14 08:30:00,2026-07-14 05:30:00+00:00,2026-07-14 05:40:00+00:00,2183.0,2184.0,2178.5,2178.5,2994
2026-07-14 08:40:00,2026-07-14 05:40:00+00:00,2026-07-14 05:50:00+00:00,2178.5,2183.0,2178.5,2181.0,2689
2026-07-14 08:50:00,2026-07-14 05:50:00+00:00,2026-07-14 06:00:00+00:00,2182.0,2182.5,2181.0,2181.0,1965
2026-07-14 09:00:00,2026-07-14 06:00:00+00:00,2026-07-14 06:10:00+00:00,2181.0,2182.5,2176.0,2177.5,9055
2026-07-14 09:10:00,2026-07-14 06:10:00+00:00,2026-07-14 06:20:00+00:00,2178.0,2180.5,2173.5,2174.0,7454
2026-07-14 09:20:00,2026-07-14 06:20:00+00:00,2026-07-14 06:30:00+00:00,2174.5,2179.5,2174.0,2178.5,4037
2026-07-14 09:30:00,2026-07-14 06:30:00+00:00,2026-07-14 06:40:00+00:00,2178.0,2178.0,2174.0,2177.0,6061
2026-07-14 09:40:00,2026-07-14 06:40:00+00:00,2026-07-14 06:50:00+00:00,2177.0,2184.5,2174.5,2181.0,7614
2026-07-14 09:50:00,2026-07-14 06:50:00+00:00,2026-07-14 07:00:00+00:00,2180.5,2185.0,2179.0,2184.5,10356
2026-07-14 10:00:00,2026-07-14 07:00:00+00:00,2026-07-14 07:10:00+00:00,2184.5,2193.5,2181.5,2187.5,29109
2026-07-14 10:10:00,2026-07-14 07:10:00+00:00,2026-07-14 07:20:00+00:00,2187.5,2194.5,2186.5,2190.0,16913
2026-07-14 10:20:00,2026-07-14 07:20:00+00:00,2026-07-14 07:30:00+00:00,2189.5,2191.5,2185.5,2191.0,18981
2026-07-14 10:30:00,2026-07-14 07:30:00+00:00,2026-07-14 07:40:00+00:00,2191.5,2193.0,2186.5,2188.0,9684
2026-07-14 10:40:00,2026-07-14 07:40:00+00:00,2026-07-14 07:50:00+00:00,2188.0,2192.0,2187.5,2188.0,6196
2026-07-14 10:50:00,2026-07-14 07:50:00+00:00,2026-07-14 08:00:00+00:00,2188.0,2188.0,2184.0,2185.5,6115
2026-07-14 11:00:00,2026-07-14 08:00:00+00:00,2026-07-14 08:10:00+00:00,2185.5,2189.5,2182.5,2188.5,9799
2026-07-14 11:10:00,2026-07-14 08:10:00+00:00,2026-07-14 08:20:00+00:00,2189.0,2191.5,2185.0,2187.5,6078
2026-07-14 11:20:00,2026-07-14 08:20:00+00:00,2026-07-14 08:30:00+00:00,2188.5,2190.5,2187.5,2189.0,3039
2026-07-14 11:30:00,2026-07-14 08:30:00+00:00,2026-07-14 08:40:00+00:00,2189.0,2192.0,2188.0,2188.5,4447
2026-07-14 11:40:00,2026-07-14 08:40:00+00:00,2026-07-14 08:50:00+00:00,2188.5,2194.5,2188.0,2194.0,10436
2026-07-14 11:50:00,2026-07-14 08:50:00+00:00,2026-07-14 09:00:00+00:00,2194.0,2196.5,2192.0,2194.0,20510
2026-07-14 12:00:00,2026-07-14 09:00:00+00:00,2026-07-14 09:10:00+00:00,2194.5,2197.0,2191.0,2191.5,9921
2026-07-14 12:10:00,2026-07-14 09:10:00+00:00,2026-07-14 09:20:00+00:00,2191.0,2192.0,2186.5,2189.5,13426
2026-07-14 12:20:00,2026-07-14 09:20:00+00:00,2026-07-14 09:30:00+00:00,2189.0,2190.5,2187.0,2187.0,4061
2026-07-14 12:30:00,2026-07-14 09:30:00+00:00,2026-07-14 09:40:00+00:00,2187.0,2188.5,2184.0,2187.0,10975
2026-07-14 12:40:00,2026-07-14 09:40:00+00:00,2026-07-14 09:50:00+00:00,2187.0,2191.0,2186.0,2188.5,5486
2026-07-14 12:50:00,2026-07-14 09:50:00+00:00,2026-07-14 10:00:00+00:00,2188.0,2188.5,2183.5,2186.0,8412
2026-07-14 13:00:00,2026-07-14 10:00:00+00:00,2026-07-14 10:10:00+00:00,2186.0,2190.0,2183.0,2183.5,7654
2026-07-14 13:10:00,2026-07-14 10:10:00+00:00,2026-07-14 10:20:00+00:00,2183.0,2187.5,2181.5,2185.0,9061
2026-07-14 13:20:00,2026-07-14 10:20:00+00:00,2026-07-14 10:30:00+00:00,2185.0,2185.0,2180.5,2183.5,5987
2026-07-14 13:30:00,2026-07-14 10:30:00+00:00,2026-07-14 10:40:00+00:00,2183.0,2185.0,2175.5,2176.5,11794
2026-07-14 13:40:00,2026-07-14 10:40:00+00:00,2026-07-14 10:50:00+00:00,2177.0,2181.0,2176.0,2180.0,12235
2026-07-14 13:50:00,2026-07-14 10:50:00+00:00,2026-07-14 11:00:00+00:00,2180.0,2188.5,2178.0,2184.5,25628
2026-07-14 14:00:00,2026-07-14 11:00:00+00:00,2026-07-14 11:10:00+00:00,2184.5,2189.5,2172.5,2174.5,24720
2026-07-14 14:10:00,2026-07-14 11:10:00+00:00,2026-07-14 11:20:00+00:00,2175.0,2178.5,2170.5,2171.5,18785
2026-07-14 14:20:00,2026-07-14 11:20:00+00:00,2026-07-14 11:30:00+00:00,2171.5,2175.5,2169.5,2174.5,12912
2026-07-14 14:30:00,2026-07-14 11:30:00+00:00,2026-07-14 11:40:00+00:00,2174.5,2175.0,2171.0,2173.0,8535
2026-07-14 14:40:00,2026-07-14 11:40:00+00:00,2026-07-14 11:50:00+00:00,2173.5,2175.5,2171.5,2174.5,4761
2026-07-14 14:50:00,2026-07-14 11:50:00+00:00,2026-07-14 12:00:00+00:00,2174.0,2177.0,2166.5,2169.0,20031
2026-07-14 15:00:00,2026-07-14 12:00:00+00:00,2026-07-14 12:10:00+00:00,2168.0,2175.5,2165.5,2175.0,25867
2026-07-14 15:10:00,2026-07-14 12:10:00+00:00,2026-07-14 12:20:00+00:00,2176.0,2176.0,2170.5,2174.5,9702
2026-07-14 15:20:00,2026-07-14 12:20:00+00:00,2026-07-14 12:30:00+00:00,2174.5,2176.0,2168.5,2170.0,5951
2026-07-14 15:30:00,2026-07-14 12:30:00+00:00,2026-07-14 12:40:00+00:00,2170.0,2174.0,2167.0,2171.0,10161
2026-07-14 15:40:00,2026-07-14 12:40:00+00:00,2026-07-14 12:50:00+00:00,2170.0,2172.5,2167.0,2169.5,11055
2026-07-14 15:50:00,2026-07-14 12:50:00+00:00,2026-07-14 13:00:00+00:00,2169.0,2173.0,2166.5,2170.5,8117
2026-07-14 16:00:00,2026-07-14 13:00:00+00:00,2026-07-14 13:10:00+00:00,2170.0,2176.0,2169.5,2173.0,15633
2026-07-14 16:10:00,2026-07-14 13:10:00+00:00,2026-07-14 13:20:00+00:00,2172.5,2175.0,2169.5,2174.0,12849
2026-07-14 16:20:00,2026-07-14 13:20:00+00:00,2026-07-14 13:30:00+00:00,2173.5,2173.5,2171.0,2171.5,2807
2026-07-14 16:30:00,2026-07-14 13:30:00+00:00,2026-07-14 13:40:00+00:00,2172.0,2172.5,2166.5,2166.5,6834
2026-07-14 16:40:00,2026-07-14 13:40:00+00:00,2026-07-14 13:50:00+00:00,2166.5,2167.5,2162.0,2166.5,24353
2026-07-14 16:50:00,2026-07-14 13:50:00+00:00,2026-07-14 14:00:00+00:00,2166.0,2166.5,2163.5,2165.5,7599
2026-07-14 17:00:00,2026-07-14 14:00:00+00:00,2026-07-14 14:10:00+00:00,2165.0,2165.0,2160.5,2161.0,14140
2026-07-14 17:10:00,2026-07-14 14:10:00+00:00,2026-07-14 14:20:00+00:00,2161.0,2163.5,2157.0,2158.0,17783
2026-07-14 17:20:00,2026-07-14 14:20:00+00:00,2026-07-14 14:30:00+00:00,2158.5,2161.5,2156.0,2159.5,14065
2026-07-14 17:30:00,2026-07-14 14:30:00+00:00,2026-07-14 14:40:00+00:00,2159.5,2164.0,2158.0,2162.5,6391
2026-07-14 17:40:00,2026-07-14 14:40:00+00:00,2026-07-14 14:50:00+00:00,2162.5,2162.5,2160.0,2161.5,3861
2026-07-14 17:50:00,2026-07-14 14:50:00+00:00,2026-07-14 15:00:00+00:00,2161.5,2162.0,2159.0,2159.0,3807
2026-07-14 18:00:00,2026-07-14 15:00:00+00:00,2026-07-14 15:10:00+00:00,2159.0,2163.0,2157.5,2162.0,10666
2026-07-14 18:10:00,2026-07-14 15:10:00+00:00,2026-07-14 15:20:00+00:00,2162.0,2167.5,2161.5,2166.0,12569
2026-07-14 18:20:00,2026-07-14 15:20:00+00:00,2026-07-14 15:30:00+00:00,2166.5,2167.5,2163.0,2163.5,6971
2026-07-14 18:30:00,2026-07-14 15:30:00+00:00,2026-07-14 15:40:00+00:00,2163.0,2170.5,2161.5,2169.5,12459
2026-07-14 18:40:00,2026-07-14 15:40:00+00:00,2026-07-14 15:50:00+00:00,2169.5,2171.0,2166.5,2168.5,8578
2026-07-14 18:50:00,2026-07-14 15:50:00+00:00,2026-07-14 16:00:00+00:00,2168.0,2171.0,2167.0,2168.5,4313
2026-07-14 19:00:00,2026-07-14 16:00:00+00:00,2026-07-14 16:10:00+00:00,2168.5,2170.5,2166.0,2166.0,3547
2026-07-14 19:10:00,2026-07-14 16:10:00+00:00,2026-07-14 16:20:00+00:00,2166.0,2166.5,2162.0,2164.0,7330
2026-07-14 19:20:00,2026-07-14 16:20:00+00:00,2026-07-14 16:30:00+00:00,2164.0,2167.0,2162.0,2162.0,7985
2026-07-14 19:30:00,2026-07-14 16:30:00+00:00,2026-07-14 16:40:00+00:00,2162.5,2164.0,2162.0,2163.0,3951
2026-07-14 19:40:00,2026-07-14 16:40:00+00:00,2026-07-14 16:50:00+00:00,2163.5,2164.0,2162.5,2164.0,1670
2026-07-14 19:50:00,2026-07-14 16:50:00+00:00,2026-07-14 17:00:00+00:00,2164.0,2165.0,2163.5,2163.5,1140
2026-07-14 20:00:00,2026-07-14 17:00:00+00:00,2026-07-14 17:10:00+00:00,2164.0,2165.0,2162.0,2164.0,1852
2026-07-14 20:10:00,2026-07-14 17:10:00+00:00,2026-07-14 17:20:00+00:00,2163.5,2163.5,2161.5,2163.5,2165
2026-07-14 20:20:00,2026-07-14 17:20:00+00:00,2026-07-14 17:30:00+00:00,2163.0,2163.5,2162.0,2162.0,3412
2026-07-14 20:30:00,2026-07-14 17:30:00+00:00,2026-07-14 17:40:00+00:00,2162.0,2164.0,2161.5,2161.5,2357
2026-07-14 20:40:00,2026-07-14 17:40:00+00:00,2026-07-14 17:50:00+00:00,2161.5,2162.0,2158.0,2158.5,6314
2026-07-14 20:50:00,2026-07-14 17:50:00+00:00,2026-07-14 18:00:00+00:00,2158.0,2160.0,2158.0,2158.0,4156
2026-07-14 21:00:00,2026-07-14 18:00:00+00:00,2026-07-14 18:10:00+00:00,2158.0,2161.5,2157.5,2161.0,3149
2026-07-14 21:10:00,2026-07-14 18:10:00+00:00,2026-07-14 18:20:00+00:00,2161.0,2162.0,2158.0,2158.5,2032
2026-07-14 21:20:00,2026-07-14 18:20:00+00:00,2026-07-14 18:30:00+00:00,2159.0,2162.0,2159.0,2162.0,1665
2026-07-14 21:30:00,2026-07-14 18:30:00+00:00,2026-07-14 18:40:00+00:00,2162.0,2163.5,2161.0,2161.5,2702
2026-07-14 21:40:00,2026-07-14 18:40:00+00:00,2026-07-14 18:50:00+00:00,2161.5,2164.0,2161.0,2164.0,1462
2026-07-14 21:50:00,2026-07-14 18:50:00+00:00,2026-07-14 19:00:00+00:00,2163.0,2165.5,2162.0,2165.0,5980
2026-07-14 22:00:00,2026-07-14 19:00:00+00:00,2026-07-14 19:10:00+00:00,2165.0,2168.0,2161.5,2166.5,6944
2026-07-14 22:10:00,2026-07-14 19:10:00+00:00,2026-07-14 19:20:00+00:00,2166.0,2167.0,2164.0,2164.5,1561
2026-07-14 22:20:00,2026-07-14 19:20:00+00:00,2026-07-14 19:30:00+00:00,2164.5,2165.0,2163.5,2165.0,812
2026-07-14 22:30:00,2026-07-14 19:30:00+00:00,2026-07-14 19:40:00+00:00,2165.0,2167.0,2164.5,2167.0,1735
2026-07-14 22:40:00,2026-07-14 19:40:00+00:00,2026-07-14 19:50:00+00:00,2166.5,2167.0,2164.0,2165.0,2757
2026-07-14 22:50:00,2026-07-14 19:50:00+00:00,2026-07-14 20:00:00+00:00,2165.0,2165.5,2164.5,2164.5,586
2026-07-14 23:00:00,2026-07-14 20:00:00+00:00,2026-07-14 20:10:00+00:00,2165.0,2166.0,2164.5,2165.0,1322
2026-07-14 23:10:00,2026-07-14 20:10:00+00:00,2026-07-14 20:20:00+00:00,2164.5,2165.0,2163.5,2164.5,526
2026-07-14 23:20:00,2026-07-14 20:20:00+00:00,2026-07-14 20:30:00+00:00,2164.0,2165.0,2163.5,2164.0,1290
2026-07-14 23:30:00,2026-07-14 20:30:00+00:00,2026-07-14 20:40:00+00:00,2164.0,2165.0,2163.0,2164.5,2051
2026-07-14 23:40:00,2026-07-14 20:40:00+00:00,2026-07-14 20:50:00+00:00,2164.0,2166.0,2163.0,2165.5,2154
2026-07-15 06:50:00,2026-07-15 03:50:00+00:00,2026-07-15 04:00:00+00:00,2166.0,2166.0,2166.0,2166.0,18
2026-07-15 07:00:00,2026-07-15 04:00:00+00:00,2026-07-15 04:10:00+00:00,2165.5,2168.5,2159.5,2164.5,8585
2026-07-15 07:10:00,2026-07-15 04:10:00+00:00,2026-07-15 04:20:00+00:00,2163.0,2164.0,2159.5,2159.5,2892
2026-07-15 07:20:00,2026-07-15 04:20:00+00:00,2026-07-15 04:30:00+00:00,2159.5,2161.0,2156.5,2161.0,3464
2026-07-15 07:30:00,2026-07-15 04:30:00+00:00,2026-07-15 04:40:00+00:00,2161.0,2161.5,2157.0,2158.5,1069
2026-07-15 07:40:00,2026-07-15 04:40:00+00:00,2026-07-15 04:50:00+00:00,2157.5,2163.0,2157.0,2163.0,4133
2026-07-15 07:50:00,2026-07-15 04:50:00+00:00,2026-07-15 05:00:00+00:00,2162.0,2163.0,2159.0,2159.5,810
2026-07-15 08:00:00,2026-07-15 05:00:00+00:00,2026-07-15 05:10:00+00:00,2159.0,2159.5,2150.5,2151.0,6728
2026-07-15 08:10:00,2026-07-15 05:10:00+00:00,2026-07-15 05:20:00+00:00,2151.0,2154.0,2150.0,2152.5,5185
2026-07-15 08:20:00,2026-07-15 05:20:00+00:00,2026-07-15 05:30:00+00:00,2151.5,2155.0,2151.0,2154.5,2160
2026-07-15 08:30:00,2026-07-15 05:30:00+00:00,2026-07-15 05:40:00+00:00,2154.5,2155.0,2151.0,2151.0,4378
2026-07-15 08:40:00,2026-07-15 05:40:00+00:00,2026-07-15 05:50:00+00:00,2151.0,2152.0,2147.0,2147.5,6119
2026-07-15 08:50:00,2026-07-15 05:50:00+00:00,2026-07-15 06:00:00+00:00,2147.0,2150.0,2147.0,2150.0,11534
2026-07-15 09:00:00,2026-07-15 06:00:00+00:00,2026-07-15 06:10:00+00:00,2149.5,2150.0,2143.5,2145.5,13508
2026-07-15 09:10:00,2026-07-15 06:10:00+00:00,2026-07-15 06:20:00+00:00,2145.0,2146.5,2140.0,2145.5,26775
2026-07-15 09:20:00,2026-07-15 06:20:00+00:00,2026-07-15 06:30:00+00:00,2145.0,2146.5,2142.5,2145.5,10024
2026-07-15 09:30:00,2026-07-15 06:30:00+00:00,2026-07-15 06:40:00+00:00,2145.5,2146.0,2140.5,2144.0,12817
2026-07-15 09:40:00,2026-07-15 06:40:00+00:00,2026-07-15 06:50:00+00:00,2144.5,2149.0,2144.0,2146.0,11007
2026-07-15 09:50:00,2026-07-15 06:50:00+00:00,2026-07-15 07:00:00+00:00,2145.5,2145.5,2140.5,2144.0,11895
2026-07-15 10:00:00,2026-07-15 07:00:00+00:00,2026-07-15 07:10:00+00:00,2143.0,2145.0,2137.5,2144.0,26746
2026-07-15 10:10:00,2026-07-15 07:10:00+00:00,2026-07-15 07:20:00+00:00,2143.5,2144.5,2132.5,2133.0,30407
2026-07-15 10:20:00,2026-07-15 07:20:00+00:00,2026-07-15 07:30:00+00:00,2133.5,2137.0,2130.0,2134.5,22499
2026-07-15 10:30:00,2026-07-15 07:30:00+00:00,2026-07-15 07:40:00+00:00,2134.0,2140.0,2132.0,2137.0,25900
2026-07-15 10:40:00,2026-07-15 07:40:00+00:00,2026-07-15 07:50:00+00:00,2138.0,2138.0,2134.0,2136.0,10365
2026-07-15 10:50:00,2026-07-15 07:50:00+00:00,2026-07-15 08:00:00+00:00,2136.0,2139.5,2133.5,2137.0,12153
2026-07-15 11:00:00,2026-07-15 08:00:00+00:00,2026-07-15 08:10:00+00:00,2137.0,2140.0,2135.5,2136.5,14856
2026-07-15 11:10:00,2026-07-15 08:10:00+00:00,2026-07-15 08:20:00+00:00,2137.0,2140.0,2135.5,2139.5,20142
2026-07-15 11:20:00,2026-07-15 08:20:00+00:00,2026-07-15 08:30:00+00:00,2139.5,2141.5,2132.0,2133.0,23308
2026-07-15 11:30:00,2026-07-15 08:30:00+00:00,2026-07-15 08:40:00+00:00,2133.0,2138.5,2131.0,2131.5,26299
2026-07-15 11:40:00,2026-07-15 08:40:00+00:00,2026-07-15 08:50:00+00:00,2131.5,2134.5,2123.0,2123.5,25016
2026-07-15 11:50:00,2026-07-15 08:50:00+00:00,2026-07-15 09:00:00+00:00,2123.5,2127.5,2118.5,2120.0,49860
2026-07-15 12:00:00,2026-07-15 09:00:00+00:00,2026-07-15 09:10:00+00:00,2120.0,2127.0,2119.0,2124.5,28353
2026-07-15 12:10:00,2026-07-15 09:10:00+00:00,2026-07-15 09:20:00+00:00,2124.5,2125.0,2121.0,2124.0,19565
2026-07-15 12:20:00,2026-07-15 09:20:00+00:00,2026-07-15 09:30:00+00:00,2124.0,2126.0,2122.5,2125.0,15433
2026-07-15 12:30:00,2026-07-15 09:30:00+00:00,2026-07-15 09:40:00+00:00,2125.5,2130.0,2123.5,2126.0,18226
2026-07-15 12:40:00,2026-07-15 09:40:00+00:00,2026-07-15 09:50:00+00:00,2126.0,2126.5,2122.5,2126.0,9159
2026-07-15 12:50:00,2026-07-15 09:50:00+00:00,2026-07-15 10:00:00+00:00,2126.0,2132.0,2122.0,2130.0,22998
2026-07-15 13:00:00,2026-07-15 10:00:00+00:00,2026-07-15 10:10:00+00:00,2129.5,2131.5,2124.0,2127.0,12127
2026-07-15 13:10:00,2026-07-15 10:10:00+00:00,2026-07-15 10:20:00+00:00,2126.5,2128.0,2126.0,2127.0,6793
2026-07-15 13:20:00,2026-07-15 10:20:00+00:00,2026-07-15 10:30:00+00:00,2127.5,2131.0,2124.0,2125.0,10339
2026-07-15 13:30:00,2026-07-15 10:30:00+00:00,2026-07-15 10:40:00+00:00,2125.0,2127.0,2122.0,2125.0,9976
2026-07-15 13:40:00,2026-07-15 10:40:00+00:00,2026-07-15 10:50:00+00:00,2124.5,2125.5,2116.0,2117.0,27140
2026-07-15 13:50:00,2026-07-15 10:50:00+00:00,2026-07-15 11:00:00+00:00,2117.0,2119.5,2114.5,2117.5,20665
2026-07-15 14:00:00,2026-07-15 11:00:00+00:00,2026-07-15 11:10:00+00:00,2118.0,2122.0,2114.5,2118.5,33088
2026-07-15 14:10:00,2026-07-15 11:10:00+00:00,2026-07-15 11:20:00+00:00,2118.5,2120.5,2111.5,2115.0,24751
2026-07-15 14:20:00,2026-07-15 11:20:00+00:00,2026-07-15 11:30:00+00:00,2114.5,2146.0,2111.5,2142.0,142837
2026-07-15 14:30:00,2026-07-15 11:30:00+00:00,2026-07-15 11:40:00+00:00,2141.0,2149.5,2132.5,2133.5,105042
2026-07-15 14:40:00,2026-07-15 11:40:00+00:00,2026-07-15 11:50:00+00:00,2134.0,2139.0,2128.5,2129.5,40181
2026-07-15 14:50:00,2026-07-15 11:50:00+00:00,2026-07-15 12:00:00+00:00,2129.5,2134.0,2124.0,2131.0,38726
2026-07-15 15:00:00,2026-07-15 12:00:00+00:00,2026-07-15 12:10:00+00:00,2130.0,2137.0,2126.5,2127.5,29237
2026-07-15 15:10:00,2026-07-15 12:10:00+00:00,2026-07-15 12:20:00+00:00,2127.0,2132.5,2124.5,2131.5,11572
2026-07-15 15:20:00,2026-07-15 12:20:00+00:00,2026-07-15 12:30:00+00:00,2131.0,2132.5,2126.5,2127.0,11362
2026-07-15 15:30:00,2026-07-15 12:30:00+00:00,2026-07-15 12:40:00+00:00,2127.0,2129.0,2125.5,2127.0,6615
2026-07-15 15:40:00,2026-07-15 12:40:00+00:00,2026-07-15 12:50:00+00:00,2127.0,2132.0,2125.0,2129.0,12011
2026-07-15 15:50:00,2026-07-15 12:50:00+00:00,2026-07-15 13:00:00+00:00,2129.0,2130.0,2121.5,2122.5,18780
2026-07-15 16:00:00,2026-07-15 13:00:00+00:00,2026-07-15 13:10:00+00:00,2122.0,2125.0,2114.5,2118.5,52993
2026-07-15 16:10:00,2026-07-15 13:10:00+00:00,2026-07-15 13:20:00+00:00,2118.0,2129.5,2116.5,2122.0,28915
2026-07-15 16:20:00,2026-07-15 13:20:00+00:00,2026-07-15 13:30:00+00:00,2122.0,2123.0,2117.0,2117.5,24854
2026-07-15 16:30:00,2026-07-15 13:30:00+00:00,2026-07-15 13:40:00+00:00,2117.5,2118.5,2112.5,2116.0,20851
2026-07-15 16:40:00,2026-07-15 13:40:00+00:00,2026-07-15 13:50:00+00:00,2115.5,2120.5,2114.0,2118.5,18036
2026-07-15 16:50:00,2026-07-15 13:50:00+00:00,2026-07-15 14:00:00+00:00,2119.0,2119.5,2112.0,2112.0,28810
2026-07-15 17:00:00,2026-07-15 14:00:00+00:00,2026-07-15 14:10:00+00:00,2112.5,2118.5,2111.5,2116.5,25686
2026-07-15 17:10:00,2026-07-15 14:10:00+00:00,2026-07-15 14:20:00+00:00,2116.5,2116.5,2110.0,2110.0,29440
2026-07-15 17:20:00,2026-07-15 14:20:00+00:00,2026-07-15 14:30:00+00:00,2110.0,2114.5,2110.0,2110.5,24417
2026-07-15 17:30:00,2026-07-15 14:30:00+00:00,2026-07-15 14:40:00+00:00,2110.5,2116.5,2110.0,2114.5,15806
2026-07-15 17:40:00,2026-07-15 14:40:00+00:00,2026-07-15 14:50:00+00:00,2114.0,2118.5,2110.5,2111.0,14289
2026-07-15 17:50:00,2026-07-15 14:50:00+00:00,2026-07-15 15:00:00+00:00,2110.5,2112.5,2107.5,2109.0,25579
2026-07-15 18:00:00,2026-07-15 15:00:00+00:00,2026-07-15 15:10:00+00:00,2109.0,2112.5,2109.0,2112.0,7854
2026-07-15 18:10:00,2026-07-15 15:10:00+00:00,2026-07-15 15:20:00+00:00,2112.0,2113.5,2105.0,2109.5,18847
2026-07-15 18:20:00,2026-07-15 15:20:00+00:00,2026-07-15 15:30:00+00:00,2109.0,2116.0,2107.0,2113.0,13738
2026-07-15 18:30:00,2026-07-15 15:30:00+00:00,2026-07-15 15:40:00+00:00,2113.5,2116.0,2112.5,2115.5,7151
2026-07-15 18:40:00,2026-07-15 15:40:00+00:00,2026-07-15 15:50:00+00:00,2115.0,2116.0,2110.0,2110.5,10060
2026-07-15 18:50:00,2026-07-15 15:50:00+00:00,2026-07-15 16:00:00+00:00,2110.0,2113.0,2107.5,2109.5,14541
2026-07-15 19:00:00,2026-07-15 16:00:00+00:00,2026-07-15 16:10:00+00:00,2110.0,2114.0,2110.0,2113.5,7982
2026-07-15 19:10:00,2026-07-15 16:10:00+00:00,2026-07-15 16:20:00+00:00,2113.0,2113.0,2109.5,2111.0,5297
2026-07-15 19:20:00,2026-07-15 16:20:00+00:00,2026-07-15 16:30:00+00:00,2111.5,2114.0,2110.5,2113.5,6612
2026-07-15 19:30:00,2026-07-15 16:30:00+00:00,2026-07-15 16:40:00+00:00,2113.5,2114.0,2112.0,2113.5,4348
2026-07-15 19:40:00,2026-07-15 16:40:00+00:00,2026-07-15 16:50:00+00:00,2113.0,2116.0,2113.0,2116.0,5079
2026-07-15 19:50:00,2026-07-15 16:50:00+00:00,2026-07-15 17:00:00+00:00,2115.5,2117.0,2113.0,2113.0,4750
2026-07-15 20:00:00,2026-07-15 17:00:00+00:00,2026-07-15 17:10:00+00:00,2113.5,2114.5,2111.5,2112.5,4772
2026-07-15 20:10:00,2026-07-15 17:10:00+00:00,2026-07-15 17:20:00+00:00,2112.5,2114.0,2112.0,2113.5,3047
2026-07-15 20:20:00,2026-07-15 17:20:00+00:00,2026-07-15 17:30:00+00:00,2114.0,2114.0,2112.0,2113.5,2891
2026-07-15 20:30:00,2026-07-15 17:30:00+00:00,2026-07-15 17:40:00+00:00,2113.5,2114.0,2111.5,2113.5,2006
2026-07-15 20:40:00,2026-07-15 17:40:00+00:00,2026-07-15 17:50:00+00:00,2113.5,2114.0,2110.0,2110.0,4357
2026-07-15 20:50:00,2026-07-15 17:50:00+00:00,2026-07-15 18:00:00+00:00,2110.0,2112.0,2108.0,2111.5,5876
2026-07-15 21:00:00,2026-07-15 18:00:00+00:00,2026-07-15 18:10:00+00:00,2111.5,2112.0,2106.5,2109.0,11842
2026-07-15 21:10:00,2026-07-15 18:10:00+00:00,2026-07-15 18:20:00+00:00,2109.0,2109.5,2106.0,2106.5,6150
2026-07-15 21:20:00,2026-07-15 18:20:00+00:00,2026-07-15 18:30:00+00:00,2106.5,2107.0,2105.0,2106.5,7118
2026-07-15 21:30:00,2026-07-15 18:30:00+00:00,2026-07-15 18:40:00+00:00,2106.0,2108.5,2105.5,2108.0,8488
2026-07-15 21:40:00,2026-07-15 18:40:00+00:00,2026-07-15 18:50:00+00:00,2108.5,2109.0,2107.0,2108.5,3000
2026-07-15 21:50:00,2026-07-15 18:50:00+00:00,2026-07-15 19:00:00+00:00,2108.5,2109.5,2108.0,2109.5,3018
2026-07-15 22:00:00,2026-07-15 19:00:00+00:00,2026-07-15 19:10:00+00:00,2109.5,2110.0,2108.5,2110.0,2529
2026-07-15 22:10:00,2026-07-15 19:10:00+00:00,2026-07-15 19:20:00+00:00,2109.5,2110.0,2108.0,2108.0,1454
2026-07-15 22:20:00,2026-07-15 19:20:00+00:00,2026-07-15 19:30:00+00:00,2108.0,2111.5,2108.0,2110.0,3368
2026-07-15 22:30:00,2026-07-15 19:30:00+00:00,2026-07-15 19:40:00+00:00,2110.5,2113.0,2109.0,2112.5,5567
2026-07-15 22:40:00,2026-07-15 19:40:00+00:00,2026-07-15 19:50:00+00:00,2112.5,2113.0,2109.5,2111.0,1994
2026-07-15 22:50:00,2026-07-15 19:50:00+00:00,2026-07-15 20:00:00+00:00,2111.0,2111.0,2109.5,2110.0,6640
2026-07-15 23:00:00,2026-07-15 20:00:00+00:00,2026-07-15 20:10:00+00:00,2110.0,2110.0,2109.0,2109.0,1468
2026-07-15 23:10:00,2026-07-15 20:10:00+00:00,2026-07-15 20:20:00+00:00,2109.0,2109.5,2107.5,2108.0,1873
2026-07-15 23:20:00,2026-07-15 20:20:00+00:00,2026-07-15 20:30:00+00:00,2107.5,2108.0,2105.5,2107.5,9071
2026-07-15 23:30:00,2026-07-15 20:30:00+00:00,2026-07-15 20:40:00+00:00,2107.5,2108.0,2106.0,2106.5,4168
2026-07-15 23:40:00,2026-07-15 20:40:00+00:00,2026-07-15 20:50:00+00:00,2106.5,2108.0,2103.5,2105.0,9439
2026-07-16 06:50:00,2026-07-16 03:50:00+00:00,2026-07-16 04:00:00+00:00,2105.0,2105.0,2105.0,2105.0,167
2026-07-16 07:00:00,2026-07-16 04:00:00+00:00,2026-07-16 04:10:00+00:00,2104.5,2106.5,2088.5,2092.5,27953
2026-07-16 07:10:00,2026-07-16 04:10:00+00:00,2026-07-16 04:20:00+00:00,2092.5,2094.0,2084.5,2088.5,29830
2026-07-16 07:20:00,2026-07-16 04:20:00+00:00,2026-07-16 04:30:00+00:00,2088.0,2088.5,2083.5,2088.0,12696
2026-07-16 07:30:00,2026-07-16 04:30:00+00:00,2026-07-16 04:40:00+00:00,2087.5,2090.0,2085.5,2086.0,11842
2026-07-16 07:40:00,2026-07-16 04:40:00+00:00,2026-07-16 04:50:00+00:00,2085.5,2089.5,2083.5,2089.5,7465
2026-07-16 07:50:00,2026-07-16 04:50:00+00:00,2026-07-16 05:00:00+00:00,2089.5,2092.0,2088.0,2089.5,6630
2026-07-16 08:00:00,2026-07-16 05:00:00+00:00,2026-07-16 05:10:00+00:00,2088.5,2090.5,2082.0,2082.0,8264
2026-07-16 08:10:00,2026-07-16 05:10:00+00:00,2026-07-16 05:20:00+00:00,2082.5,2082.5,2070.0,2078.0,36111
2026-07-16 08:20:00,2026-07-16 05:20:00+00:00,2026-07-16 05:30:00+00:00,2078.0,2080.0,2074.0,2075.5,8692
2026-07-16 08:30:00,2026-07-16 05:30:00+00:00,2026-07-16 05:40:00+00:00,2075.0,2080.5,2072.5,2077.0,11494
2026-07-16 08:40:00,2026-07-16 05:40:00+00:00,2026-07-16 05:50:00+00:00,2077.5,2079.5,2076.0,2077.5,6288
2026-07-16 08:50:00,2026-07-16 05:50:00+00:00,2026-07-16 06:00:00+00:00,2077.5,2081.0,2077.5,2078.0,6255
2026-07-16 09:00:00,2026-07-16 06:00:00+00:00,2026-07-16 06:10:00+00:00,2078.5,2083.5,2076.5,2079.0,20104
2026-07-16 09:10:00,2026-07-16 06:10:00+00:00,2026-07-16 06:20:00+00:00,2079.0,2081.0,2071.0,2071.5,28760
2026-07-16 09:20:00,2026-07-16 06:20:00+00:00,2026-07-16 06:30:00+00:00,2071.5,2077.0,2070.0,2076.0,32976
2026-07-16 09:30:00,2026-07-16 06:30:00+00:00,2026-07-16 06:40:00+00:00,2075.5,2076.0,2071.0,2072.0,14915
2026-07-16 09:40:00,2026-07-16 06:40:00+00:00,2026-07-16 06:50:00+00:00,2072.0,2077.5,2072.0,2074.5,17396
2026-07-16 09:50:00,2026-07-16 06:50:00+00:00,2026-07-16 07:00:00+00:00,2075.0,2077.0,2072.5,2074.0,11195
2026-07-16 10:00:00,2026-07-16 07:00:00+00:00,2026-07-16 07:10:00+00:00,2074.0,2077.5,2070.5,2070.5,25799
2026-07-16 10:10:00,2026-07-16 07:10:00+00:00,2026-07-16 07:20:00+00:00,2071.0,2075.0,2063.5,2064.5,49918
2026-07-16 10:20:00,2026-07-16 07:20:00+00:00,2026-07-16 07:30:00+00:00,2065.0,2066.0,2060.0,2062.5,41545
2026-07-16 10:30:00,2026-07-16 07:30:00+00:00,2026-07-16 07:40:00+00:00,2062.5,2063.0,2046.0,2048.0,108733
2026-07-16 10:40:00,2026-07-16 07:40:00+00:00,2026-07-16 07:50:00+00:00,2047.5,2056.5,2047.5,2053.5,51632
2026-07-16 10:50:00,2026-07-16 07:50:00+00:00,2026-07-16 08:00:00+00:00,2054.0,2058.0,2051.0,2056.5,37317
2026-07-16 11:00:00,2026-07-16 08:00:00+00:00,2026-07-16 08:10:00+00:00,2056.0,2057.0,2053.0,2055.5,13317
2026-07-16 11:10:00,2026-07-16 08:10:00+00:00,2026-07-16 08:20:00+00:00,2055.5,2074.0,2055.5,2062.0,87399
2026-07-16 11:20:00,2026-07-16 08:20:00+00:00,2026-07-16 08:30:00+00:00,2062.0,2076.5,2061.5,2075.5,41998
2026-07-16 11:30:00,2026-07-16 08:30:00+00:00,2026-07-16 08:40:00+00:00,2076.0,2079.5,2065.0,2069.0,44298
2026-07-16 11:40:00,2026-07-16 08:40:00+00:00,2026-07-16 08:50:00+00:00,2069.0,2071.5,2066.0,2070.0,16832
2026-07-16 11:50:00,2026-07-16 08:50:00+00:00,2026-07-16 09:00:00+00:00,2070.0,2070.0,2060.0,2064.5,22489
2026-07-16 12:00:00,2026-07-16 09:00:00+00:00,2026-07-16 09:10:00+00:00,2064.5,2066.5,2047.0,2047.5,50258
2026-07-16 12:10:00,2026-07-16 09:10:00+00:00,2026-07-16 09:20:00+00:00,2048.0,2053.0,2042.0,2049.5,59018
2026-07-16 12:20:00,2026-07-16 09:20:00+00:00,2026-07-16 09:30:00+00:00,2050.0,2058.0,2049.0,2050.5,39583
2026-07-16 12:30:00,2026-07-16 09:30:00+00:00,2026-07-16 09:40:00+00:00,2050.5,2059.0,2050.5,2056.5,22128
2026-07-16 12:40:00,2026-07-16 09:40:00+00:00,2026-07-16 09:50:00+00:00,2057.0,2063.5,2053.5,2063.0,26872
2026-07-16 12:50:00,2026-07-16 09:50:00+00:00,2026-07-16 10:00:00+00:00,2063.0,2063.0,2052.0,2053.0,14889
2026-07-16 13:00:00,2026-07-16 10:00:00+00:00,2026-07-16 10:10:00+00:00,2052.5,2066.0,2051.5,2064.0,23338
2026-07-16 13:10:00,2026-07-16 10:10:00+00:00,2026-07-16 10:20:00+00:00,2064.0,2068.0,2061.0,2063.5,14965
2026-07-16 13:20:00,2026-07-16 10:20:00+00:00,2026-07-16 10:30:00+00:00,2064.5,2064.5,2057.5,2061.0,12182
2026-07-16 13:30:00,2026-07-16 10:30:00+00:00,2026-07-16 10:40:00+00:00,2060.5,2063.0,2055.0,2056.0,14885
2026-07-16 13:40:00,2026-07-16 10:40:00+00:00,2026-07-16 10:50:00+00:00,2056.0,2058.0,2054.0,2058.0,9537
2026-07-16 13:50:00,2026-07-16 10:50:00+00:00,2026-07-16 11:00:00+00:00,2057.5,2062.0,2057.5,2059.0,8604
2026-07-16 14:00:00,2026-07-16 11:00:00+00:00,2026-07-16 11:10:00+00:00,2060.0,2068.5,2058.5,2065.0,19093
2026-07-16 14:10:00,2026-07-16 11:10:00+00:00,2026-07-16 11:20:00+00:00,2066.0,2078.0,2066.0,2072.0,58082
2026-07-16 14:20:00,2026-07-16 11:20:00+00:00,2026-07-16 11:30:00+00:00,2072.0,2072.0,2063.5,2066.5,24080
2026-07-16 14:30:00,2026-07-16 11:30:00+00:00,2026-07-16 11:40:00+00:00,2066.5,2070.5,2064.5,2067.0,10065
2026-07-16 14:40:00,2026-07-16 11:40:00+00:00,2026-07-16 11:50:00+00:00,2066.5,2067.0,2058.0,2062.5,18125
2026-07-16 14:50:00,2026-07-16 11:50:00+00:00,2026-07-16 12:00:00+00:00,2062.5,2069.5,2060.5,2066.5,11043
2026-07-16 15:00:00,2026-07-16 12:00:00+00:00,2026-07-16 12:10:00+00:00,2067.0,2068.0,2051.5,2052.0,27774
2026-07-16 15:10:00,2026-07-16 12:10:00+00:00,2026-07-16 12:20:00+00:00,2052.0,2057.5,2050.5,2053.0,34939
2026-07-16 15:20:00,2026-07-16 12:20:00+00:00,2026-07-16 12:30:00+00:00,2053.0,2054.5,2047.5,2052.5,24848
2026-07-16 15:30:00,2026-07-16 12:30:00+00:00,2026-07-16 12:40:00+00:00,2053.5,2060.0,2050.5,2057.5,40655
2026-07-16 15:40:00,2026-07-16 12:40:00+00:00,2026-07-16 12:50:00+00:00,2057.5,2061.0,2057.5,2059.0,9475
2026-07-16 15:50:00,2026-07-16 12:50:00+00:00,2026-07-16 13:00:00+00:00,2058.5,2059.5,2051.5,2053.0,15315
2026-07-16 16:00:00,2026-07-16 13:00:00+00:00,2026-07-16 13:10:00+00:00,2052.5,2058.5,2052.0,2053.0,11077
2026-07-16 16:10:00,2026-07-16 13:10:00+00:00,2026-07-16 13:20:00+00:00,2053.0,2058.0,2051.0,2054.0,14164
2026-07-16 16:20:00,2026-07-16 13:20:00+00:00,2026-07-16 13:30:00+00:00,2054.5,2055.0,2043.5,2044.0,42737
2026-07-16 16:30:00,2026-07-16 13:30:00+00:00,2026-07-16 13:40:00+00:00,2044.5,2056.0,2043.0,2054.5,40113
2026-07-16 16:40:00,2026-07-16 13:40:00+00:00,2026-07-16 13:50:00+00:00,2053.5,2054.5,2044.5,2046.5,19498
2026-07-16 16:50:00,2026-07-16 13:50:00+00:00,2026-07-16 14:00:00+00:00,2046.0,2051.5,2045.0,2047.0,15372
2026-07-16 17:00:00,2026-07-16 14:00:00+00:00,2026-07-16 14:10:00+00:00,2047.0,2053.5,2041.5,2051.0,47299
2026-07-16 17:10:00,2026-07-16 14:10:00+00:00,2026-07-16 14:20:00+00:00,2051.0,2051.5,2043.0,2044.0,21625
2026-07-16 17:20:00,2026-07-16 14:20:00+00:00,2026-07-16 14:30:00+00:00,2043.0,2045.5,2042.0,2043.5,15802
2026-07-16 17:30:00,2026-07-16 14:30:00+00:00,2026-07-16 14:40:00+00:00,2043.0,2048.0,2042.0,2047.0,12213
2026-07-16 17:40:00,2026-07-16 14:40:00+00:00,2026-07-16 14:50:00+00:00,2047.0,2049.5,2036.5,2037.5,53669
2026-07-16 17:50:00,2026-07-16 14:50:00+00:00,2026-07-16 15:00:00+00:00,2037.5,2045.0,2037.0,2042.0,24603
2026-07-16 18:00:00,2026-07-16 15:00:00+00:00,2026-07-16 15:10:00+00:00,2041.5,2041.5,2032.5,2034.5,29941
2026-07-16 18:10:00,2026-07-16 15:10:00+00:00,2026-07-16 15:20:00+00:00,2035.0,2035.0,2025.0,2029.0,42328
2026-07-16 18:20:00,2026-07-16 15:20:00+00:00,2026-07-16 15:30:00+00:00,2029.5,2034.0,2027.5,2032.5,18910
2026-07-16 18:30:00,2026-07-16 15:30:00+00:00,2026-07-16 15:40:00+00:00,2033.0,2033.0,2028.0,2028.0,16322
2026-07-16 18:40:00,2026-07-16 15:40:00+00:00,2026-07-16 15:50:00+00:00,2029.0,2030.5,2020.0,2022.5,58973
2026-07-16 18:50:00,2026-07-16 15:50:00+00:00,2026-07-16 16:00:00+00:00,2022.5,2028.0,2022.0,2028.0,22402
2026-07-16 19:00:00,2026-07-16 16:00:00+00:00,2026-07-16 16:10:00+00:00,2028.0,2028.0,2016.5,2017.5,26405
2026-07-16 19:10:00,2026-07-16 16:10:00+00:00,2026-07-16 16:20:00+00:00,2018.0,2018.0,2012.0,2016.0,30595
2026-07-16 19:20:00,2026-07-16 16:20:00+00:00,2026-07-16 16:30:00+00:00,2015.5,2020.5,2012.5,2018.0,37323
2026-07-16 19:30:00,2026-07-16 16:30:00+00:00,2026-07-16 16:40:00+00:00,2019.0,2019.0,2015.0,2016.5,8625
2026-07-16 19:40:00,2026-07-16 16:40:00+00:00,2026-07-16 16:50:00+00:00,2016.5,2026.0,2014.5,2017.5,38873
2026-07-16 19:50:00,2026-07-16 16:50:00+00:00,2026-07-16 17:00:00+00:00,2018.0,2020.0,2012.5,2013.5,8251
2026-07-16 20:00:00,2026-07-16 17:00:00+00:00,2026-07-16 17:10:00+00:00,2013.5,2015.5,2008.0,2011.0,29748
2026-07-16 20:10:00,2026-07-16 17:10:00+00:00,2026-07-16 17:20:00+00:00,2011.0,2018.5,2010.5,2015.0,16471
2026-07-16 20:20:00,2026-07-16 17:20:00+00:00,2026-07-16 17:30:00+00:00,2015.5,2016.5,2013.5,2016.5,6789
2026-07-16 20:30:00,2026-07-16 17:30:00+00:00,2026-07-16 17:40:00+00:00,2016.5,2016.5,2011.0,2012.0,7498
2026-07-16 20:40:00,2026-07-16 17:40:00+00:00,2026-07-16 17:50:00+00:00,2012.0,2014.5,2010.0,2014.0,8010
2026-07-16 20:50:00,2026-07-16 17:50:00+00:00,2026-07-16 18:00:00+00:00,2014.0,2015.0,2010.5,2013.5,9940
2026-07-16 21:00:00,2026-07-16 18:00:00+00:00,2026-07-16 18:10:00+00:00,2013.5,2020.0,2013.0,2020.0,14478
2026-07-16 21:10:00,2026-07-16 18:10:00+00:00,2026-07-16 18:20:00+00:00,2019.5,2024.5,2017.0,2024.0,16869
2026-07-16 21:20:00,2026-07-16 18:20:00+00:00,2026-07-16 18:30:00+00:00,2024.0,2024.5,2019.0,2020.5,9235
2026-07-16 21:30:00,2026-07-16 18:30:00+00:00,2026-07-16 18:40:00+00:00,2020.5,2020.5,2014.0,2015.0,11860
2026-07-16 21:40:00,2026-07-16 18:40:00+00:00,2026-07-16 18:50:00+00:00,2015.5,2018.0,2013.5,2016.5,5390
2026-07-16 21:50:00,2026-07-16 18:50:00+00:00,2026-07-16 19:00:00+00:00,2016.5,2018.0,2015.5,2017.0,2201
2026-07-16 22:00:00,2026-07-16 19:00:00+00:00,2026-07-16 19:10:00+00:00,2017.0,2017.0,2010.5,2010.5,15165
2026-07-16 22:10:00,2026-07-16 19:10:00+00:00,2026-07-16 19:20:00+00:00,2010.5,2013.0,2008.0,2009.5,15537
2026-07-16 22:20:00,2026-07-16 19:20:00+00:00,2026-07-16 19:30:00+00:00,2009.0,2011.5,2008.5,2009.0,7006
2026-07-16 22:30:00,2026-07-16 19:30:00+00:00,2026-07-16 19:40:00+00:00,2009.0,2013.5,2007.0,2008.0,15739
2026-07-16 22:40:00,2026-07-16 19:40:00+00:00,2026-07-16 19:50:00+00:00,2008.0,2009.0,2006.5,2007.5,15779
2026-07-16 22:50:00,2026-07-16 19:50:00+00:00,2026-07-16 20:00:00+00:00,2007.5,2009.5,2006.5,2006.5,11499
2026-07-16 23:00:00,2026-07-16 20:00:00+00:00,2026-07-16 20:10:00+00:00,2006.5,2008.0,2006.5,2006.5,4516
2026-07-16 23:10:00,2026-07-16 20:10:00+00:00,2026-07-16 20:20:00+00:00,2006.5,2008.5,2006.5,2006.5,4246
2026-07-16 23:20:00,2026-07-16 20:20:00+00:00,2026-07-16 20:30:00+00:00,2006.5,2008.0,2006.5,2006.5,4093
2026-07-16 23:30:00,2026-07-16 20:30:00+00:00,2026-07-16 20:40:00+00:00,2006.5,2006.5,2006.5,2006.5,2092
2026-07-16 23:40:00,2026-07-16 20:40:00+00:00,2026-07-16 20:50:00+00:00,2006.5,2006.5,2006.5,2006.5,1264
2026-07-17 06:50:00,2026-07-17 03:50:00+00:00,2026-07-17 04:00:00+00:00,1998.5,1998.5,1998.5,1998.5,557
2026-07-17 07:00:00,2026-07-17 04:00:00+00:00,2026-07-17 04:10:00+00:00,2000.0,2002.5,1975.0,1997.5,67240
2026-07-17 07:10:00,2026-07-17 04:10:00+00:00,2026-07-17 04:20:00+00:00,1998.0,1999.0,1985.5,1993.5,28428
2026-07-17 07:20:00,2026-07-17 04:20:00+00:00,2026-07-17 04:30:00+00:00,1993.0,2042.0,1989.0,2016.0,82706
2026-07-17 07:30:00,2026-07-17 04:30:00+00:00,2026-07-17 04:40:00+00:00,2015.5,2024.5,2006.0,2021.0,34424
2026-07-17 07:40:00,2026-07-17 04:40:00+00:00,2026-07-17 04:50:00+00:00,2021.0,2021.0,2011.5,2021.0,9557
2026-07-17 07:50:00,2026-07-17 04:50:00+00:00,2026-07-17 05:00:00+00:00,2020.5,2024.5,2014.0,2021.0,17487
2026-07-17 08:00:00,2026-07-17 05:00:00+00:00,2026-07-17 05:10:00+00:00,2021.0,2021.5,2011.5,2014.5,8792
2026-07-17 08:10:00,2026-07-17 05:10:00+00:00,2026-07-17 05:20:00+00:00,2014.5,2019.5,2013.0,2018.5,4311
2026-07-17 08:20:00,2026-07-17 05:20:00+00:00,2026-07-17 05:30:00+00:00,2017.5,2018.0,2014.0,2014.5,5140
2026-07-17 08:30:00,2026-07-17 05:30:00+00:00,2026-07-17 05:40:00+00:00,2014.5,2035.0,2014.0,2033.5,24974
2026-07-17 08:40:00,2026-07-17 05:40:00+00:00,2026-07-17 05:50:00+00:00,2033.5,2037.5,2025.5,2026.0,24838
2026-07-17 08:50:00,2026-07-17 05:50:00+00:00,2026-07-17 06:00:00+00:00,2025.5,2032.0,2024.0,2027.0,14903
2026-07-17 09:00:00,2026-07-17 06:00:00+00:00,2026-07-17 06:10:00+00:00,2027.0,2030.5,2022.5,2024.5,17882
2026-07-17 09:10:00,2026-07-17 06:10:00+00:00,2026-07-17 06:20:00+00:00,2024.0,2030.0,2021.0,2026.5,14706
2026-07-17 09:20:00,2026-07-17 06:20:00+00:00,2026-07-17 06:30:00+00:00,2026.0,2031.0,2026.0,2031.0,12798
2026-07-17 09:30:00,2026-07-17 06:30:00+00:00,2026-07-17 06:40:00+00:00,2031.0,2036.5,2030.0,2036.5,23006
2026-07-17 09:40:00,2026-07-17 06:40:00+00:00,2026-07-17 06:50:00+00:00,2036.5,2037.0,2028.5,2031.5,28358
2026-07-17 09:50:00,2026-07-17 06:50:00+00:00,2026-07-17 07:00:00+00:00,2032.0,2032.5,2024.0,2025.0,34902
2026-07-17 10:00:00,2026-07-17 07:00:00+00:00,2026-07-17 07:10:00+00:00,2025.0,2039.0,2025.0,2032.0,50992
2026-07-17 10:10:00,2026-07-17 07:10:00+00:00,2026-07-17 07:20:00+00:00,2032.0,2037.0,2027.0,2032.0,28626
2026-07-17 10:20:00,2026-07-17 07:20:00+00:00,2026-07-17 07:30:00+00:00,2032.0,2033.5,2027.0,2029.0,20057
2026-07-17 10:30:00,2026-07-17 07:30:00+00:00,2026-07-17 07:40:00+00:00,2029.0,2032.0,2022.5,2030.0,25026
2026-07-17 10:40:00,2026-07-17 07:40:00+00:00,2026-07-17 07:50:00+00:00,2029.5,2030.5,2024.5,2024.5,12001
2026-07-17 10:50:00,2026-07-17 07:50:00+00:00,2026-07-17 08:00:00+00:00,2024.5,2027.0,2012.5,2013.0,37476
2026-07-17 11:00:00,2026-07-17 08:00:00+00:00,2026-07-17 08:10:00+00:00,2013.0,2013.5,2001.0,2005.0,49987
2026-07-17 11:10:00,2026-07-17 08:10:00+00:00,2026-07-17 08:20:00+00:00,2005.0,2007.5,1995.0,1995.5,59708
2026-07-17 11:20:00,2026-07-17 08:20:00+00:00,2026-07-17 08:30:00+00:00,1996.0,2007.5,1995.5,2004.5,36344
2026-07-17 11:30:00,2026-07-17 08:30:00+00:00,2026-07-17 08:40:00+00:00,2004.5,2008.0,2000.0,2001.0,22373
2026-07-17 11:40:00,2026-07-17 08:40:00+00:00,2026-07-17 08:50:00+00:00,2001.0,2001.5,1988.0,1995.0,49993
2026-07-17 11:50:00,2026-07-17 08:50:00+00:00,2026-07-17 09:00:00+00:00,1994.5,1997.0,1989.5,1994.5,17861
2026-07-17 12:00:00,2026-07-17 09:00:00+00:00,2026-07-17 09:10:00+00:00,1995.0,2010.5,1993.0,2010.0,29458
2026-07-17 12:10:00,2026-07-17 09:10:00+00:00,2026-07-17 09:20:00+00:00,2010.0,2019.5,2008.0,2012.0,58850
2026-07-17 12:20:00,2026-07-17 09:20:00+00:00,2026-07-17 09:30:00+00:00,2013.0,2015.0,2010.5,2012.0,12537
2026-07-17 12:30:00,2026-07-17 09:30:00+00:00,2026-07-17 09:40:00+00:00,2012.0,2012.5,2003.0,2008.0,22516
2026-07-17 12:40:00,2026-07-17 09:40:00+00:00,2026-07-17 09:50:00+00:00,2008.0,2013.0,2005.5,2010.5,11975
2026-07-17 12:50:00,2026-07-17 09:50:00+00:00,2026-07-17 10:00:00+00:00,2010.0,2018.0,2007.5,2013.5,17520
2026-07-17 13:00:00,2026-07-17 10:00:00+00:00,2026-07-17 10:10:00+00:00,2014.0,2018.0,2012.0,2013.5,15848
2026-07-17 13:10:00,2026-07-17 10:10:00+00:00,2026-07-17 10:20:00+00:00,2013.5,2018.0,2010.0,2016.0,16988
2026-07-17 13:20:00,2026-07-17 10:20:00+00:00,2026-07-17 10:30:00+00:00,2016.0,2019.0,2014.0,2016.5,9471
2026-07-17 13:30:00,2026-07-17 10:30:00+00:00,2026-07-17 10:40:00+00:00,2017.0,2023.5,2015.5,2021.0,15401
2026-07-17 13:40:00,2026-07-17 10:40:00+00:00,2026-07-17 10:50:00+00:00,2021.0,2031.5,2020.0,2024.5,31795
2026-07-17 13:50:00,2026-07-17 10:50:00+00:00,2026-07-17 11:00:00+00:00,2024.5,2028.0,2020.0,2021.0,14253
2026-07-17 14:00:00,2026-07-17 11:00:00+00:00,2026-07-17 11:10:00+00:00,2020.5,2026.0,2016.0,2017.0,19622
2026-07-17 14:10:00,2026-07-17 11:10:00+00:00,2026-07-17 11:20:00+00:00,2017.0,2020.5,2016.0,2020.0,10018
2026-07-17 14:20:00,2026-07-17 11:20:00+00:00,2026-07-17 11:30:00+00:00,2020.0,2020.5,2002.5,2008.5,49401
2026-07-17 14:30:00,2026-07-17 11:30:00+00:00,2026-07-17 11:40:00+00:00,2009.0,2014.5,2006.0,2012.0,14460
2026-07-17 14:40:00,2026-07-17 11:40:00+00:00,2026-07-17 11:50:00+00:00,2012.5,2015.5,2010.5,2014.0,14883
2026-07-17 14:50:00,2026-07-17 11:50:00+00:00,2026-07-17 12:00:00+00:00,2014.5,2015.0,2012.0,2012.5,6718
2026-07-17 15:00:00,2026-07-17 12:00:00+00:00,2026-07-17 12:10:00+00:00,2012.5,2015.5,2008.0,2012.0,12443
2026-07-17 15:10:00,2026-07-17 12:10:00+00:00,2026-07-17 12:20:00+00:00,2012.0,2015.0,2011.0,2012.5,3523
2026-07-17 15:20:00,2026-07-17 12:20:00+00:00,2026-07-17 12:30:00+00:00,2012.0,2023.0,2010.0,2019.0,24696
2026-07-17 15:30:00,2026-07-17 12:30:00+00:00,2026-07-17 12:40:00+00:00,2019.0,2019.5,2014.0,2016.5,11264
2026-07-17 15:40:00,2026-07-17 12:40:00+00:00,2026-07-17 12:50:00+00:00,2017.0,2017.5,2012.5,2014.5,7603
2026-07-17 15:50:00,2026-07-17 12:50:00+00:00,2026-07-17 13:00:00+00:00,2015.0,2015.5,2012.0,2013.0,6499
2026-07-17 16:00:00,2026-07-17 13:00:00+00:00,2026-07-17 13:10:00+00:00,2014.0,2017.0,2010.0,2010.5,10744
2026-07-17 16:10:00,2026-07-17 13:10:00+00:00,2026-07-17 13:20:00+00:00,2010.5,2013.5,2006.0,2007.0,15056
2026-07-17 16:20:00,2026-07-17 13:20:00+00:00,2026-07-17 13:30:00+00:00,2007.0,2007.5,2001.0,2002.5,35904
2026-07-17 16:30:00,2026-07-17 13:30:00+00:00,2026-07-17 13:40:00+00:00,2003.0,2007.5,1997.0,2003.5,33718
2026-07-17 16:40:00,2026-07-17 13:40:00+00:00,2026-07-17 13:50:00+00:00,2003.5,2013.5,2003.5,2009.5,31216
2026-07-17 16:50:00,2026-07-17 13:50:00+00:00,2026-07-17 14:00:00+00:00,2009.5,2010.0,2007.0,2008.0,5678
2026-07-17 17:00:00,2026-07-17 14:00:00+00:00,2026-07-17 14:10:00+00:00,2008.0,2008.5,2004.5,2006.0,11336
2026-07-17 17:10:00,2026-07-17 14:10:00+00:00,2026-07-17 14:20:00+00:00,2005.5,2005.5,1998.0,2001.0,15326
2026-07-17 17:20:00,2026-07-17 14:20:00+00:00,2026-07-17 14:30:00+00:00,2000.5,2004.5,1997.5,1999.0,20304
2026-07-17 17:30:00,2026-07-17 14:30:00+00:00,2026-07-17 14:40:00+00:00,2000.0,2000.0,1992.0,1993.0,38754
2026-07-17 17:40:00,2026-07-17 14:40:00+00:00,2026-07-17 14:50:00+00:00,1993.0,1999.0,1980.0,1980.0,66714
2026-07-17 17:50:00,2026-07-17 14:50:00+00:00,2026-07-17 15:00:00+00:00,1980.0,1985.5,1975.0,1982.5,53188
2026-07-17 18:00:00,2026-07-17 15:00:00+00:00,2026-07-17 15:10:00+00:00,1982.0,1987.0,1978.0,1979.5,24288
2026-07-17 18:10:00,2026-07-17 15:10:00+00:00,2026-07-17 15:20:00+00:00,1979.5,1987.0,1973.5,1975.5,46892
2026-07-17 18:20:00,2026-07-17 15:20:00+00:00,2026-07-17 15:30:00+00:00,1975.5,1976.5,1962.5,1963.0,51999
2026-07-17 18:30:00,2026-07-17 15:30:00+00:00,2026-07-17 15:40:00+00:00,1963.0,1974.0,1962.0,1965.5,68696
2026-07-17 18:40:00,2026-07-17 15:40:00+00:00,2026-07-17 15:50:00+00:00,1965.5,1970.0,1963.0,1965.5,38370
2026-07-17 18:50:00,2026-07-17 15:50:00+00:00,2026-07-17 16:00:00+00:00,1965.5,1968.5,1954.5,1959.0,65798
2026-07-17 19:00:00,2026-07-17 16:00:00+00:00,2026-07-17 16:10:00+00:00,1959.5,1968.5,1958.0,1968.0,36874
2026-07-17 19:10:00,2026-07-17 16:10:00+00:00,2026-07-17 16:20:00+00:00,1968.0,1968.5,1961.0,1961.5,25067
2026-07-17 19:20:00,2026-07-17 16:20:00+00:00,2026-07-17 16:30:00+00:00,1961.5,1961.5,1953.5,1959.0,29277
2026-07-17 19:30:00,2026-07-17 16:30:00+00:00,2026-07-17 16:40:00+00:00,1959.0,1961.0,1958.0,1959.5,12575
2026-07-17 19:40:00,2026-07-17 16:40:00+00:00,2026-07-17 16:50:00+00:00,1959.5,1959.5,1946.0,1948.0,37563
2026-07-17 19:50:00,2026-07-17 16:50:00+00:00,2026-07-17 17:00:00+00:00,1948.5,1949.5,1938.5,1939.0,70440
2026-07-17 20:00:00,2026-07-17 17:00:00+00:00,2026-07-17 17:10:00+00:00,1939.5,1952.5,1937.0,1948.5,38553
2026-07-17 20:10:00,2026-07-17 17:10:00+00:00,2026-07-17 17:20:00+00:00,1949.0,1954.5,1941.5,1953.5,30983
2026-07-17 20:20:00,2026-07-17 17:20:00+00:00,2026-07-17 17:30:00+00:00,1953.0,1954.0,1947.5,1949.5,13554
2026-07-17 20:30:00,2026-07-17 17:30:00+00:00,2026-07-17 17:40:00+00:00,1949.5,1949.5,1944.5,1947.5,13326
2026-07-17 20:40:00,2026-07-17 17:40:00+00:00,2026-07-17 17:50:00+00:00,1947.0,1950.5,1945.0,1945.0,7960
2026-07-17 20:50:00,2026-07-17 17:50:00+00:00,2026-07-17 18:00:00+00:00,1945.0,1957.5,1945.0,1956.5,15839
2026-07-17 21:00:00,2026-07-17 18:00:00+00:00,2026-07-17 18:10:00+00:00,1957.5,1959.5,1953.5,1958.5,17036
2026-07-17 21:10:00,2026-07-17 18:10:00+00:00,2026-07-17 18:20:00+00:00,1958.5,1958.5,1951.5,1951.5,12263
2026-07-17 21:20:00,2026-07-17 18:20:00+00:00,2026-07-17 18:30:00+00:00,1952.0,1957.0,1951.0,1956.5,10995
2026-07-17 21:30:00,2026-07-17 18:30:00+00:00,2026-07-17 18:40:00+00:00,1957.0,1958.0,1951.0,1953.5,12451
2026-07-17 21:40:00,2026-07-17 18:40:00+00:00,2026-07-17 18:50:00+00:00,1953.5,1954.5,1950.0,1954.0,7779
2026-07-17 21:50:00,2026-07-17 18:50:00+00:00,2026-07-17 19:00:00+00:00,1954.0,1954.5,1946.5,1948.0,9095
2026-07-17 22:00:00,2026-07-17 19:00:00+00:00,2026-07-17 19:10:00+00:00,1948.0,1948.5,1942.5,1948.5,19140
2026-07-17 22:10:00,2026-07-17 19:10:00+00:00,2026-07-17 19:20:00+00:00,1948.0,1949.5,1943.0,1944.5,12481
2026-07-17 22:20:00,2026-07-17 19:20:00+00:00,2026-07-17 19:30:00+00:00,1945.0,1946.5,1937.5,1939.5,23033
2026-07-17 22:30:00,2026-07-17 19:30:00+00:00,2026-07-17 19:40:00+00:00,1939.5,1943.5,1935.5,1936.5,15161
2026-07-17 22:40:00,2026-07-17 19:40:00+00:00,2026-07-17 19:50:00+00:00,1936.0,1939.5,1933.0,1936.0,19027
2026-07-17 22:50:00,2026-07-17 19:50:00+00:00,2026-07-17 20:00:00+00:00,1935.5,1940.5,1933.0,1938.0,26849
2026-07-17 23:00:00,2026-07-17 20:00:00+00:00,2026-07-17 20:10:00+00:00,1937.0,1945.0,1936.5,1943.0,16591
2026-07-17 23:10:00,2026-07-17 20:10:00+00:00,2026-07-17 20:20:00+00:00,1943.0,1950.5,1942.0,1948.5,17604
2026-07-17 23:20:00,2026-07-17 20:20:00+00:00,2026-07-17 20:30:00+00:00,1949.5,1949.5,1942.5,1944.5,6570
2026-07-17 23:30:00,2026-07-17 20:30:00+00:00,2026-07-17 20:40:00+00:00,1945.0,1961.5,1944.5,1957.5,28113
2026-07-17 23:40:00,2026-07-17 20:40:00+00:00,2026-07-17 20:50:00+00:00,1957.0,1960.0,1953.0,1959.0,14979
2026-07-18 09:50:00,2026-07-18 06:50:00+00:00,2026-07-18 07:00:00+00:00,1908.0,1908.0,1908.0,1908.0,2695
2026-07-18 10:00:00,2026-07-18 07:00:00+00:00,2026-07-18 07:10:00+00:00,1907.5,1929.5,1902.0,1919.5,60285
2026-07-18 10:10:00,2026-07-18 07:10:00+00:00,2026-07-18 07:20:00+00:00,1918.0,1936.0,1918.0,1926.0,32461
2026-07-18 10:20:00,2026-07-18 07:20:00+00:00,2026-07-18 07:30:00+00:00,1927.5,1933.0,1925.0,1931.0,15649
2026-07-18 10:30:00,2026-07-18 07:30:00+00:00,2026-07-18 07:40:00+00:00,1931.0,1931.5,1925.5,1926.0,30160
2026-07-18 10:40:00,2026-07-18 07:40:00+00:00,2026-07-18 07:50:00+00:00,1926.0,1929.0,1922.0,1926.0,15121
2026-07-18 10:50:00,2026-07-18 07:50:00+00:00,2026-07-18 08:00:00+00:00,1927.0,1929.5,1924.0,1927.0,5650
2026-07-18 11:00:00,2026-07-18 08:00:00+00:00,2026-07-18 08:10:00+00:00,1928.0,1932.0,1927.0,1928.5,6355
2026-07-18 11:10:00,2026-07-18 08:10:00+00:00,2026-07-18 08:20:00+00:00,1929.0,1929.0,1923.5,1924.0,4969
2026-07-18 11:20:00,2026-07-18 08:20:00+00:00,2026-07-18 08:30:00+00:00,1924.0,1927.0,1920.5,1926.0,4479
2026-07-18 11:30:00,2026-07-18 08:30:00+00:00,2026-07-18 08:40:00+00:00,1926.0,1927.0,1923.5,1924.5,1690
2026-07-18 11:40:00,2026-07-18 08:40:00+00:00,2026-07-18 08:50:00+00:00,1924.5,1925.0,1921.0,1921.0,4944
2026-07-18 11:50:00,2026-07-18 08:50:00+00:00,2026-07-18 09:00:00+00:00,1921.5,1925.0,1921.0,1922.0,2866
2026-07-18 12:00:00,2026-07-18 09:00:00+00:00,2026-07-18 09:10:00+00:00,1922.0,1922.5,1915.0,1915.0,6855
2026-07-18 12:10:00,2026-07-18 09:10:00+00:00,2026-07-18 09:20:00+00:00,1915.0,1920.0,1914.0,1919.0,9990
2026-07-18 12:20:00,2026-07-18 09:20:00+00:00,2026-07-18 09:30:00+00:00,1919.0,1919.0,1912.5,1915.0,3557
2026-07-18 12:30:00,2026-07-18 09:30:00+00:00,2026-07-18 09:40:00+00:00,1915.0,1915.5,1913.0,1913.5,2525
2026-07-18 12:40:00,2026-07-18 09:40:00+00:00,2026-07-18 09:50:00+00:00,1914.0,1917.0,1913.0,1915.5,3679
2026-07-18 12:50:00,2026-07-18 09:50:00+00:00,2026-07-18 10:00:00+00:00,1915.5,1917.5,1915.0,1917.0,1267
2026-07-18 13:00:00,2026-07-18 10:00:00+00:00,2026-07-18 10:10:00+00:00,1916.5,1916.5,1914.0,1915.5,1852
2026-07-18 13:10:00,2026-07-18 10:10:00+00:00,2026-07-18 10:20:00+00:00,1914.5,1917.5,1914.0,1916.5,1632
2026-07-18 13:20:00,2026-07-18 10:20:00+00:00,2026-07-18 10:30:00+00:00,1917.5,1920.0,1916.5,1920.0,3021
2026-07-18 13:30:00,2026-07-18 10:30:00+00:00,2026-07-18 10:40:00+00:00,1919.5,1919.5,1917.0,1919.0,911
2026-07-18 13:40:00,2026-07-18 10:40:00+00:00,2026-07-18 10:50:00+00:00,1918.0,1920.5,1917.5,1920.5,1694
2026-07-18 13:50:00,2026-07-18 10:50:00+00:00,2026-07-18 11:00:00+00:00,1920.5,1922.0,1919.0,1920.5,2648
2026-07-18 14:00:00,2026-07-18 11:00:00+00:00,2026-07-18 11:10:00+00:00,1920.5,1922.0,1918.5,1921.5,1690
2026-07-18 14:10:00,2026-07-18 11:10:00+00:00,2026-07-18 11:20:00+00:00,1921.0,1922.5,1919.0,1922.5,1449
2026-07-18 14:20:00,2026-07-18 11:20:00+00:00,2026-07-18 11:30:00+00:00,1922.5,1925.0,1922.0,1923.5,3951
2026-07-18 14:30:00,2026-07-18 11:30:00+00:00,2026-07-18 11:40:00+00:00,1923.5,1925.0,1920.5,1921.5,2272
2026-07-18 14:40:00,2026-07-18 11:40:00+00:00,2026-07-18 11:50:00+00:00,1921.5,1922.5,1920.0,1921.5,956
2026-07-18 14:50:00,2026-07-18 11:50:00+00:00,2026-07-18 12:00:00+00:00,1921.5,1921.5,1920.0,1920.0,830
2026-07-18 15:00:00,2026-07-18 12:00:00+00:00,2026-07-18 12:10:00+00:00,1920.5,1923.0,1920.0,1921.0,2338
2026-07-18 15:10:00,2026-07-18 12:10:00+00:00,2026-07-18 12:20:00+00:00,1921.0,1922.5,1920.0,1922.5,1775
2026-07-18 15:20:00,2026-07-18 12:20:00+00:00,2026-07-18 12:30:00+00:00,1922.5,1926.0,1922.5,1924.0,3517
2026-07-18 15:30:00,2026-07-18 12:30:00+00:00,2026-07-18 12:40:00+00:00,1924.5,1926.5,1923.0,1924.0,1864
2026-07-18 15:40:00,2026-07-18 12:40:00+00:00,2026-07-18 12:50:00+00:00,1925.5,1926.0,1923.5,1924.0,1034
2026-07-18 15:50:00,2026-07-18 12:50:00+00:00,2026-07-18 13:00:00+00:00,1923.5,1926.5,1923.5,1925.5,2615
2026-07-18 16:00:00,2026-07-18 13:00:00+00:00,2026-07-18 13:10:00+00:00,1925.5,1925.5,1925.0,1925.0,3205
2026-07-18 16:10:00,2026-07-18 13:10:00+00:00,2026-07-18 13:20:00+00:00,1925.0,1930.0,1923.0,1925.0,9229
2026-07-18 16:20:00,2026-07-18 13:20:00+00:00,2026-07-18 13:30:00+00:00,1925.5,1926.5,1924.5,1924.5,3820
2026-07-18 16:30:00,2026-07-18 13:30:00+00:00,2026-07-18 13:40:00+00:00,1924.5,1924.5,1923.0,1924.0,2816
2026-07-18 16:40:00,2026-07-18 13:40:00+00:00,2026-07-18 13:50:00+00:00,1924.0,1924.5,1923.0,1923.5,724
2026-07-18 16:50:00,2026-07-18 13:50:00+00:00,2026-07-18 14:00:00+00:00,1923.5,1923.5,1923.0,1923.0,184
2026-07-18 17:00:00,2026-07-18 14:00:00+00:00,2026-07-18 14:10:00+00:00,1923.5,1925.0,1923.0,1923.5,610
2026-07-18 17:10:00,2026-07-18 14:10:00+00:00,2026-07-18 14:20:00+00:00,1925.0,1926.5,1923.0,1923.0,1470
2026-07-18 17:20:00,2026-07-18 14:20:00+00:00,2026-07-18 14:30:00+00:00,1923.0,1926.5,1922.5,1925.5,1072
2026-07-18 17:30:00,2026-07-18 14:30:00+00:00,2026-07-18 14:40:00+00:00,1925.5,1926.0,1923.0,1923.5,1792
2026-07-18 17:40:00,2026-07-18 14:40:00+00:00,2026-07-18 14:50:00+00:00,1923.5,1925.0,1923.0,1924.0,1191
2026-07-18 17:50:00,2026-07-18 14:50:00+00:00,2026-07-18 15:00:00+00:00,1923.0,1924.0,1920.5,1923.0,1181
2026-07-18 18:00:00,2026-07-18 15:00:00+00:00,2026-07-18 15:10:00+00:00,1923.5,1925.0,1923.0,1924.5,563
2026-07-18 18:10:00,2026-07-18 15:10:00+00:00,2026-07-18 15:20:00+00:00,1924.0,1925.0,1923.5,1924.0,768
2026-07-18 18:20:00,2026-07-18 15:20:00+00:00,2026-07-18 15:30:00+00:00,1924.0,1926.0,1924.0,1925.0,1043
2026-07-18 18:30:00,2026-07-18 15:30:00+00:00,2026-07-18 15:40:00+00:00,1924.5,1927.5,1924.5,1927.0,1618
2026-07-18 18:40:00,2026-07-18 15:40:00+00:00,2026-07-18 15:50:00+00:00,1926.5,1927.0,1925.5,1927.0,1073
2026-07-18 18:50:00,2026-07-18 15:50:00+00:00,2026-07-18 16:00:00+00:00,1927.0,1927.5,1926.0,1927.0,1356
2026-07-19 09:50:00,2026-07-19 06:50:00+00:00,2026-07-19 07:00:00+00:00,1928.0,1928.0,1928.0,1928.0,425
2026-07-19 10:00:00,2026-07-19 07:00:00+00:00,2026-07-19 07:10:00+00:00,1928.0,1940.0,1927.0,1934.0,16786
2026-07-19 10:10:00,2026-07-19 07:10:00+00:00,2026-07-19 07:20:00+00:00,1934.0,1935.0,1931.5,1932.5,5349
2026-07-19 10:20:00,2026-07-19 07:20:00+00:00,2026-07-19 07:30:00+00:00,1932.5,1934.5,1932.0,1934.5,1342
2026-07-19 10:30:00,2026-07-19 07:30:00+00:00,2026-07-19 07:40:00+00:00,1934.0,1936.0,1933.0,1935.0,2921
2026-07-19 10:40:00,2026-07-19 07:40:00+00:00,2026-07-19 07:50:00+00:00,1934.5,1938.0,1934.0,1937.5,2965
2026-07-19 10:50:00,2026-07-19 07:50:00+00:00,2026-07-19 08:00:00+00:00,1938.0,1939.5,1928.0,1938.0,14638
2026-07-19 11:00:00,2026-07-19 08:00:00+00:00,2026-07-19 08:10:00+00:00,1938.0,1938.0,1933.0,1934.5,1837
2026-07-19 11:10:00,2026-07-19 08:10:00+00:00,2026-07-19 08:20:00+00:00,1935.0,1936.0,1934.0,1936.0,1263
2026-07-19 11:20:00,2026-07-19 08:20:00+00:00,2026-07-19 08:30:00+00:00,1935.5,1935.5,1933.0,1934.0,1389
2026-07-19 11:30:00,2026-07-19 08:30:00+00:00,2026-07-19 08:40:00+00:00,1934.0,1935.0,1934.0,1934.5,929
2026-07-19 11:40:00,2026-07-19 08:40:00+00:00,2026-07-19 08:50:00+00:00,1934.5,1936.0,1934.0,1935.0,1668
2026-07-19 11:50:00,2026-07-19 08:50:00+00:00,2026-07-19 09:00:00+00:00,1935.0,1936.5,1935.0,1936.0,930
2026-07-19 12:00:00,2026-07-19 09:00:00+00:00,2026-07-19 09:10:00+00:00,1936.0,1940.0,1935.5,1939.5,5325
2026-07-19 12:10:00,2026-07-19 09:10:00+00:00,2026-07-19 09:20:00+00:00,1939.5,1940.0,1938.0,1939.0,1397
2026-07-19 12:20:00,2026-07-19 09:20:00+00:00,2026-07-19 09:30:00+00:00,1939.0,1946.0,1939.0,1946.0,10641
2026-07-19 12:30:00,2026-07-19 09:30:00+00:00,2026-07-19 09:40:00+00:00,1946.0,1946.5,1941.5,1942.0,8475
2026-07-19 12:40:00,2026-07-19 09:40:00+00:00,2026-07-19 09:50:00+00:00,1942.0,1944.5,1942.0,1942.5,2659
2026-07-19 12:50:00,2026-07-19 09:50:00+00:00,2026-07-19 10:00:00+00:00,1943.0,1945.5,1941.5,1945.5,3786
2026-07-19 13:00:00,2026-07-19 10:00:00+00:00,2026-07-19 10:10:00+00:00,1945.5,1946.0,1944.5,1946.0,2294
2026-07-19 13:10:00,2026-07-19 10:10:00+00:00,2026-07-19 10:20:00+00:00,1946.0,1946.5,1945.5,1946.0,1524
2026-07-19 13:20:00,2026-07-19 10:20:00+00:00,2026-07-19 10:30:00+00:00,1946.0,1946.5,1944.5,1944.5,4080
2026-07-19 13:30:00,2026-07-19 10:30:00+00:00,2026-07-19 10:40:00+00:00,1944.5,1945.0,1943.0,1944.0,1774
2026-07-19 13:40:00,2026-07-19 10:40:00+00:00,2026-07-19 10:50:00+00:00,1944.0,1946.5,1944.0,1945.5,2693
2026-07-19 13:50:00,2026-07-19 10:50:00+00:00,2026-07-19 11:00:00+00:00,1945.5,1946.5,1945.5,1946.0,1666
2026-07-19 14:00:00,2026-07-19 11:00:00+00:00,2026-07-19 11:10:00+00:00,1946.0,1946.0,1944.5,1944.5,2995
2026-07-19 14:10:00,2026-07-19 11:10:00+00:00,2026-07-19 11:20:00+00:00,1945.0,1945.5,1942.5,1943.0,1345
2026-07-19 14:20:00,2026-07-19 11:20:00+00:00,2026-07-19 11:30:00+00:00,1942.5,1943.5,1941.5,1943.0,2044
2026-07-19 14:30:00,2026-07-19 11:30:00+00:00,2026-07-19 11:40:00+00:00,1942.5,1943.0,1942.0,1942.0,831
2026-07-19 14:40:00,2026-07-19 11:40:00+00:00,2026-07-19 11:50:00+00:00,1942.0,1944.0,1942.0,1944.0,1816
2026-07-19 14:50:00,2026-07-19 11:50:00+00:00,2026-07-19 12:00:00+00:00,1944.0,1946.5,1942.0,1944.0,2581
2026-07-19 15:00:00,2026-07-19 12:00:00+00:00,2026-07-19 12:10:00+00:00,1943.0,1946.0,1943.0,1946.0,1437
2026-07-19 15:10:00,2026-07-19 12:10:00+00:00,2026-07-19 12:20:00+00:00,1946.0,1946.5,1944.0,1944.5,1018
2026-07-19 15:20:00,2026-07-19 12:20:00+00:00,2026-07-19 12:30:00+00:00,1945.0,1945.5,1943.5,1945.5,990
2026-07-19 15:30:00,2026-07-19 12:30:00+00:00,2026-07-19 12:40:00+00:00,1945.0,1946.5,1945.0,1946.0,1998
2026-07-19 15:40:00,2026-07-19 12:40:00+00:00,2026-07-19 12:50:00+00:00,1946.0,1946.0,1945.5,1945.5,171
2026-07-19 15:50:00,2026-07-19 12:50:00+00:00,2026-07-19 13:00:00+00:00,1945.5,1946.0,1943.0,1944.0,1254
2026-07-19 16:00:00,2026-07-19 13:00:00+00:00,2026-07-19 13:10:00+00:00,1944.0,1944.5,1943.0,1944.0,975
2026-07-19 16:10:00,2026-07-19 13:10:00+00:00,2026-07-19 13:20:00+00:00,1944.5,1945.0,1943.5,1943.5,447
2026-07-19 16:20:00,2026-07-19 13:20:00+00:00,2026-07-19 13:30:00+00:00,1943.5,1945.0,1943.5,1943.5,1952
2026-07-19 16:30:00,2026-07-19 13:30:00+00:00,2026-07-19 13:40:00+00:00,1944.0,1944.0,1943.5,1944.0,759
2026-07-19 16:40:00,2026-07-19 13:40:00+00:00,2026-07-19 13:50:00+00:00,1944.0,1945.0,1943.5,1944.0,321
2026-07-19 16:50:00,2026-07-19 13:50:00+00:00,2026-07-19 14:00:00+00:00,1944.5,1945.0,1944.0,1945.0,972
2026-07-19 17:00:00,2026-07-19 14:00:00+00:00,2026-07-19 14:10:00+00:00,1945.0,1945.0,1944.5,1945.0,650
2026-07-19 17:10:00,2026-07-19 14:10:00+00:00,2026-07-19 14:20:00+00:00,1944.5,1945.0,1944.5,1945.0,677
2026-07-19 17:20:00,2026-07-19 14:20:00+00:00,2026-07-19 14:30:00+00:00,1945.0,1945.0,1944.5,1945.0,666
2026-07-19 17:30:00,2026-07-19 14:30:00+00:00,2026-07-19 14:40:00+00:00,1945.0,1945.0,1944.0,1944.0,1009
2026-07-19 17:40:00,2026-07-19 14:40:00+00:00,2026-07-19 14:50:00+00:00,1944.5,1945.0,1944.0,1944.5,424
2026-07-19 17:50:00,2026-07-19 14:50:00+00:00,2026-07-19 15:00:00+00:00,1945.0,1945.0,1944.0,1944.5,1316
2026-07-19 18:00:00,2026-07-19 15:00:00+00:00,2026-07-19 15:10:00+00:00,1944.0,1944.5,1942.0,1942.0,3559
2026-07-19 18:10:00,2026-07-19 15:10:00+00:00,2026-07-19 15:20:00+00:00,1942.5,1943.0,1941.5,1942.5,1238
2026-07-19 18:20:00,2026-07-19 15:20:00+00:00,2026-07-19 15:30:00+00:00,1942.5,1943.0,1942.5,1943.0,1696
2026-07-19 18:30:00,2026-07-19 15:30:00+00:00,2026-07-19 15:40:00+00:00,1942.5,1943.5,1942.5,1943.0,4915
2026-07-19 18:40:00,2026-07-19 15:40:00+00:00,2026-07-19 15:50:00+00:00,1944.0,1944.0,1943.0,1943.0,2365
2026-07-19 18:50:00,2026-07-19 15:50:00+00:00,2026-07-19 16:00:00+00:00,1943.0,1944.0,1941.5,1943.5,5678
2026-07-20 06:50:00,2026-07-20 03:50:00+00:00,2026-07-20 04:00:00+00:00,1943.0,1943.0,1943.0,1943.0,75
2026-07-20 07:00:00,2026-07-20 04:00:00+00:00,2026-07-20 04:10:00+00:00,1942.5,1948.5,1928.0,1931.5,30018
2026-07-20 07:10:00,2026-07-20 04:10:00+00:00,2026-07-20 04:20:00+00:00,1932.0,1933.5,1923.0,1925.0,19336
2026-07-20 07:20:00,2026-07-20 04:20:00+00:00,2026-07-20 04:30:00+00:00,1926.0,1934.5,1923.5,1933.0,12508
2026-07-20 07:30:00,2026-07-20 04:30:00+00:00,2026-07-20 04:40:00+00:00,1932.5,1934.0,1923.0,1928.5,11843
2026-07-20 07:40:00,2026-07-20 04:40:00+00:00,2026-07-20 04:50:00+00:00,1928.0,1929.5,1916.0,1920.5,20014
2026-07-20 07:50:00,2026-07-20 04:50:00+00:00,2026-07-20 05:00:00+00:00,1920.0,1921.0,1916.0,1917.5,8742
2026-07-20 08:00:00,2026-07-20 05:00:00+00:00,2026-07-20 05:10:00+00:00,1917.5,1922.5,1914.5,1922.5,13340
2026-07-20 08:10:00,2026-07-20 05:10:00+00:00,2026-07-20 05:20:00+00:00,1922.5,1924.0,1919.5,1923.5,6228
2026-07-20 08:20:00,2026-07-20 05:20:00+00:00,2026-07-20 05:30:00+00:00,1923.5,1930.0,1923.0,1926.0,12234
2026-07-20 08:30:00,2026-07-20 05:30:00+00:00,2026-07-20 05:40:00+00:00,1926.0,1926.5,1920.5,1921.0,6977
2026-07-20 08:40:00,2026-07-20 05:40:00+00:00,2026-07-20 05:50:00+00:00,1921.0,1923.0,1920.0,1921.0,4950
2026-07-20 08:50:00,2026-07-20 05:50:00+00:00,2026-07-20 06:00:00+00:00,1921.0,1921.5,1915.5,1919.0,11016
2026-07-20 09:00:00,2026-07-20 06:00:00+00:00,2026-07-20 06:10:00+00:00,1919.5,1920.0,1907.5,1908.5,43019
2026-07-20 09:10:00,2026-07-20 06:10:00+00:00,2026-07-20 06:20:00+00:00,1908.0,1915.0,1903.0,1913.0,42337
2026-07-20 09:20:00,2026-07-20 06:20:00+00:00,2026-07-20 06:30:00+00:00,1913.0,1913.0,1905.0,1906.0,25066
2026-07-20 09:30:00,2026-07-20 06:30:00+00:00,2026-07-20 06:40:00+00:00,1905.5,1908.0,1893.5,1896.0,52761
2026-07-20 09:40:00,2026-07-20 06:40:00+00:00,2026-07-20 06:50:00+00:00,1896.0,1903.0,1886.5,1897.5,61148
2026-07-20 09:50:00,2026-07-20 06:50:00+00:00,2026-07-20 07:00:00+00:00,1898.0,1937.0,1894.5,1930.0,141854
2026-07-20 10:00:00,2026-07-20 07:00:00+00:00,2026-07-20 07:10:00+00:00,1930.5,1932.5,1914.0,1928.5,68401
2026-07-20 10:10:00,2026-07-20 07:10:00+00:00,2026-07-20 07:20:00+00:00,1929.5,1930.0,1916.5,1923.5,44497
2026-07-20 10:20:00,2026-07-20 07:20:00+00:00,2026-07-20 07:30:00+00:00,1923.5,1944.0,1921.0,1943.0,52795
2026-07-20 10:30:00,2026-07-20 07:30:00+00:00,2026-07-20 07:40:00+00:00,1944.0,1948.0,1935.5,1938.5,59810
2026-07-20 10:40:00,2026-07-20 07:40:00+00:00,2026-07-20 07:50:00+00:00,1939.0,1942.5,1932.5,1936.0,26803
2026-07-20 10:50:00,2026-07-20 07:50:00+00:00,2026-07-20 08:00:00+00:00,1935.5,1937.5,1908.5,1914.0,84661
2026-07-20 11:00:00,2026-07-20 08:00:00+00:00,2026-07-20 08:10:00+00:00,1913.0,1917.5,1907.5,1912.0,52920
2026-07-20 11:10:00,2026-07-20 08:10:00+00:00,2026-07-20 08:20:00+00:00,1911.5,1927.0,1903.5,1927.0,54547
2026-07-20 11:20:00,2026-07-20 08:20:00+00:00,2026-07-20 08:30:00+00:00,1926.0,1927.0,1916.0,1923.0,35222
2026-07-20 11:30:00,2026-07-20 08:30:00+00:00,2026-07-20 08:40:00+00:00,1923.5,1932.0,1921.5,1926.0,22934
2026-07-20 11:40:00,2026-07-20 08:40:00+00:00,2026-07-20 08:50:00+00:00,1925.5,1931.0,1923.5,1928.0,10579
2026-07-20 11:50:00,2026-07-20 08:50:00+00:00,2026-07-20 09:00:00+00:00,1927.5,1934.5,1923.0,1927.5,31429
2026-07-20 12:00:00,2026-07-20 09:00:00+00:00,2026-07-20 09:10:00+00:00,1927.5,1931.0,1919.5,1928.0,35080
2026-07-20 12:10:00,2026-07-20 09:10:00+00:00,2026-07-20 09:20:00+00:00,1927.5,1946.0,1927.5,1937.5,58934
2026-07-20 12:20:00,2026-07-20 09:20:00+00:00,2026-07-20 09:30:00+00:00,1937.5,1938.0,1932.0,1933.0,17845
2026-07-20 12:30:00,2026-07-20 09:30:00+00:00,2026-07-20 09:40:00+00:00,1933.0,1934.0,1927.0,1928.0,23598
2026-07-20 12:40:00,2026-07-20 09:40:00+00:00,2026-07-20 09:50:00+00:00,1927.5,1932.0,1924.5,1930.0,30269
2026-07-20 12:50:00,2026-07-20 09:50:00+00:00,2026-07-20 10:00:00+00:00,1930.5,1939.5,1930.0,1930.5,23680
2026-07-20 13:00:00,2026-07-20 10:00:00+00:00,2026-07-20 10:10:00+00:00,1930.5,1940.0,1930.0,1939.5,15619
2026-07-20 13:10:00,2026-07-20 10:10:00+00:00,2026-07-20 10:20:00+00:00,1939.5,1942.0,1932.0,1934.0,38387
2026-07-20 13:20:00,2026-07-20 10:20:00+00:00,2026-07-20 10:30:00+00:00,1934.0,1938.0,1926.5,1926.5,31771
2026-07-20 13:30:00,2026-07-20 10:30:00+00:00,2026-07-20 10:40:00+00:00,1926.5,1931.5,1926.0,1928.5,15870
2026-07-20 13:40:00,2026-07-20 10:40:00+00:00,2026-07-20 10:50:00+00:00,1929.0,1935.0,1924.0,1932.5,23122
2026-07-20 13:50:00,2026-07-20 10:50:00+00:00,2026-07-20 11:00:00+00:00,1933.5,1934.5,1926.5,1928.5,19100
2026-07-20 14:00:00,2026-07-20 11:00:00+00:00,2026-07-20 11:10:00+00:00,1929.0,1930.5,1925.0,1929.0,9465
2026-07-20 14:10:00,2026-07-20 11:10:00+00:00,2026-07-20 11:20:00+00:00,1929.5,1939.0,1929.0,1934.0,18560
2026-07-20 14:20:00,2026-07-20 11:20:00+00:00,2026-07-20 11:30:00+00:00,1934.0,1938.5,1932.0,1934.5,11121
2026-07-20 14:30:00,2026-07-20 11:30:00+00:00,2026-07-20 11:40:00+00:00,1934.5,1946.5,1930.0,1936.0,52360
2026-07-20 14:40:00,2026-07-20 11:40:00+00:00,2026-07-20 11:50:00+00:00,1936.5,1944.5,1935.5,1941.5,34062
2026-07-20 14:50:00,2026-07-20 11:50:00+00:00,2026-07-20 12:00:00+00:00,1941.5,1957.0,1941.5,1954.0,116689
2026-07-20 15:00:00,2026-07-20 12:00:00+00:00,2026-07-20 12:10:00+00:00,1954.0,1957.5,1944.0,1945.0,42688
2026-07-20 15:10:00,2026-07-20 12:10:00+00:00,2026-07-20 12:20:00+00:00,1945.0,1947.0,1937.5,1945.0,55512
2026-07-20 15:20:00,2026-07-20 12:20:00+00:00,2026-07-20 12:30:00+00:00,1945.5,1950.5,1945.0,1946.5,18405
2026-07-20 15:30:00,2026-07-20 12:30:00+00:00,2026-07-20 12:40:00+00:00,1947.0,1962.0,1945.5,1957.5,58181
2026-07-20 15:40:00,2026-07-20 12:40:00+00:00,2026-07-20 12:50:00+00:00,1958.0,1973.5,1955.0,1967.5,82541
2026-07-20 15:50:00,2026-07-20 12:50:00+00:00,2026-07-20 13:00:00+00:00,1968.0,1979.0,1967.5,1974.0,82439
2026-07-20 16:00:00,2026-07-20 13:00:00+00:00,2026-07-20 13:10:00+00:00,1974.0,1994.5,1970.0,1989.5,127635
2026-07-20 16:10:00,2026-07-20 13:10:00+00:00,2026-07-20 13:20:00+00:00,1990.0,1995.5,1984.0,1985.5,91195
2026-07-20 16:20:00,2026-07-20 13:20:00+00:00,2026-07-20 13:30:00+00:00,1985.5,2006.0,1984.0,2000.5,114421
2026-07-20 16:30:00,2026-07-20 13:30:00+00:00,2026-07-20 13:40:00+00:00,2000.0,2009.0,1989.0,1994.5,123851
2026-07-20 16:40:00,2026-07-20 13:40:00+00:00,2026-07-20 13:50:00+00:00,1994.5,1998.0,1986.0,1991.5,58177
2026-07-20 16:50:00,2026-07-20 13:50:00+00:00,2026-07-20 14:00:00+00:00,1991.0,1999.0,1987.0,1992.5,33433
2026-07-20 17:00:00,2026-07-20 14:00:00+00:00,2026-07-20 14:10:00+00:00,1993.0,2002.5,1991.5,2000.0,35338
2026-07-20 17:10:00,2026-07-20 14:10:00+00:00,2026-07-20 14:20:00+00:00,2000.0,2000.0,1980.5,1982.0,68973
2026-07-20 17:20:00,2026-07-20 14:20:00+00:00,2026-07-20 14:30:00+00:00,1981.5,1992.5,1981.0,1988.5,20996
2026-07-20 17:30:00,2026-07-20 14:30:00+00:00,2026-07-20 14:40:00+00:00,1989.0,1991.0,1984.5,1989.5,14764
2026-07-20 17:40:00,2026-07-20 14:40:00+00:00,2026-07-20 14:50:00+00:00,1989.5,1994.5,1986.0,1993.0,20347
2026-07-20 17:50:00,2026-07-20 14:50:00+00:00,2026-07-20 15:00:00+00:00,1993.0,1999.0,1992.5,1997.0,22230
2026-07-20 18:00:00,2026-07-20 15:00:00+00:00,2026-07-20 15:10:00+00:00,1998.0,2001.5,1988.0,1990.5,26137
2026-07-20 18:10:00,2026-07-20 15:10:00+00:00,2026-07-20 15:20:00+00:00,1990.5,2005.0,1990.5,2004.5,29527
2026-07-20 18:20:00,2026-07-20 15:20:00+00:00,2026-07-20 15:30:00+00:00,2005.0,2012.0,1997.0,2000.0,86483
2026-07-20 18:30:00,2026-07-20 15:30:00+00:00,2026-07-20 15:40:00+00:00,2000.0,2001.0,1992.5,1999.0,33935
2026-07-20 18:40:00,2026-07-20 15:40:00+00:00,2026-07-20 15:50:00+00:00,1998.5,2006.0,1995.5,2002.0,20132
2026-07-20 18:50:00,2026-07-20 15:50:00+00:00,2026-07-20 16:00:00+00:00,2002.0,2004.5,1997.5,2004.0,13879
2026-07-20 19:00:00,2026-07-20 16:00:00+00:00,2026-07-20 16:10:00+00:00,2004.0,2046.0,2000.0,2030.0,143883
2026-07-20 19:10:00,2026-07-20 16:10:00+00:00,2026-07-20 16:20:00+00:00,2030.5,2033.0,2014.5,2027.0,54047
2026-07-20 19:20:00,2026-07-20 16:20:00+00:00,2026-07-20 16:30:00+00:00,2028.0,2045.0,2024.0,2029.0,48763
2026-07-20 19:30:00,2026-07-20 16:30:00+00:00,2026-07-20 16:40:00+00:00,2029.5,2043.5,2028.5,2042.0,30056
2026-07-20 19:40:00,2026-07-20 16:40:00+00:00,2026-07-20 16:50:00+00:00,2041.5,2043.0,2023.5,2025.0,52709
2026-07-20 19:50:00,2026-07-20 16:50:00+00:00,2026-07-20 17:00:00+00:00,2025.0,2030.0,2021.0,2026.5,33175
2026-07-20 20:00:00,2026-07-20 17:00:00+00:00,2026-07-20 17:10:00+00:00,2027.0,2037.0,2020.5,2022.5,37540
2026-07-20 20:10:00,2026-07-20 17:10:00+00:00,2026-07-20 17:20:00+00:00,2022.0,2035.0,2022.0,2029.5,25375
2026-07-20 20:20:00,2026-07-20 17:20:00+00:00,2026-07-20 17:30:00+00:00,2029.0,2036.0,2026.5,2034.0,15001
2026-07-20 20:30:00,2026-07-20 17:30:00+00:00,2026-07-20 17:40:00+00:00,2034.0,2035.5,2030.5,2032.0,10605
2026-07-20 20:40:00,2026-07-20 17:40:00+00:00,2026-07-20 17:50:00+00:00,2032.0,2039.0,2032.0,2036.5,16260
2026-07-20 20:50:00,2026-07-20 17:50:00+00:00,2026-07-20 18:00:00+00:00,2036.5,2047.0,2032.0,2041.0,32080
2026-07-20 21:00:00,2026-07-20 18:00:00+00:00,2026-07-20 18:10:00+00:00,2041.0,2042.0,2036.0,2036.0,9261
2026-07-20 21:10:00,2026-07-20 18:10:00+00:00,2026-07-20 18:20:00+00:00,2037.0,2037.5,2033.0,2037.0,8244
2026-07-20 21:20:00,2026-07-20 18:20:00+00:00,2026-07-20 18:30:00+00:00,2037.0,2037.0,2033.0,2033.0,9992
2026-07-20 21:30:00,2026-07-20 18:30:00+00:00,2026-07-20 18:40:00+00:00,2033.5,2036.0,2033.0,2035.5,3523
2026-07-20 21:40:00,2026-07-20 18:40:00+00:00,2026-07-20 18:50:00+00:00,2035.5,2038.5,2032.5,2033.5,8532
2026-07-20 21:50:00,2026-07-20 18:50:00+00:00,2026-07-20 19:00:00+00:00,2033.5,2041.5,2033.5,2039.5,8602
2026-07-20 22:00:00,2026-07-20 19:00:00+00:00,2026-07-20 19:10:00+00:00,2039.5,2041.0,2036.5,2037.0,4270
2026-07-20 22:10:00,2026-07-20 19:10:00+00:00,2026-07-20 19:20:00+00:00,2037.5,2042.5,2037.5,2041.5,5448
2026-07-20 22:20:00,2026-07-20 19:20:00+00:00,2026-07-20 19:30:00+00:00,2042.0,2045.0,2041.0,2045.0,6516
2026-07-20 22:30:00,2026-07-20 19:30:00+00:00,2026-07-20 19:40:00+00:00,2045.0,2045.0,2039.0,2041.5,6862
2026-07-20 22:40:00,2026-07-20 19:40:00+00:00,2026-07-20 19:50:00+00:00,2041.5,2045.0,2040.0,2041.0,9314
2026-07-20 22:50:00,2026-07-20 19:50:00+00:00,2026-07-20 20:00:00+00:00,2041.0,2042.0,2039.0,2041.0,5021
2026-07-20 23:00:00,2026-07-20 20:00:00+00:00,2026-07-20 20:10:00+00:00,2041.0,2042.5,2040.0,2042.0,2435
2026-07-20 23:10:00,2026-07-20 20:10:00+00:00,2026-07-20 20:20:00+00:00,2041.5,2045.0,2041.5,2042.5,5242
2026-07-20 23:20:00,2026-07-20 20:20:00+00:00,2026-07-20 20:30:00+00:00,2043.5,2044.5,2041.0,2041.0,3699
2026-07-20 23:30:00,2026-07-20 20:30:00+00:00,2026-07-20 20:40:00+00:00,2041.5,2043.0,2040.0,2043.0,4805
2026-07-20 23:40:00,2026-07-20 20:40:00+00:00,2026-07-20 20:50:00+00:00,2042.0,2045.5,2041.0,2045.5,7726
2026-07-21 06:50:00,2026-07-21 03:50:00+00:00,2026-07-21 04:00:00+00:00,2046.5,2046.5,2046.5,2046.5,598
2026-07-21 07:00:00,2026-07-21 04:00:00+00:00,2026-07-21 04:10:00+00:00,2046.5,2053.5,2027.5,2050.0,64583
2026-07-21 07:10:00,2026-07-21 04:10:00+00:00,2026-07-21 04:20:00+00:00,2050.5,2072.0,2047.5,2068.0,75019
2026-07-21 07:20:00,2026-07-21 04:20:00+00:00,2026-07-21 04:30:00+00:00,2067.5,2067.5,2051.0,2052.0,32678
2026-07-21 07:30:00,2026-07-21 04:30:00+00:00,2026-07-21 04:40:00+00:00,2052.0,2063.5,2041.0,2049.0,40251
2026-07-21 07:40:00,2026-07-21 04:40:00+00:00,2026-07-21 04:50:00+00:00,2048.5,2049.0,2037.0,2043.0,18970
2026-07-21 07:50:00,2026-07-21 04:50:00+00:00,2026-07-21 05:00:00+00:00,2044.0,2052.0,2040.5,2041.0,13239
2026-07-21 08:00:00,2026-07-21 05:00:00+00:00,2026-07-21 05:10:00+00:00,2041.0,2055.0,2040.5,2051.0,18239
2026-07-21 08:10:00,2026-07-21 05:10:00+00:00,2026-07-21 05:20:00+00:00,2051.0,2058.5,2048.0,2050.0,14540
2026-07-21 08:20:00,2026-07-21 05:20:00+00:00,2026-07-21 05:30:00+00:00,2049.5,2054.0,2046.0,2054.0,9158
2026-07-21 08:30:00,2026-07-21 05:30:00+00:00,2026-07-21 05:40:00+00:00,2054.0,2058.5,2051.0,2055.5,14250
2026-07-21 08:40:00,2026-07-21 05:40:00+00:00,2026-07-21 05:50:00+00:00,2055.5,2062.0,2054.5,2062.0,13679
2026-07-21 08:50:00,2026-07-21 05:50:00+00:00,2026-07-21 06:00:00+00:00,2062.0,2067.5,2058.0,2064.0,27942
2026-07-21 09:00:00,2026-07-21 06:00:00+00:00,2026-07-21 06:10:00+00:00,2064.0,2084.0,2058.5,2081.0,80856
2026-07-21 09:10:00,2026-07-21 06:10:00+00:00,2026-07-21 06:20:00+00:00,2081.0,2099.0,2077.5,2090.5,130217
2026-07-21 09:20:00,2026-07-21 06:20:00+00:00,2026-07-21 06:30:00+00:00,2091.0,2094.5,2082.5,2082.5,46718
2026-07-21 09:30:00,2026-07-21 06:30:00+00:00,2026-07-21 06:40:00+00:00,2082.5,2092.0,2081.5,2082.5,39795
2026-07-21 09:40:00,2026-07-21 06:40:00+00:00,2026-07-21 06:50:00+00:00,2083.5,2084.0,2075.0,2077.0,47053
2026-07-21 09:50:00,2026-07-21 06:50:00+00:00,2026-07-21 07:00:00+00:00,2076.0,2094.0,2076.0,2085.0,62410
2026-07-21 10:00:00,2026-07-21 07:00:00+00:00,2026-07-21 07:10:00+00:00,2084.5,2090.0,2064.0,2065.5,85092
2026-07-21 10:10:00,2026-07-21 07:10:00+00:00,2026-07-21 07:20:00+00:00,2065.5,2066.5,2050.5,2063.5,100642
2026-07-21 10:20:00,2026-07-21 07:20:00+00:00,2026-07-21 07:30:00+00:00,2063.5,2064.0,2046.0,2046.5,64373
2026-07-21 10:30:00,2026-07-21 07:30:00+00:00,2026-07-21 07:40:00+00:00,2046.5,2075.0,2043.5,2065.0,97582
2026-07-21 10:40:00,2026-07-21 07:40:00+00:00,2026-07-21 07:50:00+00:00,2064.5,2066.0,2051.0,2057.5,40785
2026-07-21 10:50:00,2026-07-21 07:50:00+00:00,2026-07-21 08:00:00+00:00,2057.0,2057.0,2031.0,2033.5,82201
2026-07-21 11:00:00,2026-07-21 08:00:00+00:00,2026-07-21 08:10:00+00:00,2033.0,2049.5,2032.0,2042.5,91302
2026-07-21 11:10:00,2026-07-21 08:10:00+00:00,2026-07-21 08:20:00+00:00,2042.0,2052.5,2039.0,2052.0,39589
2026-07-21 11:20:00,2026-07-21 08:20:00+00:00,2026-07-21 08:30:00+00:00,2052.0,2052.5,2041.5,2047.0,40701
2026-07-21 11:30:00,2026-07-21 08:30:00+00:00,2026-07-21 08:40:00+00:00,2047.0,2054.5,2042.5,2048.5,37024
2026-07-21 11:40:00,2026-07-21 08:40:00+00:00,2026-07-21 08:50:00+00:00,2049.0,2049.0,2039.0,2039.0,26165
2026-07-21 11:50:00,2026-07-21 08:50:00+00:00,2026-07-21 09:00:00+00:00,2039.0,2051.0,2038.5,2043.5,21491
2026-07-21 12:00:00,2026-07-21 09:00:00+00:00,2026-07-21 09:10:00+00:00,2044.0,2059.5,2042.0,2053.0,47632
2026-07-21 12:10:00,2026-07-21 09:10:00+00:00,2026-07-21 09:20:00+00:00,2053.5,2056.0,2047.0,2047.5,13463
2026-07-21 12:20:00,2026-07-21 09:20:00+00:00,2026-07-21 09:30:00+00:00,2047.5,2049.5,2043.0,2043.5,9639
2026-07-21 12:30:00,2026-07-21 09:30:00+00:00,2026-07-21 09:40:00+00:00,2043.0,2045.0,2025.5,2026.5,64629
2026-07-21 12:40:00,2026-07-21 09:40:00+00:00,2026-07-21 09:50:00+00:00,2027.0,2031.5,2024.0,2030.5,49897
2026-07-21 12:50:00,2026-07-21 09:50:00+00:00,2026-07-21 10:00:00+00:00,2030.5,2032.5,2021.0,2026.0,47266
2026-07-21 13:00:00,2026-07-21 10:00:00+00:00,2026-07-21 10:10:00+00:00,2025.5,2029.5,2014.5,2026.0,78166
2026-07-21 13:10:00,2026-07-21 10:10:00+00:00,2026-07-21 10:20:00+00:00,2026.0,2042.5,2025.0,2038.0,69873
2026-07-21 13:20:00,2026-07-21 10:20:00+00:00,2026-07-21 10:30:00+00:00,2037.5,2041.5,2031.0,2031.0,38580
2026-07-21 13:30:00,2026-07-21 10:30:00+00:00,2026-07-21 10:40:00+00:00,2031.0,2033.0,2022.0,2024.0,42006
2026-07-21 13:40:00,2026-07-21 10:40:00+00:00,2026-07-21 10:50:00+00:00,2024.0,2031.5,2018.5,2028.0,42382
2026-07-21 13:50:00,2026-07-21 10:50:00+00:00,2026-07-21 11:00:00+00:00,2028.0,2037.5,2026.0,2033.5,39519
2026-07-21 14:00:00,2026-07-21 11:00:00+00:00,2026-07-21 11:10:00+00:00,2033.0,2045.5,2031.5,2044.5,50486
2026-07-21 14:10:00,2026-07-21 11:10:00+00:00,2026-07-21 11:20:00+00:00,2044.0,2045.0,2035.5,2040.0,35660
2026-07-21 14:20:00,2026-07-21 11:20:00+00:00,2026-07-21 11:30:00+00:00,2039.0,2040.5,2034.5,2038.0,11742
2026-07-21 14:30:00,2026-07-21 11:30:00+00:00,2026-07-21 11:40:00+00:00,2037.5,2051.0,2033.0,2050.5,29430
2026-07-21 14:40:00,2026-07-21 11:40:00+00:00,2026-07-21 11:50:00+00:00,2050.5,2066.5,2050.0,2060.0,85705
2026-07-21 14:50:00,2026-07-21 11:50:00+00:00,2026-07-21 12:00:00+00:00,2060.0,2060.0,2050.0,2059.0,49800
2026-07-21 15:00:00,2026-07-21 12:00:00+00:00,2026-07-21 12:10:00+00:00,2059.0,2064.0,2052.0,2062.5,38013
2026-07-21 15:10:00,2026-07-21 12:10:00+00:00,2026-07-21 12:20:00+00:00,2062.0,2062.5,2038.0,2042.5,134376
2026-07-21 15:20:00,2026-07-21 12:20:00+00:00,2026-07-21 12:30:00+00:00,2043.0,2056.0,2038.0,2050.0,48144
2026-07-21 15:30:00,2026-07-21 12:30:00+00:00,2026-07-21 12:40:00+00:00,2049.5,2059.0,2042.0,2047.5,59199
2026-07-21 15:40:00,2026-07-21 12:40:00+00:00,2026-07-21 12:50:00+00:00,2047.5,2048.0,2042.0,2048.0,21880
2026-07-21 15:50:00,2026-07-21 12:50:00+00:00,2026-07-21 13:00:00+00:00,2047.5,2057.5,2045.5,2055.0,41093
2026-07-21 16:00:00,2026-07-21 13:00:00+00:00,2026-07-21 13:10:00+00:00,2055.0,2079.0,2055.0,2073.5,114814
2026-07-21 16:10:00,2026-07-21 13:10:00+00:00,2026-07-21 13:20:00+00:00,2073.5,2077.5,2064.5,2066.5,58268
2026-07-21 16:20:00,2026-07-21 13:20:00+00:00,2026-07-21 13:30:00+00:00,2066.5,2083.5,2064.0,2078.5,90607
2026-07-21 16:30:00,2026-07-21 13:30:00+00:00,2026-07-21 13:40:00+00:00,2079.0,2082.0,2069.0,2077.5,76976
2026-07-21 16:40:00,2026-07-21 13:40:00+00:00,2026-07-21 13:50:00+00:00,2077.5,2083.5,2071.5,2073.5,28260
2026-07-21 16:50:00,2026-07-21 13:50:00+00:00,2026-07-21 14:00:00+00:00,2074.0,2093.0,2068.5,2086.0,71668
2026-07-21 17:00:00,2026-07-21 14:00:00+00:00,2026-07-21 14:10:00+00:00,2087.0,2093.0,2080.0,2087.5,52544
2026-07-21 17:10:00,2026-07-21 14:10:00+00:00,2026-07-21 14:20:00+00:00,2088.0,2091.5,2082.5,2084.5,41552
2026-07-21 17:20:00,2026-07-21 14:20:00+00:00,2026-07-21 14:30:00+00:00,2086.0,2094.0,2084.5,2090.5,39660
2026-07-21 17:30:00,2026-07-21 14:30:00+00:00,2026-07-21 14:40:00+00:00,2090.5,2096.5,2085.5,2091.0,38740
2026-07-21 17:40:00,2026-07-21 14:40:00+00:00,2026-07-21 14:50:00+00:00,2091.5,2098.5,2086.0,2087.5,50298
2026-07-21 17:50:00,2026-07-21 14:50:00+00:00,2026-07-21 15:00:00+00:00,2087.5,2093.0,2083.5,2086.5,42098
2026-07-21 18:00:00,2026-07-21 15:00:00+00:00,2026-07-21 15:10:00+00:00,2086.0,2095.0,2083.5,2092.0,47469
2026-07-21 18:10:00,2026-07-21 15:10:00+00:00,2026-07-21 15:20:00+00:00,2091.5,2092.0,2073.0,2077.0,51506
2026-07-21 18:20:00,2026-07-21 15:20:00+00:00,2026-07-21 15:30:00+00:00,2077.0,2078.0,2067.0,2067.5,67645
2026-07-21 18:30:00,2026-07-21 15:30:00+00:00,2026-07-21 15:40:00+00:00,2068.0,2076.5,2065.5,2068.5,46612
2026-07-21 18:40:00,2026-07-21 15:40:00+00:00,2026-07-21 15:50:00+00:00,2069.0,2076.0,2067.5,2073.5,19282
2026-07-21 18:50:00,2026-07-21 15:50:00+00:00,2026-07-21 16:00:00+00:00,2073.5,2082.0,2070.5,2078.5,18732
2026-07-21 19:00:00,2026-07-21 16:00:00+00:00,2026-07-21 16:10:00+00:00,2077.5,2080.0,2071.0,2072.5,18476
2026-07-21 19:10:00,2026-07-21 16:10:00+00:00,2026-07-21 16:20:00+00:00,2072.0,2076.5,2071.0,2072.0,8271
2026-07-21 19:20:00,2026-07-21 16:20:00+00:00,2026-07-21 16:30:00+00:00,2072.5,2073.5,2065.0,2069.0,27064
2026-07-21 19:30:00,2026-07-21 16:30:00+00:00,2026-07-21 16:40:00+00:00,2069.0,2083.5,2069.0,2080.5,49049
2026-07-21 19:40:00,2026-07-21 16:40:00+00:00,2026-07-21 16:50:00+00:00,2081.0,2085.5,2072.5,2072.5,24655
2026-07-21 19:50:00,2026-07-21 16:50:00+00:00,2026-07-21 17:00:00+00:00,2073.0,2073.0,2061.5,2062.0,32162
2026-07-21 20:00:00,2026-07-21 17:00:00+00:00,2026-07-21 17:10:00+00:00,2062.0,2070.5,2061.0,2068.5,21312
2026-07-21 20:10:00,2026-07-21 17:10:00+00:00,2026-07-21 17:20:00+00:00,2068.5,2070.5,2063.5,2070.0,8166
2026-07-21 20:20:00,2026-07-21 17:20:00+00:00,2026-07-21 17:30:00+00:00,2070.0,2072.5,2067.0,2071.5,11828
2026-07-21 20:30:00,2026-07-21 17:30:00+00:00,2026-07-21 17:40:00+00:00,2071.0,2074.0,2067.5,2068.5,9607
2026-07-21 20:40:00,2026-07-21 17:40:00+00:00,2026-07-21 17:50:00+00:00,2068.0,2073.0,2067.5,2072.5,4893
2026-07-21 20:50:00,2026-07-21 17:50:00+00:00,2026-07-21 18:00:00+00:00,2072.5,2073.0,2070.0,2072.0,3385
2026-07-21 21:00:00,2026-07-21 18:00:00+00:00,2026-07-21 18:10:00+00:00,2071.5,2073.5,2069.5,2070.0,5451
2026-07-21 21:10:00,2026-07-21 18:10:00+00:00,2026-07-21 18:20:00+00:00,2070.5,2075.5,2070.0,2070.5,8274
2026-07-21 21:20:00,2026-07-21 18:20:00+00:00,2026-07-21 18:30:00+00:00,2070.5,2071.5,2068.0,2068.5,6379
2026-07-21 21:30:00,2026-07-21 18:30:00+00:00,2026-07-21 18:40:00+00:00,2069.5,2071.5,2068.5,2071.5,2454
2026-07-21 21:40:00,2026-07-21 18:40:00+00:00,2026-07-21 18:50:00+00:00,2071.5,2074.0,2069.0,2074.0,6502
2026-07-21 21:50:00,2026-07-21 18:50:00+00:00,2026-07-21 19:00:00+00:00,2074.0,2080.0,2073.0,2077.5,15054
2026-07-21 22:00:00,2026-07-21 19:00:00+00:00,2026-07-21 19:10:00+00:00,2077.5,2080.5,2076.5,2077.5,8282
2026-07-21 22:10:00,2026-07-21 19:10:00+00:00,2026-07-21 19:20:00+00:00,2077.5,2082.5,2076.0,2077.0,12620
2026-07-21 22:20:00,2026-07-21 19:20:00+00:00,2026-07-21 19:30:00+00:00,2076.5,2077.0,2073.5,2075.0,5328
2026-07-21 22:30:00,2026-07-21 19:30:00+00:00,2026-07-21 19:40:00+00:00,2075.5,2076.5,2074.5,2075.5,3727
2026-07-21 22:40:00,2026-07-21 19:40:00+00:00,2026-07-21 19:50:00+00:00,2075.0,2077.0,2073.0,2075.0,4779
2026-07-21 22:50:00,2026-07-21 19:50:00+00:00,2026-07-21 20:00:00+00:00,2076.0,2077.5,2075.5,2076.5,4129
2026-07-21 23:00:00,2026-07-21 20:00:00+00:00,2026-07-21 20:10:00+00:00,2076.0,2080.0,2075.5,2078.5,2993
2026-07-21 23:10:00,2026-07-21 20:10:00+00:00,2026-07-21 20:20:00+00:00,2078.0,2080.0,2078.0,2079.5,2935
2026-07-21 23:20:00,2026-07-21 20:20:00+00:00,2026-07-21 20:30:00+00:00,2079.5,2079.5,2077.0,2077.5,3391
2026-07-21 23:30:00,2026-07-21 20:30:00+00:00,2026-07-21 20:40:00+00:00,2077.0,2079.0,2077.0,2077.5,3425
2026-07-21 23:40:00,2026-07-21 20:40:00+00:00,2026-07-21 20:50:00+00:00,2077.5,2080.0,2077.5,2078.5,5188
2026-07-22 06:50:00,2026-07-22 03:50:00+00:00,2026-07-22 04:00:00+00:00,2076.0,2076.0,2076.0,2076.0,301
2026-07-22 07:00:00,2026-07-22 04:00:00+00:00,2026-07-22 04:10:00+00:00,2078.5,2082.0,2064.0,2069.0,17946
2026-07-22 07:10:00,2026-07-22 04:10:00+00:00,2026-07-22 04:20:00+00:00,2068.5,2077.0,2063.0,2069.5,12977
2026-07-22 07:20:00,2026-07-22 04:20:00+00:00,2026-07-22 04:30:00+00:00,2069.0,2070.0,2061.5,2066.5,11850
2026-07-22 07:30:00,2026-07-22 04:30:00+00:00,2026-07-22 04:40:00+00:00,2067.5,2070.5,2063.0,2064.5,5968
2026-07-22 07:40:00,2026-07-22 04:40:00+00:00,2026-07-22 04:50:00+00:00,2064.5,2072.0,2063.5,2072.0,7380
2026-07-22 07:50:00,2026-07-22 04:50:00+00:00,2026-07-22 05:00:00+00:00,2071.5,2072.5,2065.0,2067.0,6473
2026-07-22 08:00:00,2026-07-22 05:00:00+00:00,2026-07-22 05:10:00+00:00,2066.5,2070.0,2065.5,2066.0,6192
2026-07-22 08:10:00,2026-07-22 05:10:00+00:00,2026-07-22 05:20:00+00:00,2066.5,2067.5,2057.5,2058.0,15536
2026-07-22 08:20:00,2026-07-22 05:20:00+00:00,2026-07-22 05:30:00+00:00,2058.0,2061.0,2057.0,2058.5,11363
2026-07-22 08:30:00,2026-07-22 05:30:00+00:00,2026-07-22 05:40:00+00:00,2058.5,2060.0,2055.5,2059.0,9513
2026-07-22 08:40:00,2026-07-22 05:40:00+00:00,2026-07-22 05:50:00+00:00,2059.0,2064.5,2057.5,2058.0,13602
2026-07-22 08:50:00,2026-07-22 05:50:00+00:00,2026-07-22 06:00:00+00:00,2059.0,2062.5,2052.0,2055.0,16389
2026-07-22 09:00:00,2026-07-22 06:00:00+00:00,2026-07-22 06:10:00+00:00,2056.0,2056.5,2045.5,2046.0,47737
2026-07-22 09:10:00,2026-07-22 06:10:00+00:00,2026-07-22 06:20:00+00:00,2045.5,2056.0,2042.5,2053.0,36967
2026-07-22 09:20:00,2026-07-22 06:20:00+00:00,2026-07-22 06:30:00+00:00,2053.0,2057.5,2049.0,2049.0,29336
2026-07-22 09:30:00,2026-07-22 06:30:00+00:00,2026-07-22 06:40:00+00:00,2049.0,2057.0,2047.5,2054.0,18194
2026-07-22 09:40:00,2026-07-22 06:40:00+00:00,2026-07-22 06:50:00+00:00,2053.5,2062.5,2051.0,2062.5,36127
2026-07-22 09:50:00,2026-07-22 06:50:00+00:00,2026-07-22 07:00:00+00:00,2062.0,2062.0,2055.5,2059.0,9462
2026-07-22 10:00:00,2026-07-22 07:00:00+00:00,2026-07-22 07:10:00+00:00,2058.5,2060.0,2046.0,2050.0,31757
2026-07-22 10:10:00,2026-07-22 07:10:00+00:00,2026-07-22 07:20:00+00:00,2050.0,2069.0,2049.0,2062.5,43890
2026-07-22 10:20:00,2026-07-22 07:20:00+00:00,2026-07-22 07:30:00+00:00,2061.5,2066.0,2054.5,2065.0,30179
2026-07-22 10:30:00,2026-07-22 07:30:00+00:00,2026-07-22 07:40:00+00:00,2065.5,2066.5,2051.5,2060.0,31148
2026-07-22 10:40:00,2026-07-22 07:40:00+00:00,2026-07-22 07:50:00+00:00,2060.5,2069.0,2060.5,2068.5,29082
2026-07-22 10:50:00,2026-07-22 07:50:00+00:00,2026-07-22 08:00:00+00:00,2068.5,2078.5,2068.0,2070.5,62071
2026-07-22 11:00:00,2026-07-22 08:00:00+00:00,2026-07-22 08:10:00+00:00,2070.0,2075.0,2067.5,2070.0,23048
2026-07-22 11:10:00,2026-07-22 08:10:00+00:00,2026-07-22 08:20:00+00:00,2070.5,2074.5,2066.0,2067.0,25736
2026-07-22 11:20:00,2026-07-22 08:20:00+00:00,2026-07-22 08:30:00+00:00,2067.0,2078.5,2066.0,2074.5,24827
2026-07-22 11:30:00,2026-07-22 08:30:00+00:00,2026-07-22 08:40:00+00:00,2074.0,2074.0,2063.5,2065.5,20744
2026-07-22 11:40:00,2026-07-22 08:40:00+00:00,2026-07-22 08:50:00+00:00,2065.5,2071.5,2064.5,2066.0,12323
2026-07-22 11:50:00,2026-07-22 08:50:00+00:00,2026-07-22 09:00:00+00:00,2066.5,2073.5,2064.0,2065.5,19377
2026-07-22 12:00:00,2026-07-22 09:00:00+00:00,2026-07-22 09:10:00+00:00,2065.0,2118.0,2064.5,2111.0,326250
2026-07-22 12:10:00,2026-07-22 09:10:00+00:00,2026-07-22 09:20:00+00:00,2111.0,2113.0,2100.0,2104.0,84194
2026-07-22 12:20:00,2026-07-22 09:20:00+00:00,2026-07-22 09:30:00+00:00,2104.5,2104.5,2097.0,2103.5,47775
2026-07-22 12:30:00,2026-07-22 09:30:00+00:00,2026-07-22 09:40:00+00:00,2103.5,2104.5,2095.5,2102.0,46049
2026-07-22 12:40:00,2026-07-22 09:40:00+00:00,2026-07-22 09:50:00+00:00,2102.0,2117.0,2101.0,2115.0,57408
2026-07-22 12:50:00,2026-07-22 09:50:00+00:00,2026-07-22 10:00:00+00:00,2115.5,2133.5,2113.5,2132.0,133336
2026-07-22 13:00:00,2026-07-22 10:00:00+00:00,2026-07-22 10:10:00+00:00,2132.5,2150.0,2123.5,2135.5,144562
2026-07-22 13:10:00,2026-07-22 10:10:00+00:00,2026-07-22 10:20:00+00:00,2135.5,2139.0,2125.0,2126.0,79715
2026-07-22 13:20:00,2026-07-22 10:20:00+00:00,2026-07-22 10:30:00+00:00,2125.5,2130.0,2124.5,2126.0,33184
2026-07-22 13:30:00,2026-07-22 10:30:00+00:00,2026-07-22 10:40:00+00:00,2126.0,2133.0,2125.5,2127.0,24347
2026-07-22 13:40:00,2026-07-22 10:40:00+00:00,2026-07-22 10:50:00+00:00,2127.5,2131.5,2124.0,2124.5,20459
2026-07-22 13:50:00,2026-07-22 10:50:00+00:00,2026-07-22 11:00:00+00:00,2124.5,2131.0,2124.0,2125.5,20538
2026-07-22 14:00:00,2026-07-22 11:00:00+00:00,2026-07-22 11:10:00+00:00,2125.5,2139.0,2125.5,2127.0,43472
2026-07-22 14:10:00,2026-07-22 11:10:00+00:00,2026-07-22 11:20:00+00:00,2126.5,2137.5,2126.0,2133.0,33145
2026-07-22 14:20:00,2026-07-22 11:20:00+00:00,2026-07-22 11:30:00+00:00,2133.0,2141.5,2129.5,2131.5,51509
2026-07-22 14:30:00,2026-07-22 11:30:00+00:00,2026-07-22 11:40:00+00:00,2131.5,2131.5,2117.5,2121.0,47850
2026-07-22 14:40:00,2026-07-22 11:40:00+00:00,2026-07-22 11:50:00+00:00,2121.5,2126.5,2114.5,2119.5,55232
2026-07-22 14:50:00,2026-07-22 11:50:00+00:00,2026-07-22 12:00:00+00:00,2119.0,2120.5,2115.0,2117.5,24601
2026-07-22 15:00:00,2026-07-22 12:00:00+00:00,2026-07-22 12:10:00+00:00,2118.0,2131.0,2118.0,2124.5,29404
2026-07-22 15:10:00,2026-07-22 12:10:00+00:00,2026-07-22 12:20:00+00:00,2125.0,2127.5,2121.0,2122.0,15807
2026-07-22 15:20:00,2026-07-22 12:20:00+00:00,2026-07-22 12:30:00+00:00,2122.5,2128.0,2121.5,2123.0,13794
2026-07-22 15:30:00,2026-07-22 12:30:00+00:00,2026-07-22 12:40:00+00:00,2123.5,2137.0,2122.5,2133.0,50350
2026-07-22 15:40:00,2026-07-22 12:40:00+00:00,2026-07-22 12:50:00+00:00,2133.0,2133.0,2128.0,2131.5,13583
2026-07-22 15:50:00,2026-07-22 12:50:00+00:00,2026-07-22 13:00:00+00:00,2131.0,2136.5,2130.0,2132.5,18659
2026-07-22 16:00:00,2026-07-22 13:00:00+00:00,2026-07-22 13:10:00+00:00,2133.0,2133.5,2125.0,2130.5,25245
2026-07-22 16:10:00,2026-07-22 13:10:00+00:00,2026-07-22 13:20:00+00:00,2130.5,2144.0,2130.5,2132.0,59380
2026-07-22 16:20:00,2026-07-22 13:20:00+00:00,2026-07-22 13:30:00+00:00,2132.0,2142.0,2123.5,2137.5,59027
2026-07-22 16:30:00,2026-07-22 13:30:00+00:00,2026-07-22 13:40:00+00:00,2137.5,2142.5,2134.0,2134.0,27584
2026-07-22 16:40:00,2026-07-22 13:40:00+00:00,2026-07-22 13:50:00+00:00,2134.0,2139.0,2134.0,2138.5,13034
2026-07-22 16:50:00,2026-07-22 13:50:00+00:00,2026-07-22 14:00:00+00:00,2138.5,2139.5,2132.5,2137.0,19181
2026-07-22 17:00:00,2026-07-22 14:00:00+00:00,2026-07-22 14:10:00+00:00,2137.5,2143.5,2136.0,2142.0,27376
2026-07-22 17:10:00,2026-07-22 14:10:00+00:00,2026-07-22 14:20:00+00:00,2142.0,2142.5,2129.0,2131.5,33197
2026-07-22 17:20:00,2026-07-22 14:20:00+00:00,2026-07-22 14:30:00+00:00,2132.0,2142.5,2131.5,2134.5,26266
2026-07-22 17:30:00,2026-07-22 14:30:00+00:00,2026-07-22 14:40:00+00:00,2134.5,2136.5,2126.0,2130.0,29467
2026-07-22 17:40:00,2026-07-22 14:40:00+00:00,2026-07-22 14:50:00+00:00,2130.0,2137.5,2126.0,2133.5,24245
2026-07-22 17:50:00,2026-07-22 14:50:00+00:00,2026-07-22 15:00:00+00:00,2133.0,2133.5,2128.0,2133.5,14445
2026-07-22 18:00:00,2026-07-22 15:00:00+00:00,2026-07-22 15:10:00+00:00,2132.5,2137.0,2132.0,2136.0,11475
2026-07-22 18:10:00,2026-07-22 15:10:00+00:00,2026-07-22 15:20:00+00:00,2136.0,2139.5,2134.0,2136.5,12513
2026-07-22 18:20:00,2026-07-22 15:20:00+00:00,2026-07-22 15:30:00+00:00,2137.0,2137.5,2132.5,2133.0,11163
2026-07-22 18:30:00,2026-07-22 15:30:00+00:00,2026-07-22 15:40:00+00:00,2133.5,2135.0,2119.0,2122.5,45458
2026-07-22 18:40:00,2026-07-22 15:40:00+00:00,2026-07-22 15:50:00+00:00,2122.5,2127.0,2115.5,2122.0,38498
2026-07-22 18:50:00,2026-07-22 15:50:00+00:00,2026-07-22 16:00:00+00:00,2122.5,2129.0,2122.5,2127.0,15366
2026-07-22 19:00:00,2026-07-22 16:00:00+00:00,2026-07-22 16:10:00+00:00,2127.5,2136.0,2125.0,2134.5,34292
2026-07-22 19:10:00,2026-07-22 16:10:00+00:00,2026-07-22 16:20:00+00:00,2135.0,2138.5,2134.0,2137.0,19737
2026-07-22 19:20:00,2026-07-22 16:20:00+00:00,2026-07-22 16:30:00+00:00,2137.0,2140.0,2135.5,2138.5,17399
2026-07-22 19:30:00,2026-07-22 16:30:00+00:00,2026-07-22 16:40:00+00:00,2138.5,2139.0,2134.0,2137.0,11392
2026-07-22 19:40:00,2026-07-22 16:40:00+00:00,2026-07-22 16:50:00+00:00,2136.5,2137.5,2133.5,2133.5,5367
2026-07-22 19:50:00,2026-07-22 16:50:00+00:00,2026-07-22 17:00:00+00:00,2134.0,2137.5,2133.5,2136.5,12716
2026-07-22 20:00:00,2026-07-22 17:00:00+00:00,2026-07-22 17:10:00+00:00,2136.5,2137.0,2134.5,2136.0,5646
2026-07-22 20:10:00,2026-07-22 17:10:00+00:00,2026-07-22 17:20:00+00:00,2136.0,2136.5,2131.0,2134.0,8200
2026-07-22 20:20:00,2026-07-22 17:20:00+00:00,2026-07-22 17:30:00+00:00,2133.5,2134.0,2131.5,2132.0,5255
2026-07-22 20:30:00,2026-07-22 17:30:00+00:00,2026-07-22 17:40:00+00:00,2131.5,2133.0,2130.0,2132.5,5206
2026-07-22 20:40:00,2026-07-22 17:40:00+00:00,2026-07-22 17:50:00+00:00,2132.0,2133.5,2131.5,2132.5,2224
2026-07-22 20:50:00,2026-07-22 17:50:00+00:00,2026-07-22 18:00:00+00:00,2133.0,2137.5,2131.5,2137.5,11245
2026-07-22 21:00:00,2026-07-22 18:00:00+00:00,2026-07-22 18:10:00+00:00,2137.0,2139.5,2135.5,2137.0,7320
2026-07-22 21:10:00,2026-07-22 18:10:00+00:00,2026-07-22 18:20:00+00:00,2136.5,2139.0,2135.0,2138.0,5091
2026-07-22 21:20:00,2026-07-22 18:20:00+00:00,2026-07-22 18:30:00+00:00,2138.0,2139.5,2136.5,2137.5,4260
2026-07-22 21:30:00,2026-07-22 18:30:00+00:00,2026-07-22 18:40:00+00:00,2138.5,2141.5,2137.5,2140.5,6447
2026-07-22 21:40:00,2026-07-22 18:40:00+00:00,2026-07-22 18:50:00+00:00,2140.0,2140.5,2137.5,2138.5,3559
2026-07-22 21:50:00,2026-07-22 18:50:00+00:00,2026-07-22 19:00:00+00:00,2138.0,2140.0,2137.5,2139.0,1493
2026-07-22 22:00:00,2026-07-22 19:00:00+00:00,2026-07-22 19:10:00+00:00,2139.0,2141.5,2138.5,2140.0,8010
2026-07-22 22:10:00,2026-07-22 19:10:00+00:00,2026-07-22 19:20:00+00:00,2140.5,2142.5,2140.5,2141.5,7855
2026-07-22 22:20:00,2026-07-22 19:20:00+00:00,2026-07-22 19:30:00+00:00,2141.5,2144.5,2140.0,2144.0,11637
2026-07-22 22:30:00,2026-07-22 19:30:00+00:00,2026-07-22 19:40:00+00:00,2144.0,2146.0,2141.0,2142.5,8306
2026-07-22 22:40:00,2026-07-22 19:40:00+00:00,2026-07-22 19:50:00+00:00,2142.5,2144.0,2141.5,2142.0,7510
2026-07-22 22:50:00,2026-07-22 19:50:00+00:00,2026-07-22 20:00:00+00:00,2142.5,2142.5,2139.5,2139.5,6092
2026-07-22 23:00:00,2026-07-22 20:00:00+00:00,2026-07-22 20:10:00+00:00,2139.5,2140.0,2138.5,2140.0,3720
2026-07-22 23:10:00,2026-07-22 20:10:00+00:00,2026-07-22 20:20:00+00:00,2140.0,2140.5,2139.0,2140.5,2972
2026-07-22 23:20:00,2026-07-22 20:20:00+00:00,2026-07-22 20:30:00+00:00,2139.5,2140.5,2138.5,2140.0,4146
2026-07-22 23:30:00,2026-07-22 20:30:00+00:00,2026-07-22 20:40:00+00:00,2139.5,2140.0,2137.5,2139.5,3799
2026-07-22 23:40:00,2026-07-22 20:40:00+00:00,2026-07-22 20:50:00+00:00,2139.5,2141.5,2138.5,2140.5,6494
2026-07-23 06:50:00,2026-07-23 03:50:00+00:00,2026-07-23 04:00:00+00:00,2138.0,2138.0,2138.0,2138.0,125
2026-07-23 07:00:00,2026-07-23 04:00:00+00:00,2026-07-23 04:10:00+00:00,2139.5,2145.5,2134.5,2137.5,21113
2026-07-23 07:10:00,2026-07-23 04:10:00+00:00,2026-07-23 04:20:00+00:00,2137.5,2141.0,2133.0,2136.5,12627
2026-07-23 07:20:00,2026-07-23 04:20:00+00:00,2026-07-23 04:30:00+00:00,2136.5,2136.5,2131.0,2135.5,9603
2026-07-23 07:30:00,2026-07-23 04:30:00+00:00,2026-07-23 04:40:00+00:00,2135.5,2135.5,2122.5,2124.0,25243
2026-07-23 07:40:00,2026-07-23 04:40:00+00:00,2026-07-23 04:50:00+00:00,2124.0,2131.5,2123.0,2130.0,7004
2026-07-23 07:50:00,2026-07-23 04:50:00+00:00,2026-07-23 05:00:00+00:00,2129.0,2131.0,2128.0,2128.5,4060
2026-07-23 08:00:00,2026-07-23 05:00:00+00:00,2026-07-23 05:10:00+00:00,2128.5,2135.0,2128.0,2128.5,7264
2026-07-23 08:10:00,2026-07-23 05:10:00+00:00,2026-07-23 05:20:00+00:00,2129.5,2134.5,2128.5,2134.5,5495
2026-07-23 08:20:00,2026-07-23 05:20:00+00:00,2026-07-23 05:30:00+00:00,2134.5,2139.5,2134.0,2138.0,10921
2026-07-23 08:30:00,2026-07-23 05:30:00+00:00,2026-07-23 05:40:00+00:00,2138.5,2138.5,2132.0,2132.5,6487
2026-07-23 08:40:00,2026-07-23 05:40:00+00:00,2026-07-23 05:50:00+00:00,2132.5,2133.0,2125.0,2129.0,12959
2026-07-23 08:50:00,2026-07-23 05:50:00+00:00,2026-07-23 06:00:00+00:00,2128.5,2137.5,2123.5,2136.5,20353
2026-07-23 09:00:00,2026-07-23 06:00:00+00:00,2026-07-23 06:10:00+00:00,2136.0,2146.0,2136.0,2144.0,52941
2026-07-23 09:10:00,2026-07-23 06:10:00+00:00,2026-07-23 06:20:00+00:00,2144.0,2146.5,2141.5,2142.0,16547
2026-07-23 09:20:00,2026-07-23 06:20:00+00:00,2026-07-23 06:30:00+00:00,2141.5,2159.0,2141.5,2153.0,94026
2026-07-23 09:30:00,2026-07-23 06:30:00+00:00,2026-07-23 06:40:00+00:00,2153.0,2154.5,2144.5,2145.0,66724
2026-07-23 09:40:00,2026-07-23 06:40:00+00:00,2026-07-23 06:50:00+00:00,2144.5,2149.5,2144.0,2145.0,14938
2026-07-23 09:50:00,2026-07-23 06:50:00+00:00,2026-07-23 07:00:00+00:00,2145.0,2147.5,2134.0,2134.0,45364
2026-07-23 10:00:00,2026-07-23 07:00:00+00:00,2026-07-23 07:10:00+00:00,2134.0,2138.0,2113.0,2119.5,119989
2026-07-23 10:10:00,2026-07-23 07:10:00+00:00,2026-07-23 07:20:00+00:00,2120.0,2127.5,2119.0,2122.5,36631
2026-07-23 10:20:00,2026-07-23 07:20:00+00:00,2026-07-23 07:30:00+00:00,2122.5,2128.0,2121.5,2123.5,25757
2026-07-23 10:30:00,2026-07-23 07:30:00+00:00,2026-07-23 07:40:00+00:00,2123.5,2125.5,2114.5,2120.0,54676
2026-07-23 10:40:00,2026-07-23 07:40:00+00:00,2026-07-23 07:50:00+00:00,2120.0,2120.5,2106.0,2113.0,83257
2026-07-23 10:50:00,2026-07-23 07:50:00+00:00,2026-07-23 08:00:00+00:00,2113.0,2114.0,2104.0,2110.0,73121
2026-07-23 11:00:00,2026-07-23 08:00:00+00:00,2026-07-23 08:10:00+00:00,2110.0,2122.0,2106.0,2108.0,74590
2026-07-23 11:10:00,2026-07-23 08:10:00+00:00,2026-07-23 08:20:00+00:00,2108.5,2116.0,2106.0,2113.0,36092
2026-07-23 11:20:00,2026-07-23 08:20:00+00:00,2026-07-23 08:30:00+00:00,2112.5,2114.5,2102.0,2106.5,43687
2026-07-23 11:30:00,2026-07-23 08:30:00+00:00,2026-07-23 08:40:00+00:00,2106.0,2112.0,2106.0,2108.5,33591
2026-07-23 11:40:00,2026-07-23 08:40:00+00:00,2026-07-23 08:50:00+00:00,2108.5,2115.0,2106.0,2112.5,39023
2026-07-23 11:50:00,2026-07-23 08:50:00+00:00,2026-07-23 09:00:00+00:00,2111.5,2114.5,2103.0,2106.5,31834
2026-07-23 12:00:00,2026-07-23 09:00:00+00:00,2026-07-23 09:10:00+00:00,2106.5,2111.5,2104.0,2109.0,30053
2026-07-23 12:10:00,2026-07-23 09:10:00+00:00,2026-07-23 09:20:00+00:00,2109.5,2111.0,2105.0,2106.5,16226
2026-07-23 12:20:00,2026-07-23 09:20:00+00:00,2026-07-23 09:30:00+00:00,2107.0,2116.0,2107.0,2113.5,26551
2026-07-23 12:30:00,2026-07-23 09:30:00+00:00,2026-07-23 09:40:00+00:00,2114.0,2114.5,2109.5,2111.0,12368
2026-07-23 12:40:00,2026-07-23 09:40:00+00:00,2026-07-23 09:50:00+00:00,2112.0,2114.5,2110.0,2110.5,8591
2026-07-23 12:50:00,2026-07-23 09:50:00+00:00,2026-07-23 10:00:00+00:00,2111.0,2111.0,2105.0,2109.0,21407
2026-07-23 13:00:00,2026-07-23 10:00:00+00:00,2026-07-23 10:10:00+00:00,2109.5,2113.0,2105.0,2111.0,13697
2026-07-23 13:10:00,2026-07-23 10:10:00+00:00,2026-07-23 10:20:00+00:00,2111.5,2135.0,2109.5,2127.0,76965
2026-07-23 13:20:00,2026-07-23 10:20:00+00:00,2026-07-23 10:30:00+00:00,2127.0,2138.5,2126.5,2131.5,81876
2026-07-23 13:30:00,2026-07-23 10:30:00+00:00,2026-07-23 10:40:00+00:00,2131.5,2132.5,2126.0,2126.0,19938
2026-07-23 13:40:00,2026-07-23 10:40:00+00:00,2026-07-23 10:50:00+00:00,2126.5,2128.5,2120.5,2123.5,19759
2026-07-23 13:50:00,2026-07-23 10:50:00+00:00,2026-07-23 11:00:00+00:00,2124.0,2126.5,2120.5,2125.5,18600
2026-07-23 14:00:00,2026-07-23 11:00:00+00:00,2026-07-23 11:10:00+00:00,2125.0,2132.5,2118.5,2120.0,42704
2026-07-23 14:10:00,2026-07-23 11:10:00+00:00,2026-07-23 11:20:00+00:00,2120.5,2123.5,2118.5,2119.0,12371
2026-07-23 14:20:00,2026-07-23 11:20:00+00:00,2026-07-23 11:30:00+00:00,2118.5,2122.0,2117.0,2118.5,6824
2026-07-23 14:30:00,2026-07-23 11:30:00+00:00,2026-07-23 11:40:00+00:00,2118.5,2126.0,2114.0,2123.5,31462
2026-07-23 14:40:00,2026-07-23 11:40:00+00:00,2026-07-23 11:50:00+00:00,2122.0,2125.5,2118.5,2122.0,15457
2026-07-23 14:50:00,2026-07-23 11:50:00+00:00,2026-07-23 12:00:00+00:00,2121.5,2129.5,2121.0,2127.5,16521
2026-07-23 15:00:00,2026-07-23 12:00:00+00:00,2026-07-23 12:10:00+00:00,2127.5,2134.5,2127.5,2128.5,28149
2026-07-23 15:10:00,2026-07-23 12:10:00+00:00,2026-07-23 12:20:00+00:00,2129.0,2137.5,2128.5,2132.5,28748
2026-07-23 15:20:00,2026-07-23 12:20:00+00:00,2026-07-23 12:30:00+00:00,2132.0,2135.0,2126.0,2130.0,29353
2026-07-23 15:30:00,2026-07-23 12:30:00+00:00,2026-07-23 12:40:00+00:00,2130.0,2145.5,2129.5,2141.5,48260
2026-07-23 15:40:00,2026-07-23 12:40:00+00:00,2026-07-23 12:50:00+00:00,2141.0,2148.5,2136.5,2137.5,52065
2026-07-23 15:50:00,2026-07-23 12:50:00+00:00,2026-07-23 13:00:00+00:00,2137.5,2142.5,2134.0,2135.0,19837
2026-07-23 16:00:00,2026-07-23 13:00:00+00:00,2026-07-23 13:10:00+00:00,2135.0,2138.0,2132.0,2135.0,17220
2026-07-23 16:10:00,2026-07-23 13:10:00+00:00,2026-07-23 13:20:00+00:00,2134.5,2143.0,2133.0,2136.5,26734
2026-07-23 16:20:00,2026-07-23 13:20:00+00:00,2026-07-23 13:30:00+00:00,2136.0,2138.5,2132.5,2138.5,13213
2026-07-23 16:30:00,2026-07-23 13:30:00+00:00,2026-07-23 13:40:00+00:00,2139.0,2139.5,2132.5,2134.0,9729
2026-07-23 16:40:00,2026-07-23 13:40:00+00:00,2026-07-23 13:50:00+00:00,2134.0,2149.5,2133.0,2143.5,45714
2026-07-23 16:50:00,2026-07-23 13:50:00+00:00,2026-07-23 14:00:00+00:00,2143.5,2154.5,2143.5,2149.0,58770
2026-07-23 17:00:00,2026-07-23 14:00:00+00:00,2026-07-23 14:10:00+00:00,2148.5,2152.5,2145.0,2148.0,26911
2026-07-23 17:10:00,2026-07-23 14:10:00+00:00,2026-07-23 14:20:00+00:00,2148.5,2149.5,2145.0,2146.5,17575
2026-07-23 17:20:00,2026-07-23 14:20:00+00:00,2026-07-23 14:30:00+00:00,2147.0,2152.0,2146.5,2151.0,14137
2026-07-23 17:30:00,2026-07-23 14:30:00+00:00,2026-07-23 14:40:00+00:00,2151.0,2163.0,2151.0,2155.0,66747
2026-07-23 17:40:00,2026-07-23 14:40:00+00:00,2026-07-23 14:50:00+00:00,2155.0,2157.5,2151.5,2157.5,29359
2026-07-23 17:50:00,2026-07-23 14:50:00+00:00,2026-07-23 15:00:00+00:00,2157.5,2157.5,2150.0,2155.0,28901
2026-07-23 18:00:00,2026-07-23 15:00:00+00:00,2026-07-23 15:10:00+00:00,2156.0,2157.0,2145.5,2150.0,25836
2026-07-23 18:10:00,2026-07-23 15:10:00+00:00,2026-07-23 15:20:00+00:00,2150.5,2151.5,2148.0,2149.5,5197
2026-07-23 18:20:00,2026-07-23 15:20:00+00:00,2026-07-23 15:30:00+00:00,2150.0,2150.5,2145.5,2148.5,22451
2026-07-23 18:30:00,2026-07-23 15:30:00+00:00,2026-07-23 15:40:00+00:00,2149.0,2151.0,2139.5,2140.0,33922
2026-07-23 18:40:00,2026-07-23 15:40:00+00:00,2026-07-23 15:50:00+00:00,2140.5,2143.5,2136.0,2139.0,19782
2026-07-23 18:50:00,2026-07-23 15:50:00+00:00,2026-07-23 16:00:00+00:00,2139.0,2142.5,2137.5,2142.0,22144
2026-07-23 19:00:00,2026-07-23 16:00:00+00:00,2026-07-23 16:10:00+00:00,2142.0,2144.0,2134.5,2136.5,22514
2026-07-23 19:10:00,2026-07-23 16:10:00+00:00,2026-07-23 16:20:00+00:00,2136.5,2137.5,2131.0,2131.5,13903
2026-07-23 19:20:00,2026-07-23 16:20:00+00:00,2026-07-23 16:30:00+00:00,2131.5,2136.0,2130.0,2132.0,14726
2026-07-23 19:30:00,2026-07-23 16:30:00+00:00,2026-07-23 16:40:00+00:00,2132.0,2137.5,2132.0,2136.5,17351
2026-07-23 19:40:00,2026-07-23 16:40:00+00:00,2026-07-23 16:50:00+00:00,2136.5,2137.0,2135.5,2135.5,2169
2026-07-23 19:50:00,2026-07-23 16:50:00+00:00,2026-07-23 17:00:00+00:00,2135.5,2142.0,2134.5,2140.0,11832
2026-07-23 20:00:00,2026-07-23 17:00:00+00:00,2026-07-23 17:10:00+00:00,2140.0,2142.0,2136.5,2140.0,6082
2026-07-23 20:10:00,2026-07-23 17:10:00+00:00,2026-07-23 17:20:00+00:00,2140.0,2141.5,2137.5,2141.0,5268
2026-07-23 20:20:00,2026-07-23 17:20:00+00:00,2026-07-23 17:30:00+00:00,2140.5,2141.5,2133.5,2135.0,9160
2026-07-23 20:30:00,2026-07-23 17:30:00+00:00,2026-07-23 17:40:00+00:00,2135.0,2138.5,2134.0,2134.0,5717
2026-07-23 20:40:00,2026-07-23 17:40:00+00:00,2026-07-23 17:50:00+00:00,2134.5,2141.0,2134.5,2138.5,8505
2026-07-23 20:50:00,2026-07-23 17:50:00+00:00,2026-07-23 18:00:00+00:00,2138.0,2140.0,2134.5,2137.5,4705
2026-07-23 21:00:00,2026-07-23 18:00:00+00:00,2026-07-23 18:10:00+00:00,2138.0,2140.0,2135.0,2136.5,5605
2026-07-23 21:10:00,2026-07-23 18:10:00+00:00,2026-07-23 18:20:00+00:00,2136.0,2138.0,2131.0,2131.5,11239
2026-07-23 21:20:00,2026-07-23 18:20:00+00:00,2026-07-23 18:30:00+00:00,2131.0,2133.0,2126.0,2126.0,24209
2026-07-23 21:30:00,2026-07-23 18:30:00+00:00,2026-07-23 18:40:00+00:00,2126.0,2134.5,2125.0,2131.5,22329
2026-07-23 21:40:00,2026-07-23 18:40:00+00:00,2026-07-23 18:50:00+00:00,2131.0,2138.0,2131.0,2135.5,14128
2026-07-23 21:50:00,2026-07-23 18:50:00+00:00,2026-07-23 19:00:00+00:00,2135.0,2137.0,2135.0,2136.5,3092
2026-07-23 22:00:00,2026-07-23 19:00:00+00:00,2026-07-23 19:10:00+00:00,2136.0,2136.5,2132.0,2132.5,5761
2026-07-23 22:10:00,2026-07-23 19:10:00+00:00,2026-07-23 19:20:00+00:00,2132.5,2132.5,2130.5,2130.5,4226
2026-07-23 22:20:00,2026-07-23 19:20:00+00:00,2026-07-23 19:30:00+00:00,2130.5,2133.0,2130.5,2130.5,5566
2026-07-23 22:30:00,2026-07-23 19:30:00+00:00,2026-07-23 19:40:00+00:00,2130.5,2132.0,2130.0,2130.5,2409
2026-07-23 22:40:00,2026-07-23 19:40:00+00:00,2026-07-23 19:50:00+00:00,2130.5,2133.0,2130.5,2133.0,5079
2026-07-23 22:50:00,2026-07-23 19:50:00+00:00,2026-07-23 20:00:00+00:00,2132.5,2133.5,2131.5,2131.5,3946
2026-07-23 23:00:00,2026-07-23 20:00:00+00:00,2026-07-23 20:10:00+00:00,2131.5,2133.5,2130.5,2132.5,2900
2026-07-23 23:10:00,2026-07-23 20:10:00+00:00,2026-07-23 20:20:00+00:00,2133.0,2136.0,2132.5,2134.5,4718
2026-07-23 23:20:00,2026-07-23 20:20:00+00:00,2026-07-23 20:30:00+00:00,2135.0,2136.5,2133.5,2135.5,4771
2026-07-23 23:30:00,2026-07-23 20:30:00+00:00,2026-07-23 20:40:00+00:00,2135.5,2135.5,2133.0,2133.5,5773
2026-07-23 23:40:00,2026-07-23 20:40:00+00:00,2026-07-23 20:50:00+00:00,2133.5,2135.5,2130.0,2135.0,8276
2026-07-24 06:50:00,2026-07-24 03:50:00+00:00,2026-07-24 04:00:00+00:00,2133.0,2133.0,2133.0,2133.0,18
2026-07-24 07:00:00,2026-07-24 04:00:00+00:00,2026-07-24 04:10:00+00:00,2131.0,2137.5,2124.0,2125.0,24467
2026-07-24 07:10:00,2026-07-24 04:10:00+00:00,2026-07-24 04:20:00+00:00,2125.0,2125.5,2120.0,2123.0,11551
2026-07-24 07:20:00,2026-07-24 04:20:00+00:00,2026-07-24 04:30:00+00:00,2123.5,2123.5,2115.5,2119.0,16109
2026-07-24 07:30:00,2026-07-24 04:30:00+00:00,2026-07-24 04:40:00+00:00,2119.5,2123.0,2117.5,2122.0,5679
2026-07-24 07:40:00,2026-07-24 04:40:00+00:00,2026-07-24 04:50:00+00:00,2122.0,2124.5,2119.5,2124.0,4443
2026-07-24 07:50:00,2026-07-24 04:50:00+00:00,2026-07-24 05:00:00+00:00,2124.5,2126.0,2123.5,2124.0,3549
2026-07-24 08:00:00,2026-07-24 05:00:00+00:00,2026-07-24 05:10:00+00:00,2123.5,2128.5,2122.0,2128.0,5177
2026-07-24 08:10:00,2026-07-24 05:10:00+00:00,2026-07-24 05:20:00+00:00,2128.0,2128.5,2121.5,2123.5,5148
2026-07-24 08:20:00,2026-07-24 05:20:00+00:00,2026-07-24 05:30:00+00:00,2123.5,2123.5,2120.0,2121.0,4588
2026-07-24 08:30:00,2026-07-24 05:30:00+00:00,2026-07-24 05:40:00+00:00,2121.0,2123.5,2120.5,2120.5,3515
2026-07-24 08:40:00,2026-07-24 05:40:00+00:00,2026-07-24 05:50:00+00:00,2120.5,2120.5,2117.0,2117.0,10150
2026-07-24 08:50:00,2026-07-24 05:50:00+00:00,2026-07-24 06:00:00+00:00,2118.0,2120.5,2116.5,2118.5,9536
2026-07-24 09:00:00,2026-07-24 06:00:00+00:00,2026-07-24 06:10:00+00:00,2118.5,2119.0,2114.0,2117.0,13709
2026-07-24 09:10:00,2026-07-24 06:10:00+00:00,2026-07-24 06:20:00+00:00,2116.5,2118.0,2112.5,2115.0,12246
2026-07-24 09:20:00,2026-07-24 06:20:00+00:00,2026-07-24 06:30:00+00:00,2115.0,2115.0,2110.0,2111.0,15981
2026-07-24 09:30:00,2026-07-24 06:30:00+00:00,2026-07-24 06:40:00+00:00,2110.5,2116.5,2109.5,2112.5,20994
2026-07-24 09:40:00,2026-07-24 06:40:00+00:00,2026-07-24 06:50:00+00:00,2113.0,2113.5,2111.0,2113.0,6600
2026-07-24 09:50:00,2026-07-24 06:50:00+00:00,2026-07-24 07:00:00+00:00,2113.0,2115.0,2109.0,2109.5,15500
2026-07-24 10:00:00,2026-07-24 07:00:00+00:00,2026-07-24 07:10:00+00:00,2109.5,2110.0,2092.0,2093.5,88613
2026-07-24 10:10:00,2026-07-24 07:10:00+00:00,2026-07-24 07:20:00+00:00,2093.0,2095.0,2085.5,2090.5,72076
2026-07-24 10:20:00,2026-07-24 07:20:00+00:00,2026-07-24 07:30:00+00:00,2090.5,2096.5,2087.5,2094.0,57218
2026-07-24 10:30:00,2026-07-24 07:30:00+00:00,2026-07-24 07:40:00+00:00,2094.0,2097.0,2091.5,2096.5,18250
2026-07-24 10:40:00,2026-07-24 07:40:00+00:00,2026-07-24 07:50:00+00:00,2096.5,2096.5,2091.5,2093.0,12275
2026-07-24 10:50:00,2026-07-24 07:50:00+00:00,2026-07-24 08:00:00+00:00,2093.0,2094.0,2089.0,2090.5,23003
2026-07-24 11:00:00,2026-07-24 08:00:00+00:00,2026-07-24 08:10:00+00:00,2090.5,2091.5,2086.5,2089.0,17758
2026-07-24 11:10:00,2026-07-24 08:10:00+00:00,2026-07-24 08:20:00+00:00,2089.5,2102.0,2088.5,2094.5,45120
2026-07-24 11:20:00,2026-07-24 08:20:00+00:00,2026-07-24 08:30:00+00:00,2094.5,2097.5,2092.0,2095.0,12158
2026-07-24 11:30:00,2026-07-24 08:30:00+00:00,2026-07-24 08:40:00+00:00,2095.5,2105.0,2095.0,2103.0,45739
2026-07-24 11:40:00,2026-07-24 08:40:00+00:00,2026-07-24 08:50:00+00:00,2103.5,2107.0,2097.5,2097.5,31823
2026-07-24 11:50:00,2026-07-24 08:50:00+00:00,2026-07-24 09:00:00+00:00,2097.5,2100.0,2096.5,2099.0,9479
2026-07-24 12:00:00,2026-07-24 09:00:00+00:00,2026-07-24 09:10:00+00:00,2099.0,2101.0,2090.5,2093.5,23178
2026-07-24 12:10:00,2026-07-24 09:10:00+00:00,2026-07-24 09:20:00+00:00,2093.5,2099.0,2092.0,2096.5,10933
2026-07-24 12:20:00,2026-07-24 09:20:00+00:00,2026-07-24 09:30:00+00:00,2096.5,2097.0,2094.0,2096.0,6938
2026-07-24 12:30:00,2026-07-24 09:30:00+00:00,2026-07-24 09:40:00+00:00,2096.5,2105.5,2095.0,2103.5,20696
2026-07-24 12:40:00,2026-07-24 09:40:00+00:00,2026-07-24 09:50:00+00:00,2103.5,2104.0,2097.5,2101.5,10398
2026-07-24 12:50:00,2026-07-24 09:50:00+00:00,2026-07-24 10:00:00+00:00,2101.5,2105.0,2101.0,2104.5,11254
2026-07-24 13:00:00,2026-07-24 10:00:00+00:00,2026-07-24 10:10:00+00:00,2104.5,2105.5,2099.0,2100.0,8730
2026-07-24 13:10:00,2026-07-24 10:10:00+00:00,2026-07-24 10:20:00+00:00,2100.0,2100.5,2092.0,2092.5,19397
2026-07-24 13:20:00,2026-07-24 10:20:00+00:00,2026-07-24 10:30:00+00:00,2092.5,2122.0,2087.5,2108.5,118825
2026-07-24 13:30:00,2026-07-24 10:30:00+00:00,2026-07-24 10:40:00+00:00,2108.0,2168.0,2108.0,2136.5,484248
2026-07-24 13:40:00,2026-07-24 10:40:00+00:00,2026-07-24 10:50:00+00:00,2136.0,2138.0,2125.0,2130.5,113592
2026-07-24 13:50:00,2026-07-24 10:50:00+00:00,2026-07-24 11:00:00+00:00,2130.5,2136.0,2127.5,2133.5,69207
2026-07-24 14:00:00,2026-07-24 11:00:00+00:00,2026-07-24 11:10:00+00:00,2134.0,2143.0,2126.5,2128.5,61858
2026-07-24 14:10:00,2026-07-24 11:10:00+00:00,2026-07-24 11:20:00+00:00,2128.0,2132.0,2116.5,2117.0,50623
2026-07-24 14:20:00,2026-07-24 11:20:00+00:00,2026-07-24 11:30:00+00:00,2116.5,2128.0,2116.0,2126.0,36423
2026-07-24 14:30:00,2026-07-24 11:30:00+00:00,2026-07-24 11:40:00+00:00,2126.0,2126.5,2108.5,2109.5,41890
2026-07-24 14:40:00,2026-07-24 11:40:00+00:00,2026-07-24 11:50:00+00:00,2109.0,2113.5,2104.5,2109.5,44938
2026-07-24 14:50:00,2026-07-24 11:50:00+00:00,2026-07-24 12:00:00+00:00,2109.5,2117.5,2108.0,2110.0,27811
2026-07-24 15:00:00,2026-07-24 12:00:00+00:00,2026-07-24 12:10:00+00:00,2110.5,2121.0,2109.5,2113.5,40118
2026-07-24 15:10:00,2026-07-24 12:10:00+00:00,2026-07-24 12:20:00+00:00,2114.0,2115.5,2106.0,2115.5,48297
2026-07-24 15:20:00,2026-07-24 12:20:00+00:00,2026-07-24 12:30:00+00:00,2116.0,2124.0,2111.5,2117.5,47304
2026-07-24 15:30:00,2026-07-24 12:30:00+00:00,2026-07-24 12:40:00+00:00,2118.0,2140.0,2118.0,2135.5,78883
2026-07-24 15:40:00,2026-07-24 12:40:00+00:00,2026-07-24 12:50:00+00:00,2135.0,2149.0,2133.0,2143.0,85595
2026-07-24 15:50:00,2026-07-24 12:50:00+00:00,2026-07-24 13:00:00+00:00,2143.5,2145.5,2138.0,2141.5,31085
2026-07-24 16:00:00,2026-07-24 13:00:00+00:00,2026-07-24 13:10:00+00:00,2141.5,2143.0,2133.0,2133.5,40768
2026-07-24 16:10:00,2026-07-24 13:10:00+00:00,2026-07-24 13:20:00+00:00,2134.0,2153.5,2133.0,2152.0,56761
2026-07-24 16:20:00,2026-07-24 13:20:00+00:00,2026-07-24 13:30:00+00:00,2152.5,2166.0,2146.5,2162.0,100553
2026-07-24 16:30:00,2026-07-24 13:30:00+00:00,2026-07-24 13:40:00+00:00,2162.0,2175.0,2156.0,2158.5,151108
2026-07-24 16:40:00,2026-07-24 13:40:00+00:00,2026-07-24 13:50:00+00:00,2159.0,2177.0,2155.5,2175.5,68609
2026-07-24 16:50:00,2026-07-24 13:50:00+00:00,2026-07-24 14:00:00+00:00,2176.0,2189.5,2170.0,2183.5,132050
2026-07-24 17:00:00,2026-07-24 14:00:00+00:00,2026-07-24 14:10:00+00:00,2183.5,2191.5,2178.0,2181.0,70955
2026-07-24 17:10:00,2026-07-24 14:10:00+00:00,2026-07-24 14:20:00+00:00,2182.5,2182.5,2172.5,2173.0,47563
2026-07-24 17:20:00,2026-07-24 14:20:00+00:00,2026-07-24 14:30:00+00:00,2172.5,2179.5,2172.0,2177.5,24566
2026-07-24 17:30:00,2026-07-24 14:30:00+00:00,2026-07-24 14:40:00+00:00,2178.0,2183.0,2174.0,2181.5,32608
2026-07-24 17:40:00,2026-07-24 14:40:00+00:00,2026-07-24 14:50:00+00:00,2181.5,2186.5,2177.0,2184.0,27363
2026-07-24 17:50:00,2026-07-24 14:50:00+00:00,2026-07-24 15:00:00+00:00,2184.0,2186.0,2177.5,2178.5,30385
2026-07-24 18:00:00,2026-07-24 15:00:00+00:00,2026-07-24 15:10:00+00:00,2179.0,2183.5,2179.0,2180.0,21238
2026-07-24 18:10:00,2026-07-24 15:10:00+00:00,2026-07-24 15:20:00+00:00,2180.0,2180.0,2160.0,2163.0,77506
2026-07-24 18:20:00,2026-07-24 15:20:00+00:00,2026-07-24 15:30:00+00:00,2162.5,2167.0,2156.0,2162.0,65723
2026-07-24 18:30:00,2026-07-24 15:30:00+00:00,2026-07-24 15:40:00+00:00,2161.5,2162.5,2157.0,2158.0,27009
2026-07-24 18:40:00,2026-07-24 15:40:00+00:00,2026-07-24 15:50:00+00:00,2158.0,2166.5,2157.5,2165.0,25940
2026-07-24 18:50:00,2026-07-24 15:50:00+00:00,2026-07-24 16:00:00+00:00,2165.0,2168.5,2164.0,2167.5,10260
2026-07-24 19:00:00,2026-07-24 16:00:00+00:00,2026-07-24 16:10:00+00:00,2167.5,2173.0,2167.5,2169.5,24142
2026-07-24 19:10:00,2026-07-24 16:10:00+00:00,2026-07-24 16:20:00+00:00,2169.5,2175.5,2169.5,2171.5,14210
2026-07-24 19:20:00,2026-07-24 16:20:00+00:00,2026-07-24 16:30:00+00:00,2172.0,2178.0,2172.0,2174.5,12462
2026-07-24 19:30:00,2026-07-24 16:30:00+00:00,2026-07-24 16:40:00+00:00,2174.5,2177.0,2171.5,2175.5,11046
2026-07-24 19:40:00,2026-07-24 16:40:00+00:00,2026-07-24 16:50:00+00:00,2175.0,2177.0,2172.0,2172.0,9417
2026-07-24 19:50:00,2026-07-24 16:50:00+00:00,2026-07-24 17:00:00+00:00,2172.5,2175.0,2171.0,2173.0,7830
2026-07-24 20:00:00,2026-07-24 17:00:00+00:00,2026-07-24 17:10:00+00:00,2172.5,2185.0,2171.0,2184.0,23511
2026-07-24 20:10:00,2026-07-24 17:10:00+00:00,2026-07-24 17:20:00+00:00,2184.5,2185.0,2178.5,2180.5,13850
2026-07-24 20:20:00,2026-07-24 17:20:00+00:00,2026-07-24 17:30:00+00:00,2180.5,2183.0,2177.0,2179.0,8550
2026-07-24 20:30:00,2026-07-24 17:30:00+00:00,2026-07-24 17:40:00+00:00,2179.0,2182.0,2178.5,2181.5,7545
2026-07-24 20:40:00,2026-07-24 17:40:00+00:00,2026-07-24 17:50:00+00:00,2181.5,2182.0,2177.5,2179.5,5330
2026-07-24 20:50:00,2026-07-24 17:50:00+00:00,2026-07-24 18:00:00+00:00,2179.5,2180.0,2176.5,2177.0,6607
2026-07-24 21:00:00,2026-07-24 18:00:00+00:00,2026-07-24 18:10:00+00:00,2177.5,2180.0,2172.5,2178.0,11714
2026-07-24 21:10:00,2026-07-24 18:10:00+00:00,2026-07-24 18:20:00+00:00,2177.5,2182.5,2177.5,2180.5,4885
2026-07-24 21:20:00,2026-07-24 18:20:00+00:00,2026-07-24 18:30:00+00:00,2180.0,2187.0,2180.0,2184.5,15078
2026-07-24 21:30:00,2026-07-24 18:30:00+00:00,2026-07-24 18:40:00+00:00,2184.5,2186.5,2182.0,2186.0,5399
2026-07-24 21:40:00,2026-07-24 18:40:00+00:00,2026-07-24 18:50:00+00:00,2185.5,2195.0,2185.0,2194.5,24739
2026-07-24 21:50:00,2026-07-24 18:50:00+00:00,2026-07-24 19:00:00+00:00,2194.5,2197.0,2185.5,2187.5,41556
2026-07-24 22:00:00,2026-07-24 19:00:00+00:00,2026-07-24 19:10:00+00:00,2187.5,2198.0,2187.5,2196.0,24111
2026-07-24 22:10:00,2026-07-24 19:10:00+00:00,2026-07-24 19:20:00+00:00,2196.0,2198.0,2196.0,2197.0,9843
2026-07-24 22:20:00,2026-07-24 19:20:00+00:00,2026-07-24 19:30:00+00:00,2197.0,2197.0,2192.5,2197.0,19404
2026-07-24 22:30:00,2026-07-24 19:30:00+00:00,2026-07-24 19:40:00+00:00,2196.5,2196.5,2192.5,2194.0,8852
2026-07-24 22:40:00,2026-07-24 19:40:00+00:00,2026-07-24 19:50:00+00:00,2193.5,2196.0,2193.0,2193.5,3359
2026-07-24 22:50:00,2026-07-24 19:50:00+00:00,2026-07-24 20:00:00+00:00,2193.5,2194.0,2191.0,2191.5,6514
2026-07-24 23:00:00,2026-07-24 20:00:00+00:00,2026-07-24 20:10:00+00:00,2191.0,2194.0,2190.5,2192.5,9272
2026-07-24 23:10:00,2026-07-24 20:10:00+00:00,2026-07-24 20:20:00+00:00,2192.5,2194.0,2190.5,2190.5,5227
2026-07-24 23:20:00,2026-07-24 20:20:00+00:00,2026-07-24 20:30:00+00:00,2191.0,2193.5,2189.0,2191.0,6486
2026-07-24 23:30:00,2026-07-24 20:30:00+00:00,2026-07-24 20:40:00+00:00,2191.0,2191.5,2186.5,2189.0,9228
2026-07-24 23:40:00,2026-07-24 20:40:00+00:00,2026-07-24 20:50:00+00:00,2189.0,2194.0,2188.5,2192.5,8569
2026-07-25 09:50:00,2026-07-25 06:50:00+00:00,2026-07-25 07:00:00+00:00,2197.0,2197.0,2197.0,2197.0,180
2026-07-25 10:00:00,2026-07-25 07:00:00+00:00,2026-07-25 07:10:00+00:00,2197.0,2199.5,2192.5,2195.5,9821
2026-07-25 10:10:00,2026-07-25 07:10:00+00:00,2026-07-25 07:20:00+00:00,2195.5,2196.5,2192.0,2193.5,3688
2026-07-25 10:20:00,2026-07-25 07:20:00+00:00,2026-07-25 07:30:00+00:00,2193.5,2195.0,2191.5,2194.0,1435
2026-07-25 10:30:00,2026-07-25 07:30:00+00:00,2026-07-25 07:40:00+00:00,2194.5,2196.5,2194.5,2195.5,2376
2026-07-25 10:40:00,2026-07-25 07:40:00+00:00,2026-07-25 07:50:00+00:00,2195.5,2196.0,2195.0,2196.0,1659
2026-07-25 10:50:00,2026-07-25 07:50:00+00:00,2026-07-25 08:00:00+00:00,2196.0,2196.5,2195.5,2196.5,1464
2026-07-25 11:00:00,2026-07-25 08:00:00+00:00,2026-07-25 08:10:00+00:00,2196.5,2197.5,2195.5,2197.5,1103
2026-07-25 11:10:00,2026-07-25 08:10:00+00:00,2026-07-25 08:20:00+00:00,2197.0,2198.0,2197.0,2197.0,1056
2026-07-25 11:20:00,2026-07-25 08:20:00+00:00,2026-07-25 08:30:00+00:00,2198.0,2199.0,2197.0,2199.0,2463
2026-07-25 11:30:00,2026-07-25 08:30:00+00:00,2026-07-25 08:40:00+00:00,2199.0,2205.5,2198.0,2203.0,12732
2026-07-25 11:40:00,2026-07-25 08:40:00+00:00,2026-07-25 08:50:00+00:00,2203.5,2207.5,2202.5,2205.0,5784
2026-07-25 11:50:00,2026-07-25 08:50:00+00:00,2026-07-25 09:00:00+00:00,2204.5,2205.5,2201.0,2203.0,9858
2026-07-25 12:00:00,2026-07-25 09:00:00+00:00,2026-07-25 09:10:00+00:00,2203.0,2205.0,2202.0,2203.0,3084
2026-07-25 12:10:00,2026-07-25 09:10:00+00:00,2026-07-25 09:20:00+00:00,2203.5,2203.5,2201.5,2201.5,1199
2026-07-25 12:20:00,2026-07-25 09:20:00+00:00,2026-07-25 09:30:00+00:00,2201.5,2202.5,2201.0,2202.5,1915
2026-07-25 12:30:00,2026-07-25 09:30:00+00:00,2026-07-25 09:40:00+00:00,2202.0,2203.5,2201.5,2202.5,904
2026-07-25 12:40:00,2026-07-25 09:40:00+00:00,2026-07-25 09:50:00+00:00,2202.5,2203.5,2202.0,2203.0,491
2026-07-25 12:50:00,2026-07-25 09:50:00+00:00,2026-07-25 10:00:00+00:00,2202.0,2204.0,2202.0,2202.5,2382
2026-07-25 13:00:00,2026-07-25 10:00:00+00:00,2026-07-25 10:10:00+00:00,2202.5,2203.0,2201.0,2201.0,2472
2026-07-25 13:10:00,2026-07-25 10:10:00+00:00,2026-07-25 10:20:00+00:00,2201.0,2202.0,2198.0,2199.0,4020
2026-07-25 13:20:00,2026-07-25 10:20:00+00:00,2026-07-25 10:30:00+00:00,2198.5,2201.0,2198.5,2199.5,896
2026-07-25 13:30:00,2026-07-25 10:30:00+00:00,2026-07-25 10:40:00+00:00,2200.0,2200.5,2199.5,2200.5,394
2026-07-25 13:40:00,2026-07-25 10:40:00+00:00,2026-07-25 10:50:00+00:00,2200.5,2201.0,2199.5,2199.5,670
2026-07-25 13:50:00,2026-07-25 10:50:00+00:00,2026-07-25 11:00:00+00:00,2199.5,2202.0,2199.5,2200.0,2004
2026-07-25 14:00:00,2026-07-25 11:00:00+00:00,2026-07-25 11:10:00+00:00,2200.0,2200.0,2198.0,2198.5,1605
2026-07-25 14:10:00,2026-07-25 11:10:00+00:00,2026-07-25 11:20:00+00:00,2199.0,2199.0,2197.0,2198.0,1812
2026-07-25 14:20:00,2026-07-25 11:20:00+00:00,2026-07-25 11:30:00+00:00,2199.0,2199.5,2198.0,2198.5,465
2026-07-25 14:30:00,2026-07-25 11:30:00+00:00,2026-07-25 11:40:00+00:00,2198.5,2200.0,2198.0,2198.5,674
2026-07-25 14:40:00,2026-07-25 11:40:00+00:00,2026-07-25 11:50:00+00:00,2198.5,2202.0,2198.5,2201.0,1053
2026-07-25 14:50:00,2026-07-25 11:50:00+00:00,2026-07-25 12:00:00+00:00,2201.0,2202.5,2199.0,2199.5,861
2026-07-25 15:00:00,2026-07-25 12:00:00+00:00,2026-07-25 12:10:00+00:00,2199.5,2200.0,2198.0,2199.5,1514
2026-07-25 15:10:00,2026-07-25 12:10:00+00:00,2026-07-25 12:20:00+00:00,2199.5,2200.5,2198.5,2200.0,675
2026-07-25 15:20:00,2026-07-25 12:20:00+00:00,2026-07-25 12:30:00+00:00,2200.0,2201.5,2199.5,2200.0,322
2026-07-25 15:30:00,2026-07-25 12:30:00+00:00,2026-07-25 12:40:00+00:00,2201.0,2201.5,2200.0,2200.5,417
2026-07-25 15:40:00,2026-07-25 12:40:00+00:00,2026-07-25 12:50:00+00:00,2200.5,2200.5,2199.0,2200.0,243
2026-07-25 15:50:00,2026-07-25 12:50:00+00:00,2026-07-25 13:00:00+00:00,2199.0,2200.0,2199.0,2199.0,521
2026-07-25 16:00:00,2026-07-25 13:00:00+00:00,2026-07-25 13:10:00+00:00,2199.0,2199.5,2198.5,2199.5,535
2026-07-25 16:10:00,2026-07-25 13:10:00+00:00,2026-07-25 13:20:00+00:00,2199.5,2199.5,2199.0,2199.0,541
2026-07-25 16:20:00,2026-07-25 13:20:00+00:00,2026-07-25 13:30:00+00:00,2199.5,2202.0,2199.0,2201.0,1396
2026-07-25 16:30:00,2026-07-25 13:30:00+00:00,2026-07-25 13:40:00+00:00,2201.0,2203.5,2201.0,2202.5,3593
2026-07-25 16:40:00,2026-07-25 13:40:00+00:00,2026-07-25 13:50:00+00:00,2202.5,2203.0,2200.5,2200.5,594
2026-07-25 16:50:00,2026-07-25 13:50:00+00:00,2026-07-25 14:00:00+00:00,2200.0,2201.0,2199.0,2199.5,446
2026-07-25 17:00:00,2026-07-25 14:00:00+00:00,2026-07-25 14:10:00+00:00,2199.0,2200.5,2198.5,2200.0,577
2026-07-25 17:10:00,2026-07-25 14:10:00+00:00,2026-07-25 14:20:00+00:00,2200.5,2202.0,2200.0,2201.0,1152
2026-07-25 17:20:00,2026-07-25 14:20:00+00:00,2026-07-25 14:30:00+00:00,2201.0,2201.5,2200.5,2200.5,260
2026-07-25 17:30:00,2026-07-25 14:30:00+00:00,2026-07-25 14:40:00+00:00,2200.5,2201.0,2200.5,2200.5,583
2026-07-25 17:40:00,2026-07-25 14:40:00+00:00,2026-07-25 14:50:00+00:00,2200.5,2201.5,2200.0,2200.5,528
2026-07-25 17:50:00,2026-07-25 14:50:00+00:00,2026-07-25 15:00:00+00:00,2200.5,2201.5,2200.5,2201.5,682
2026-07-25 18:00:00,2026-07-25 15:00:00+00:00,2026-07-25 15:10:00+00:00,2201.0,2202.0,2201.0,2201.5,516
2026-07-25 18:10:00,2026-07-25 15:10:00+00:00,2026-07-25 15:20:00+00:00,2202.0,2202.0,2201.5,2201.5,1194
2026-07-25 18:20:00,2026-07-25 15:20:00+00:00,2026-07-25 15:30:00+00:00,2201.5,2202.0,2201.5,2201.5,979
2026-07-25 18:30:00,2026-07-25 15:30:00+00:00,2026-07-25 15:40:00+00:00,2201.5,2202.5,2201.5,2201.5,823
2026-07-25 18:40:00,2026-07-25 15:40:00+00:00,2026-07-25 15:50:00+00:00,2201.5,2202.0,2200.0,2200.5,578
2026-07-25 18:50:00,2026-07-25 15:50:00+00:00,2026-07-25 16:00:00+00:00,2200.0,2202.0,2200.0,2200.0,418
2026-07-26 09:50:00,2026-07-26 06:50:00+00:00,2026-07-26 07:00:00+00:00,2200.0,2200.0,2200.0,2200.0,406
2026-07-26 10:00:00,2026-07-26 07:00:00+00:00,2026-07-26 07:10:00+00:00,2200.0,2202.5,2193.0,2193.5,8350
2026-07-26 10:10:00,2026-07-26 07:10:00+00:00,2026-07-26 07:20:00+00:00,2193.5,2194.5,2190.5,2193.0,7208
2026-07-26 10:20:00,2026-07-26 07:20:00+00:00,2026-07-26 07:30:00+00:00,2193.0,2194.0,2189.0,2191.0,5552
2026-07-26 10:30:00,2026-07-26 07:30:00+00:00,2026-07-26 07:40:00+00:00,2190.5,2195.0,2189.5,2194.0,7846
2026-07-26 10:40:00,2026-07-26 07:40:00+00:00,2026-07-26 07:50:00+00:00,2193.5,2196.0,2193.0,2194.5,1652
2026-07-26 10:50:00,2026-07-26 07:50:00+00:00,2026-07-26 08:00:00+00:00,2194.5,2194.5,2189.0,2189.5,3986
2026-07-26 11:00:00,2026-07-26 08:00:00+00:00,2026-07-26 08:10:00+00:00,2189.5,2192.0,2189.0,2191.5,1772
2026-07-26 11:10:00,2026-07-26 08:10:00+00:00,2026-07-26 08:20:00+00:00,2191.5,2191.5,2183.0,2185.0,9062
2026-07-26 11:20:00,2026-07-26 08:20:00+00:00,2026-07-26 08:30:00+00:00,2185.0,2185.0,2180.5,2183.0,11152
2026-07-26 11:30:00,2026-07-26 08:30:00+00:00,2026-07-26 08:40:00+00:00,2183.0,2184.0,2178.0,2181.5,6841
2026-07-26 11:40:00,2026-07-26 08:40:00+00:00,2026-07-26 08:50:00+00:00,2181.5,2184.5,2178.0,2182.5,7720
2026-07-26 11:50:00,2026-07-26 08:50:00+00:00,2026-07-26 09:00:00+00:00,2182.0,2182.5,2180.0,2181.0,2301
2026-07-26 12:00:00,2026-07-26 09:00:00+00:00,2026-07-26 09:10:00+00:00,2181.0,2181.0,2178.0,2180.0,2316
2026-07-26 12:10:00,2026-07-26 09:10:00+00:00,2026-07-26 09:20:00+00:00,2179.5,2180.0,2178.5,2179.0,1068
2026-07-26 12:20:00,2026-07-26 09:20:00+00:00,2026-07-26 09:30:00+00:00,2179.0,2180.5,2178.5,2178.5,1649
2026-07-26 12:30:00,2026-07-26 09:30:00+00:00,2026-07-26 09:40:00+00:00,2179.0,2182.0,2178.5,2181.5,3490
2026-07-26 12:40:00,2026-07-26 09:40:00+00:00,2026-07-26 09:50:00+00:00,2181.5,2181.5,2179.0,2180.5,1556
2026-07-26 12:50:00,2026-07-26 09:50:00+00:00,2026-07-26 10:00:00+00:00,2181.5,2182.0,2180.5,2180.5,656
2026-07-26 13:00:00,2026-07-26 10:00:00+00:00,2026-07-26 10:10:00+00:00,2180.5,2181.0,2179.5,2179.5,1700
2026-07-26 13:10:00,2026-07-26 10:10:00+00:00,2026-07-26 10:20:00+00:00,2179.5,2180.5,2178.0,2179.0,1318
2026-07-26 13:20:00,2026-07-26 10:20:00+00:00,2026-07-26 10:30:00+00:00,2179.5,2180.0,2178.0,2178.0,814
2026-07-26 13:30:00,2026-07-26 10:30:00+00:00,2026-07-26 10:40:00+00:00,2180.0,2180.0,2176.5,2177.0,2917
2026-07-26 13:40:00,2026-07-26 10:40:00+00:00,2026-07-26 10:50:00+00:00,2177.0,2178.5,2176.5,2178.0,2121
2026-07-26 13:50:00,2026-07-26 10:50:00+00:00,2026-07-26 11:00:00+00:00,2177.5,2180.5,2177.0,2179.5,6137
2026-07-26 14:00:00,2026-07-26 11:00:00+00:00,2026-07-26 11:10:00+00:00,2179.5,2180.0,2177.5,2177.5,791
2026-07-26 14:10:00,2026-07-26 11:10:00+00:00,2026-07-26 11:20:00+00:00,2178.0,2178.5,2177.0,2177.0,427
2026-07-26 14:20:00,2026-07-26 11:20:00+00:00,2026-07-26 11:30:00+00:00,2177.5,2178.0,2176.5,2177.0,2437
2026-07-26 14:30:00,2026-07-26 11:30:00+00:00,2026-07-26 11:40:00+00:00,2176.5,2177.0,2176.0,2176.0,1991
2026-07-26 14:40:00,2026-07-26 11:40:00+00:00,2026-07-26 11:50:00+00:00,2176.0,2176.0,2172.0,2174.0,10340
2026-07-26 14:50:00,2026-07-26 11:50:00+00:00,2026-07-26 12:00:00+00:00,2173.5,2174.0,2172.5,2173.5,4699
2026-07-26 15:00:00,2026-07-26 12:00:00+00:00,2026-07-26 12:10:00+00:00,2173.5,2176.0,2172.0,2174.5,2124
2026-07-26 15:10:00,2026-07-26 12:10:00+00:00,2026-07-26 12:20:00+00:00,2174.5,2174.5,2172.0,2173.5,1786
2026-07-26 15:20:00,2026-07-26 12:20:00+00:00,2026-07-26 12:30:00+00:00,2173.5,2173.5,2171.0,2172.0,1428
2026-07-26 15:30:00,2026-07-26 12:30:00+00:00,2026-07-26 12:40:00+00:00,2172.0,2172.0,2170.0,2172.0,3718
2026-07-26 15:40:00,2026-07-26 12:40:00+00:00,2026-07-26 12:50:00+00:00,2172.0,2174.0,2171.5,2174.0,1246
2026-07-26 15:50:00,2026-07-26 12:50:00+00:00,2026-07-26 13:00:00+00:00,2174.0,2174.0,2170.0,2171.5,2564
2026-07-26 16:00:00,2026-07-26 13:00:00+00:00,2026-07-26 13:10:00+00:00,2171.5,2175.5,2170.5,2174.5,3726
2026-07-26 16:10:00,2026-07-26 13:10:00+00:00,2026-07-26 13:20:00+00:00,2174.0,2174.5,2171.0,2172.5,2213
2026-07-26 16:20:00,2026-07-26 13:20:00+00:00,2026-07-26 13:30:00+00:00,2172.5,2177.5,2172.0,2175.5,5550
2026-07-26 16:30:00,2026-07-26 13:30:00+00:00,2026-07-26 13:40:00+00:00,2175.5,2177.5,2175.0,2177.5,2317
2026-07-26 16:40:00,2026-07-26 13:40:00+00:00,2026-07-26 13:50:00+00:00,2177.5,2179.0,2176.0,2179.0,1360
2026-07-26 16:50:00,2026-07-26 13:50:00+00:00,2026-07-26 14:00:00+00:00,2179.0,2180.5,2177.5,2179.5,5831
2026-07-26 17:00:00,2026-07-26 14:00:00+00:00,2026-07-26 14:10:00+00:00,2180.0,2183.5,2177.5,2180.5,4626
2026-07-26 17:10:00,2026-07-26 14:10:00+00:00,2026-07-26 14:20:00+00:00,2180.0,2180.0,2177.5,2179.0,1075
2026-07-26 17:20:00,2026-07-26 14:20:00+00:00,2026-07-26 14:30:00+00:00,2178.0,2180.0,2177.5,2180.0,441
2026-07-26 17:30:00,2026-07-26 14:30:00+00:00,2026-07-26 14:40:00+00:00,2180.0,2180.0,2178.0,2178.5,384
2026-07-26 17:40:00,2026-07-26 14:40:00+00:00,2026-07-26 14:50:00+00:00,2178.5,2179.0,2177.0,2178.0,804
2026-07-26 17:50:00,2026-07-26 14:50:00+00:00,2026-07-26 15:00:00+00:00,2176.5,2177.0,2174.5,2176.5,1594
2026-07-26 18:00:00,2026-07-26 15:00:00+00:00,2026-07-26 15:10:00+00:00,2176.5,2177.0,2174.0,2175.0,1471
2026-07-26 18:10:00,2026-07-26 15:10:00+00:00,2026-07-26 15:20:00+00:00,2175.0,2176.0,2173.5,2175.0,1527
2026-07-26 18:20:00,2026-07-26 15:20:00+00:00,2026-07-26 15:30:00+00:00,2175.0,2176.0,2173.5,2174.0,996
2026-07-26 18:30:00,2026-07-26 15:30:00+00:00,2026-07-26 15:40:00+00:00,2174.0,2176.0,2173.0,2174.5,1484
2026-07-26 18:40:00,2026-07-26 15:40:00+00:00,2026-07-26 15:50:00+00:00,2174.5,2174.5,2171.5,2172.0,4717
2026-07-26 18:50:00,2026-07-26 15:50:00+00:00,2026-07-26 16:00:00+00:00,2172.0,2173.5,2171.0,2171.5,3912
2026-07-27 06:50:00,2026-07-27 03:50:00+00:00,2026-07-27 04:00:00+00:00,2170.0,2170.0,2170.0,2170.0,529
2026-07-27 07:00:00,2026-07-27 04:00:00+00:00,2026-07-27 04:10:00+00:00,2171.5,2173.5,2164.0,2167.0,22905
2026-07-27 07:10:00,2026-07-27 04:10:00+00:00,2026-07-27 04:20:00+00:00,2167.0,2174.5,2166.5,2174.0,5136
2026-07-27 07:20:00,2026-07-27 04:20:00+00:00,2026-07-27 04:30:00+00:00,2173.0,2180.0,2173.0,2174.5,9462
2026-07-27 07:30:00,2026-07-27 04:30:00+00:00,2026-07-27 04:40:00+00:00,2174.0,2180.0,2174.0,2178.0,3695
2026-07-27 07:40:00,2026-07-27 04:40:00+00:00,2026-07-27 04:50:00+00:00,2178.0,2178.0,2171.0,2171.0,4572
2026-07-27 07:50:00,2026-07-27 04:50:00+00:00,2026-07-27 05:00:00+00:00,2171.0,2179.5,2170.5,2178.0,7081
2026-07-27 08:00:00,2026-07-27 05:00:00+00:00,2026-07-27 05:10:00+00:00,2177.5,2190.5,2176.5,2186.5,15458
2026-07-27 08:10:00,2026-07-27 05:10:00+00:00,2026-07-27 05:20:00+00:00,2186.5,2187.5,2181.5,2186.0,6514
2026-07-27 08:20:00,2026-07-27 05:20:00+00:00,2026-07-27 05:30:00+00:00,2185.0,2186.0,2178.5,2181.5,6949
2026-07-27 08:30:00,2026-07-27 05:30:00+00:00,2026-07-27 05:40:00+00:00,2181.5,2185.5,2180.0,2185.0,2290
2026-07-27 08:40:00,2026-07-27 05:40:00+00:00,2026-07-27 05:50:00+00:00,2185.0,2186.5,2182.5,2183.0,3452
2026-07-27 08:50:00,2026-07-27 05:50:00+00:00,2026-07-27 06:00:00+00:00,2183.0,2184.0,2180.0,2180.0,2483
2026-07-27 09:00:00,2026-07-27 06:00:00+00:00,2026-07-27 06:10:00+00:00,2180.5,2184.5,2171.0,2171.0,16768
2026-07-27 09:10:00,2026-07-27 06:10:00+00:00,2026-07-27 06:20:00+00:00,2171.5,2175.5,2158.0,2161.0,54116
2026-07-27 09:20:00,2026-07-27 06:20:00+00:00,2026-07-27 06:30:00+00:00,2161.5,2168.5,2158.0,2159.0,35675
2026-07-27 09:30:00,2026-07-27 06:30:00+00:00,2026-07-27 06:40:00+00:00,2158.5,2165.5,2158.5,2163.0,17083
2026-07-27 09:40:00,2026-07-27 06:40:00+00:00,2026-07-27 06:50:00+00:00,2163.0,2167.0,2160.0,2162.0,14656
2026-07-27 09:50:00,2026-07-27 06:50:00+00:00,2026-07-27 07:00:00+00:00,2162.5,2164.0,2154.0,2158.5,28678
2026-07-27 10:00:00,2026-07-27 07:00:00+00:00,2026-07-27 07:10:00+00:00,2158.0,2166.0,2155.0,2164.0,28589
2026-07-27 10:10:00,2026-07-27 07:10:00+00:00,2026-07-27 07:20:00+00:00,2163.5,2178.5,2163.0,2177.0,45306
2026-07-27 10:20:00,2026-07-27 07:20:00+00:00,2026-07-27 07:30:00+00:00,2176.5,2183.5,2174.0,2179.0,34863
2026-07-27 10:30:00,2026-07-27 07:30:00+00:00,2026-07-27 07:40:00+00:00,2179.0,2184.0,2176.0,2182.0,22740
2026-07-27 10:40:00,2026-07-27 07:40:00+00:00,2026-07-27 07:50:00+00:00,2181.5,2184.0,2178.5,2182.5,15209
2026-07-27 10:50:00,2026-07-27 07:50:00+00:00,2026-07-27 08:00:00+00:00,2182.0,2195.0,2182.0,2192.0,68056
2026-07-27 11:00:00,2026-07-27 08:00:00+00:00,2026-07-27 08:10:00+00:00,2192.5,2198.5,2183.5,2187.5,56219
2026-07-27 11:10:00,2026-07-27 08:10:00+00:00,2026-07-27 08:20:00+00:00,2186.5,2192.5,2183.5,2186.5,36203
2026-07-27 11:20:00,2026-07-27 08:20:00+00:00,2026-07-27 08:30:00+00:00,2186.5,2191.5,2180.0,2180.5,32509
2026-07-27 11:30:00,2026-07-27 08:30:00+00:00,2026-07-27 08:40:00+00:00,2180.5,2187.5,2179.0,2186.0,25544
2026-07-27 11:40:00,2026-07-27 08:40:00+00:00,2026-07-27 08:50:00+00:00,2185.5,2186.0,2176.0,2178.0,17660
2026-07-27 11:50:00,2026-07-27 08:50:00+00:00,2026-07-27 09:00:00+00:00,2178.0,2187.0,2178.0,2184.0,25245
2026-07-27 12:00:00,2026-07-27 09:00:00+00:00,2026-07-27 09:10:00+00:00,2183.5,2193.5,2183.5,2188.5,30319
2026-07-27 12:10:00,2026-07-27 09:10:00+00:00,2026-07-27 09:20:00+00:00,2188.0,2190.0,2180.0,2180.5,20842
2026-07-27 12:20:00,2026-07-27 09:20:00+00:00,2026-07-27 09:30:00+00:00,2180.5,2183.5,2178.0,2180.5,22090
2026-07-27 12:30:00,2026-07-27 09:30:00+00:00,2026-07-27 09:40:00+00:00,2180.5,2183.5,2179.5,2182.5,8374
2026-07-27 12:40:00,2026-07-27 09:40:00+00:00,2026-07-27 09:50:00+00:00,2182.5,2190.0,2180.0,2189.0,25688
2026-07-27 12:50:00,2026-07-27 09:50:00+00:00,2026-07-27 10:00:00+00:00,2189.0,2190.0,2185.0,2188.5,21924
2026-07-27 13:00:00,2026-07-27 10:00:00+00:00,2026-07-27 10:10:00+00:00,2189.0,2195.0,2187.0,2195.0,23632
2026-07-27 13:10:00,2026-07-27 10:10:00+00:00,2026-07-27 10:20:00+00:00,2195.0,2214.5,2192.5,2209.0,100962
2026-07-27 13:20:00,2026-07-27 10:20:00+00:00,2026-07-27 10:30:00+00:00,2209.5,2212.5,2205.5,2211.5,68034
2026-07-27 13:30:00,2026-07-27 10:30:00+00:00,2026-07-27 10:40:00+00:00,2211.5,2226.0,2211.0,2218.0,96821
2026-07-27 13:40:00,2026-07-27 10:40:00+00:00,2026-07-27 10:50:00+00:00,2218.5,2219.5,2216.0,2217.5,21145
2026-07-27 13:50:00,2026-07-27 10:50:00+00:00,2026-07-27 11:00:00+00:00,2217.5,2218.5,2213.0,2214.0,25929
2026-07-27 14:00:00,2026-07-27 11:00:00+00:00,2026-07-27 11:10:00+00:00,2214.5,2217.0,2212.0,2217.0,12626
2026-07-27 14:10:00,2026-07-27 11:10:00+00:00,2026-07-27 11:20:00+00:00,2217.0,2219.0,2212.5,2213.0,12250
2026-07-27 14:20:00,2026-07-27 11:20:00+00:00,2026-07-27 11:30:00+00:00,2213.0,2214.5,2211.5,2212.5,11419
2026-07-27 14:30:00,2026-07-27 11:30:00+00:00,2026-07-27 11:40:00+00:00,2213.0,2217.5,2213.0,2215.5,13400
2026-07-27 14:40:00,2026-07-27 11:40:00+00:00,2026-07-27 11:50:00+00:00,2216.0,2218.5,2213.5,2216.0,16942
2026-07-27 14:50:00,2026-07-27 11:50:00+00:00,2026-07-27 12:00:00+00:00,2216.0,2225.5,2216.0,2218.0,67912
2026-07-27 15:00:00,2026-07-27 12:00:00+00:00,2026-07-27 12:10:00+00:00,2218.0,2220.0,2212.0,2212.5,18008
2026-07-27 15:10:00,2026-07-27 12:10:00+00:00,2026-07-27 12:20:00+00:00,2212.5,2216.0,2209.0,2214.5,28056
2026-07-27 15:20:00,2026-07-27 12:20:00+00:00,2026-07-27 12:30:00+00:00,2214.5,2216.5,2209.0,2214.5,20002
2026-07-27 15:30:00,2026-07-27 12:30:00+00:00,2026-07-27 12:40:00+00:00,2214.5,2218.0,2211.5,2214.0,12481
2026-07-27 15:40:00,2026-07-27 12:40:00+00:00,2026-07-27 12:50:00+00:00,2214.0,2221.5,2214.0,2216.5,17214
2026-07-27 15:50:00,2026-07-27 12:50:00+00:00,2026-07-27 13:00:00+00:00,2217.0,2222.0,2216.5,2222.0,11134
2026-07-27 16:00:00,2026-07-27 13:00:00+00:00,2026-07-27 13:10:00+00:00,2221.5,2222.0,2218.5,2219.5,16047
2026-07-27 16:10:00,2026-07-27 13:10:00+00:00,2026-07-27 13:20:00+00:00,2220.0,2227.0,2219.5,2221.5,24689
2026-07-27 16:20:00,2026-07-27 13:20:00+00:00,2026-07-27 13:30:00+00:00,2221.5,2222.5,2216.5,2220.0,17201
2026-07-27 16:30:00,2026-07-27 13:30:00+00:00,2026-07-27 13:40:00+00:00,2219.5,2220.5,2202.5,2205.5,58566
2026-07-27 16:40:00,2026-07-27 13:40:00+00:00,2026-07-27 13:50:00+00:00,2206.0,2214.0,2205.5,2208.5,24600
2026-07-27 16:50:00,2026-07-27 13:50:00+00:00,2026-07-27 14:00:00+00:00,2208.5,2213.5,2206.0,2210.5,14641
2026-07-27 17:00:00,2026-07-27 14:00:00+00:00,2026-07-27 14:10:00+00:00,2211.0,2219.0,2209.5,2214.5,27485
2026-07-27 17:10:00,2026-07-27 14:10:00+00:00,2026-07-27 14:20:00+00:00,2215.5,2216.5,2210.5,2211.0,15076
2026-07-27 17:20:00,2026-07-27 14:20:00+00:00,2026-07-27 14:30:00+00:00,2211.0,2212.5,2203.0,2205.0,39618
2026-07-27 17:30:00,2026-07-27 14:30:00+00:00,2026-07-27 14:40:00+00:00,2205.5,2208.0,2204.0,2208.0,12796
2026-07-27 17:40:00,2026-07-27 14:40:00+00:00,2026-07-27 14:50:00+00:00,2208.0,2218.5,2203.5,2218.5,35701
2026-07-27 17:50:00,2026-07-27 14:50:00+00:00,2026-07-27 15:00:00+00:00,2218.0,2220.5,2211.0,2211.5,29271
2026-07-27 18:00:00,2026-07-27 15:00:00+00:00,2026-07-27 15:10:00+00:00,2211.5,2215.5,2208.0,2214.5,27331
2026-07-27 18:10:00,2026-07-27 15:10:00+00:00,2026-07-27 15:20:00+00:00,2214.0,2220.5,2214.0,2218.0,12676
2026-07-27 18:20:00,2026-07-27 15:20:00+00:00,2026-07-27 15:30:00+00:00,2217.5,2219.0,2213.5,2214.5,14552
2026-07-27 18:30:00,2026-07-27 15:30:00+00:00,2026-07-27 15:40:00+00:00,2214.5,2220.5,2210.0,2210.0,31753
2026-07-27 18:40:00,2026-07-27 15:40:00+00:00,2026-07-27 15:50:00+00:00,2210.0,2215.5,2209.0,2214.5,11499
2026-07-27 18:50:00,2026-07-27 15:50:00+00:00,2026-07-27 16:00:00+00:00,2213.0,2216.5,2212.0,2215.5,8185
2026-07-27 19:00:00,2026-07-27 16:00:00+00:00,2026-07-27 16:10:00+00:00,2215.5,2216.0,2212.0,2215.0,6034
2026-07-27 19:10:00,2026-07-27 16:10:00+00:00,2026-07-27 16:20:00+00:00,2214.0,2216.5,2211.0,2216.0,7291
2026-07-27 19:20:00,2026-07-27 16:20:00+00:00,2026-07-27 16:30:00+00:00,2217.0,2217.5,2212.0,2214.5,8482
2026-07-27 19:30:00,2026-07-27 16:30:00+00:00,2026-07-27 16:40:00+00:00,2214.5,2215.0,2210.5,2212.5,5505
2026-07-27 19:40:00,2026-07-27 16:40:00+00:00,2026-07-27 16:50:00+00:00,2212.0,2215.5,2211.5,2215.0,5007
2026-07-27 19:50:00,2026-07-27 16:50:00+00:00,2026-07-27 17:00:00+00:00,2215.0,2215.0,2212.0,2215.0,2796
2026-07-27 20:00:00,2026-07-27 17:00:00+00:00,2026-07-27 17:10:00+00:00,2215.0,2216.5,2213.5,2216.0,3177
2026-07-27 20:10:00,2026-07-27 17:10:00+00:00,2026-07-27 17:20:00+00:00,2216.0,2217.5,2215.0,2216.0,6858
2026-07-27 20:20:00,2026-07-27 17:20:00+00:00,2026-07-27 17:30:00+00:00,2215.5,2219.0,2215.0,2215.0,3586
2026-07-27 20:30:00,2026-07-27 17:30:00+00:00,2026-07-27 17:40:00+00:00,2215.0,2216.0,2212.5,2213.5,2564
2026-07-27 20:40:00,2026-07-27 17:40:00+00:00,2026-07-27 17:50:00+00:00,2213.5,2215.5,2213.0,2215.0,3018
2026-07-27 20:50:00,2026-07-27 17:50:00+00:00,2026-07-27 18:00:00+00:00,2215.0,2215.0,2211.5,2212.5,5128
2026-07-27 21:00:00,2026-07-27 18:00:00+00:00,2026-07-27 18:10:00+00:00,2213.0,2213.0,2210.5,2212.0,4985
2026-07-27 21:10:00,2026-07-27 18:10:00+00:00,2026-07-27 18:20:00+00:00,2212.5,2214.0,2210.5,2211.0,4205
2026-07-27 21:20:00,2026-07-27 18:20:00+00:00,2026-07-27 18:30:00+00:00,2210.5,2213.0,2210.0,2212.0,5240
2026-07-27 21:30:00,2026-07-27 18:30:00+00:00,2026-07-27 18:40:00+00:00,2212.5,2213.0,2211.0,2211.0,2091
2026-07-27 21:40:00,2026-07-27 18:40:00+00:00,2026-07-27 18:50:00+00:00,2211.0,2212.0,2210.5,2211.5,1663
2026-07-27 21:50:00,2026-07-27 18:50:00+00:00,2026-07-27 19:00:00+00:00,2211.0,2212.0,2210.0,2210.5,5983
2026-07-27 22:00:00,2026-07-27 19:00:00+00:00,2026-07-27 19:10:00+00:00,2210.5,2211.0,2206.5,2209.0,8502
2026-07-27 22:10:00,2026-07-27 19:10:00+00:00,2026-07-27 19:20:00+00:00,2209.0,2210.0,2207.0,2207.5,2567
2026-07-27 22:20:00,2026-07-27 19:20:00+00:00,2026-07-27 19:30:00+00:00,2207.5,2209.0,2207.0,2208.0,3892
2026-07-27 22:30:00,2026-07-27 19:30:00+00:00,2026-07-27 19:40:00+00:00,2208.0,2210.0,2208.0,2208.0,1659
2026-07-27 22:40:00,2026-07-27 19:40:00+00:00,2026-07-27 19:50:00+00:00,2208.0,2211.0,2208.0,2209.0,4025
2026-07-27 22:50:00,2026-07-27 19:50:00+00:00,2026-07-27 20:00:00+00:00,2208.5,2209.5,2207.5,2208.5,2542
2026-07-27 23:00:00,2026-07-27 20:00:00+00:00,2026-07-27 20:10:00+00:00,2209.0,2209.0,2207.5,2209.0,1287
2026-07-27 23:10:00,2026-07-27 20:10:00+00:00,2026-07-27 20:20:00+00:00,2209.0,2210.5,2208.5,2210.5,2573
2026-07-27 23:20:00,2026-07-27 20:20:00+00:00,2026-07-27 20:30:00+00:00,2210.0,2210.5,2208.5,2210.0,3075
2026-07-27 23:30:00,2026-07-27 20:30:00+00:00,2026-07-27 20:40:00+00:00,2210.0,2211.5,2209.5,2211.0,2926
2026-07-27 23:40:00,2026-07-27 20:40:00+00:00,2026-07-27 20:50:00+00:00,2210.5,2211.5,2209.0,2210.5,5086
2026-07-28 06:50:00,2026-07-28 03:50:00+00:00,2026-07-28 04:00:00+00:00,2210.5,2210.5,2210.5,2210.5,74
2026-07-28 07:00:00,2026-07-28 04:00:00+00:00,2026-07-28 04:10:00+00:00,2210.5,2217.0,2208.0,2212.0,13176
2026-07-28 07:10:00,2026-07-28 04:10:00+00:00,2026-07-28 04:20:00+00:00,2212.5,2220.0,2211.0,2219.5,9621
2026-07-28 07:20:00,2026-07-28 04:20:00+00:00,2026-07-28 04:30:00+00:00,2218.5,2219.5,2216.0,2216.5,4139
2026-07-28 07:30:00,2026-07-28 04:30:00+00:00,2026-07-28 04:40:00+00:00,2216.5,2220.5,2215.5,2220.0,6874
2026-07-28 07:40:00,2026-07-28 04:40:00+00:00,2026-07-28 04:50:00+00:00,2220.0,2220.5,2216.5,2217.0,3625
2026-07-28 07:50:00,2026-07-28 04:50:00+00:00,2026-07-28 05:00:00+00:00,2216.5,2217.5,2215.0,2217.5,3262
2026-07-28 08:00:00,2026-07-28 05:00:00+00:00,2026-07-28 05:10:00+00:00,2217.5,2217.5,2212.0,2212.5,4526
2026-07-28 08:10:00,2026-07-28 05:10:00+00:00,2026-07-28 05:20:00+00:00,2212.0,2214.0,2209.5,2210.5,7506
2026-07-28 08:20:00,2026-07-28 05:20:00+00:00,2026-07-28 05:30:00+00:00,2210.5,2215.0,2210.0,2213.0,5328
2026-07-28 08:30:00,2026-07-28 05:30:00+00:00,2026-07-28 05:40:00+00:00,2212.0,2214.0,2212.0,2214.0,1423
2026-07-28 08:40:00,2026-07-28 05:40:00+00:00,2026-07-28 05:50:00+00:00,2214.5,2219.0,2212.5,2214.0,9559
2026-07-28 08:50:00,2026-07-28 05:50:00+00:00,2026-07-28 06:00:00+00:00,2213.5,2221.5,2213.5,2218.5,9393
2026-07-28 09:00:00,2026-07-28 06:00:00+00:00,2026-07-28 06:10:00+00:00,2218.5,2221.0,2214.5,2214.5,11052
2026-07-28 09:10:00,2026-07-28 06:10:00+00:00,2026-07-28 06:20:00+00:00,2214.5,2220.0,2214.0,2218.5,6103
2026-07-28 09:20:00,2026-07-28 06:20:00+00:00,2026-07-28 06:30:00+00:00,2219.0,2237.0,2217.5,2229.5,44894
2026-07-28 09:30:00,2026-07-28 06:30:00+00:00,2026-07-28 06:40:00+00:00,2229.5,2230.5,2222.5,2223.5,30918
2026-07-28 09:40:00,2026-07-28 06:40:00+00:00,2026-07-28 06:50:00+00:00,2223.5,2224.5,2215.0,2217.5,25016
2026-07-28 09:50:00,2026-07-28 06:50:00+00:00,2026-07-28 07:00:00+00:00,2217.0,2217.5,2207.0,2213.5,34332
2026-07-28 10:00:00,2026-07-28 07:00:00+00:00,2026-07-28 07:10:00+00:00,2213.5,2214.5,2193.5,2194.5,66412
2026-07-28 10:10:00,2026-07-28 07:10:00+00:00,2026-07-28 07:20:00+00:00,2195.0,2212.0,2193.0,2209.0,51354
2026-07-28 10:20:00,2026-07-28 07:20:00+00:00,2026-07-28 07:30:00+00:00,2209.5,2212.5,2201.0,2201.5,22935
2026-07-28 10:30:00,2026-07-28 07:30:00+00:00,2026-07-28 07:40:00+00:00,2201.5,2206.5,2199.0,2201.5,25822
2026-07-28 10:40:00,2026-07-28 07:40:00+00:00,2026-07-28 07:50:00+00:00,2201.0,2203.0,2195.5,2202.0,33202
2026-07-28 10:50:00,2026-07-28 07:50:00+00:00,2026-07-28 08:00:00+00:00,2202.0,2205.0,2194.5,2196.5,29509
2026-07-28 11:00:00,2026-07-28 08:00:00+00:00,2026-07-28 08:10:00+00:00,2196.5,2198.0,2182.0,2185.0,72446
2026-07-28 11:10:00,2026-07-28 08:10:00+00:00,2026-07-28 08:20:00+00:00,2185.0,2189.5,2184.0,2184.5,31187
2026-07-28 11:20:00,2026-07-28 08:20:00+00:00,2026-07-28 08:30:00+00:00,2184.5,2192.0,2183.5,2189.0,22874
2026-07-28 11:30:00,2026-07-28 08:30:00+00:00,2026-07-28 08:40:00+00:00,2189.0,2203.0,2188.5,2202.0,43789
2026-07-28 11:40:00,2026-07-28 08:40:00+00:00,2026-07-28 08:50:00+00:00,2202.0,2204.0,2193.5,2196.0,26459
2026-07-28 11:50:00,2026-07-28 08:50:00+00:00,2026-07-28 09:00:00+00:00,2196.0,2200.5,2190.5,2192.5,18960
2026-07-28 12:00:00,2026-07-28 09:00:00+00:00,2026-07-28 09:10:00+00:00,2192.5,2199.5,2188.5,2191.0,18878
2026-07-28 12:10:00,2026-07-28 09:10:00+00:00,2026-07-28 09:20:00+00:00,2191.5,2199.5,2189.5,2198.5,25386
2026-07-28 12:20:00,2026-07-28 09:20:00+00:00,2026-07-28 09:30:00+00:00,2198.5,2199.5,2195.5,2197.5,10020
2026-07-28 12:30:00,2026-07-28 09:30:00+00:00,2026-07-28 09:40:00+00:00,2197.5,2198.5,2192.5,2194.5,17680
2026-07-28 12:40:00,2026-07-28 09:40:00+00:00,2026-07-28 09:50:00+00:00,2194.5,2198.0,2193.0,2195.0,6831
2026-07-28 12:50:00,2026-07-28 09:50:00+00:00,2026-07-28 10:00:00+00:00,2194.5,2197.5,2193.5,2196.5,3542
2026-07-28 13:00:00,2026-07-28 10:00:00+00:00,2026-07-28 10:10:00+00:00,2197.0,2197.0,2186.0,2188.0,27610
2026-07-28 13:10:00,2026-07-28 10:10:00+00:00,2026-07-28 10:20:00+00:00,2188.5,2195.5,2187.5,2193.0,17996
2026-07-28 13:20:00,2026-07-28 10:20:00+00:00,2026-07-28 10:30:00+00:00,2193.0,2210.0,2193.0,2203.5,62377
2026-07-28 13:30:00,2026-07-28 10:30:00+00:00,2026-07-28 10:40:00+00:00,2203.5,2206.5,2201.0,2201.5,18108
2026-07-28 13:40:00,2026-07-28 10:40:00+00:00,2026-07-28 10:50:00+00:00,2201.5,2205.5,2201.0,2202.0,13763
2026-07-28 13:50:00,2026-07-28 10:50:00+00:00,2026-07-28 11:00:00+00:00,2202.0,2208.5,2201.0,2207.5,10507
2026-07-28 14:00:00,2026-07-28 11:00:00+00:00,2026-07-28 11:10:00+00:00,2207.0,2208.5,2202.5,2207.0,9618
2026-07-28 14:10:00,2026-07-28 11:10:00+00:00,2026-07-28 11:20:00+00:00,2207.5,2209.0,2202.5,2206.5,9361
2026-07-28 14:20:00,2026-07-28 11:20:00+00:00,2026-07-28 11:30:00+00:00,2206.0,2206.0,2203.0,2204.5,3819
2026-07-28 14:30:00,2026-07-28 11:30:00+00:00,2026-07-28 11:40:00+00:00,2204.5,2204.5,2202.0,2202.5,5703
2026-07-28 14:40:00,2026-07-28 11:40:00+00:00,2026-07-28 11:50:00+00:00,2202.5,2219.5,2202.5,2213.0,38297
2026-07-28 14:50:00,2026-07-28 11:50:00+00:00,2026-07-28 12:00:00+00:00,2213.0,2219.0,2212.0,2217.0,22966
2026-07-28 15:00:00,2026-07-28 12:00:00+00:00,2026-07-28 12:10:00+00:00,2217.0,2219.0,2212.0,2213.0,16792
2026-07-28 15:10:00,2026-07-28 12:10:00+00:00,2026-07-28 12:20:00+00:00,2213.5,2215.0,2210.5,2212.0,8855
2026-07-28 15:20:00,2026-07-28 12:20:00+00:00,2026-07-28 12:30:00+00:00,2211.5,2214.0,2210.5,2211.5,8764
2026-07-28 15:30:00,2026-07-28 12:30:00+00:00,2026-07-28 12:40:00+00:00,2211.5,2217.5,2211.0,2214.5,11177
2026-07-28 15:40:00,2026-07-28 12:40:00+00:00,2026-07-28 12:50:00+00:00,2214.0,2217.0,2211.5,2217.0,9919
2026-07-28 15:50:00,2026-07-28 12:50:00+00:00,2026-07-28 13:00:00+00:00,2217.0,2217.5,2212.0,2213.0,13127
2026-07-28 16:00:00,2026-07-28 13:00:00+00:00,2026-07-28 13:10:00+00:00,2213.0,2216.5,2213.0,2213.0,6437
2026-07-28 16:10:00,2026-07-28 13:10:00+00:00,2026-07-28 13:20:00+00:00,2213.0,2215.5,2208.5,2210.0,15959
2026-07-28 16:20:00,2026-07-28 13:20:00+00:00,2026-07-28 13:30:00+00:00,2210.0,2211.5,2207.5,2211.0,11756
2026-07-28 16:30:00,2026-07-28 13:30:00+00:00,2026-07-28 13:40:00+00:00,2210.5,2211.5,2204.0,2206.0,12005
2026-07-28 16:40:00,2026-07-28 13:40:00+00:00,2026-07-28 13:50:00+00:00,2206.5,2208.5,2194.5,2199.0,40778
2026-07-28 16:50:00,2026-07-28 13:50:00+00:00,2026-07-28 14:00:00+00:00,2199.0,2200.5,2195.0,2196.5,27309
2026-07-28 17:00:00,2026-07-28 14:00:00+00:00,2026-07-28 14:10:00+00:00,2196.0,2202.0,2196.0,2198.5,15522
2026-07-28 17:10:00,2026-07-28 14:10:00+00:00,2026-07-28 14:20:00+00:00,2199.0,2204.0,2198.0,2200.5,12918
2026-07-28 17:20:00,2026-07-28 14:20:00+00:00,2026-07-28 14:30:00+00:00,2201.0,2202.0,2196.0,2197.0,16091
2026-07-28 17:30:00,2026-07-28 14:30:00+00:00,2026-07-28 14:40:00+00:00,2197.0,2198.5,2190.0,2190.5,24521
2026-07-28 17:40:00,2026-07-28 14:40:00+00:00,2026-07-28 14:50:00+00:00,2190.5,2196.5,2188.5,2196.0,19815
2026-07-28 17:50:00,2026-07-28 14:50:00+00:00,2026-07-28 15:00:00+00:00,2196.5,2209.5,2193.0,2204.0,40539
2026-07-28 18:00:00,2026-07-28 15:00:00+00:00,2026-07-28 15:10:00+00:00,2204.0,2207.0,2199.5,2203.5,15814
2026-07-28 18:10:00,2026-07-28 15:10:00+00:00,2026-07-28 15:20:00+00:00,2204.0,2205.0,2200.5,2204.0,12939
2026-07-28 18:20:00,2026-07-28 15:20:00+00:00,2026-07-28 15:30:00+00:00,2204.0,2204.5,2195.0,2199.5,30188
2026-07-28 18:30:00,2026-07-28 15:30:00+00:00,2026-07-28 15:40:00+00:00,2198.5,2200.5,2196.0,2196.5,13031
2026-07-28 18:40:00,2026-07-28 15:40:00+00:00,2026-07-28 15:50:00+00:00,2196.5,2198.0,2191.5,2193.0,11881
2026-07-28 18:50:00,2026-07-28 15:50:00+00:00,2026-07-28 16:00:00+00:00,2193.5,2216.0,2188.5,2201.0,63722
2026-07-28 19:00:00,2026-07-28 16:00:00+00:00,2026-07-28 16:10:00+00:00,2201.5,2208.0,2199.0,2203.5,42825
2026-07-28 19:10:00,2026-07-28 16:10:00+00:00,2026-07-28 16:20:00+00:00,2204.0,2205.5,2198.0,2200.5,16674
2026-07-28 19:20:00,2026-07-28 16:20:00+00:00,2026-07-28 16:30:00+00:00,2200.0,2200.5,2195.0,2196.0,8579
2026-07-28 19:30:00,2026-07-28 16:30:00+00:00,2026-07-28 16:40:00+00:00,2196.5,2198.0,2190.0,2194.0,19083
2026-07-28 19:40:00,2026-07-28 16:40:00+00:00,2026-07-28 16:50:00+00:00,2193.5,2194.5,2188.0,2194.5,14341
2026-07-28 19:50:00,2026-07-28 16:50:00+00:00,2026-07-28 17:00:00+00:00,2194.5,2196.0,2192.5,2193.0,15252
2026-07-28 20:00:00,2026-07-28 17:00:00+00:00,2026-07-28 17:10:00+00:00,2193.0,2194.0,2190.5,2191.5,8633
2026-07-28 20:10:00,2026-07-28 17:10:00+00:00,2026-07-28 17:20:00+00:00,2191.5,2195.5,2191.0,2194.0,5328
2026-07-28 20:20:00,2026-07-28 17:20:00+00:00,2026-07-28 17:30:00+00:00,2194.5,2194.5,2191.5,2193.5,4376
2026-07-28 20:30:00,2026-07-28 17:30:00+00:00,2026-07-28 17:40:00+00:00,2193.0,2200.0,2193.0,2199.5,23345
2026-07-28 20:40:00,2026-07-28 17:40:00+00:00,2026-07-28 17:50:00+00:00,2199.5,2202.0,2195.5,2196.0,6556
2026-07-28 20:50:00,2026-07-28 17:50:00+00:00,2026-07-28 18:00:00+00:00,2196.0,2197.0,2194.5,2196.5,4224
2026-07-28 21:00:00,2026-07-28 18:00:00+00:00,2026-07-28 18:10:00+00:00,2196.5,2196.5,2193.5,2193.5,4118
2026-07-28 21:10:00,2026-07-28 18:10:00+00:00,2026-07-28 18:20:00+00:00,2193.5,2197.5,2193.5,2197.0,4197
2026-07-28 21:20:00,2026-07-28 18:20:00+00:00,2026-07-28 18:30:00+00:00,2197.5,2197.5,2194.0,2194.5,3994
2026-07-28 21:30:00,2026-07-28 18:30:00+00:00,2026-07-28 18:40:00+00:00,2195.0,2196.5,2194.5,2196.0,2059
2026-07-28 21:40:00,2026-07-28 18:40:00+00:00,2026-07-28 18:50:00+00:00,2195.5,2198.5,2195.0,2196.5,1873
2026-07-28 21:50:00,2026-07-28 18:50:00+00:00,2026-07-28 19:00:00+00:00,2196.0,2201.0,2196.0,2200.0,5397
2026-07-28 22:00:00,2026-07-28 19:00:00+00:00,2026-07-28 19:10:00+00:00,2200.0,2200.0,2197.5,2198.0,3467
2026-07-28 22:10:00,2026-07-28 19:10:00+00:00,2026-07-28 19:20:00+00:00,2198.0,2198.0,2196.5,2196.5,2083
2026-07-28 22:20:00,2026-07-28 19:20:00+00:00,2026-07-28 19:30:00+00:00,2197.0,2198.5,2196.5,2198.0,2085
2026-07-28 22:30:00,2026-07-28 19:30:00+00:00,2026-07-28 19:40:00+00:00,2198.0,2198.5,2195.5,2195.5,2379
2026-07-28 22:40:00,2026-07-28 19:40:00+00:00,2026-07-28 19:50:00+00:00,2195.5,2196.5,2192.5,2194.5,6687
2026-07-28 22:50:00,2026-07-28 19:50:00+00:00,2026-07-28 20:00:00+00:00,2194.5,2195.5,2192.5,2195.0,2280
2026-07-28 23:00:00,2026-07-28 20:00:00+00:00,2026-07-28 20:10:00+00:00,2195.0,2196.0,2193.5,2195.5,3296
2026-07-28 23:10:00,2026-07-28 20:10:00+00:00,2026-07-28 20:20:00+00:00,2196.0,2199.0,2196.0,2196.5,8448
2026-07-28 23:20:00,2026-07-28 20:20:00+00:00,2026-07-28 20:30:00+00:00,2197.0,2199.0,2197.0,2198.0,1030
2026-07-28 23:30:00,2026-07-28 20:30:00+00:00,2026-07-28 20:40:00+00:00,2198.5,2198.5,2196.5,2196.5,1410
2026-07-28 23:40:00,2026-07-28 20:40:00+00:00,2026-07-28 20:50:00+00:00,2197.0,2202.0,2196.0,2199.0,6365
2026-07-29 06:50:00,2026-07-29 03:50:00+00:00,2026-07-29 04:00:00+00:00,2205.0,2205.0,2205.0,2205.0,461
2026-07-29 07:00:00,2026-07-29 04:00:00+00:00,2026-07-29 04:10:00+00:00,2204.5,2210.0,2204.0,2206.5,11211
2026-07-29 07:10:00,2026-07-29 04:10:00+00:00,2026-07-29 04:20:00+00:00,2207.0,2209.5,2206.5,2208.0,4117
2026-07-29 07:20:00,2026-07-29 04:20:00+00:00,2026-07-29 04:30:00+00:00,2208.5,2215.5,2208.0,2214.0,9630
2026-07-29 07:30:00,2026-07-29 04:30:00+00:00,2026-07-29 04:40:00+00:00,2214.5,2215.5,2209.0,2209.5,5195
2026-07-29 07:40:00,2026-07-29 04:40:00+00:00,2026-07-29 04:50:00+00:00,2209.5,2211.0,2208.5,2209.0,2796
2026-07-29 07:50:00,2026-07-29 04:50:00+00:00,2026-07-29 05:00:00+00:00,2210.0,2210.0,2208.5,2208.5,1519
2026-07-29 08:00:00,2026-07-29 05:00:00+00:00,2026-07-29 05:10:00+00:00,2208.5,2210.0,2207.0,2207.0,2924
2026-07-29 08:10:00,2026-07-29 05:10:00+00:00,2026-07-29 05:20:00+00:00,2207.0,2207.5,2206.0,2207.0,1400
2026-07-29 08:20:00,2026-07-29 05:20:00+00:00,2026-07-29 05:30:00+00:00,2207.0,2208.5,2206.0,2206.5,1590
2026-07-29 08:30:00,2026-07-29 05:30:00+00:00,2026-07-29 05:40:00+00:00,2206.5,2211.0,2206.5,2211.0,4425
2026-07-29 08:40:00,2026-07-29 05:40:00+00:00,2026-07-29 05:50:00+00:00,2210.5,2212.5,2209.0,2209.5,3967
2026-07-29 08:50:00,2026-07-29 05:50:00+00:00,2026-07-29 06:00:00+00:00,2209.5,2211.0,2202.5,2204.5,10241
2026-07-29 09:00:00,2026-07-29 06:00:00+00:00,2026-07-29 06:10:00+00:00,2205.5,2210.0,2204.0,2209.5,9804
2026-07-29 09:10:00,2026-07-29 06:10:00+00:00,2026-07-29 06:20:00+00:00,2210.0,2213.0,2209.0,2209.5,9905
2026-07-29 09:20:00,2026-07-29 06:20:00+00:00,2026-07-29 06:30:00+00:00,2209.5,2212.5,2209.5,2212.5,7751
2026-07-29 09:30:00,2026-07-29 06:30:00+00:00,2026-07-29 06:40:00+00:00,2212.5,2219.0,2211.0,2213.5,21692
2026-07-29 09:40:00,2026-07-29 06:40:00+00:00,2026-07-29 06:50:00+00:00,2213.5,2214.0,2207.5,2209.5,14251
2026-07-29 09:50:00,2026-07-29 06:50:00+00:00,2026-07-29 07:00:00+00:00,2210.0,2212.5,2209.0,2210.5,9600
2026-07-29 10:00:00,2026-07-29 07:00:00+00:00,2026-07-29 07:10:00+00:00,2210.5,2215.5,2203.5,2207.0,24998
2026-07-29 10:10:00,2026-07-29 07:10:00+00:00,2026-07-29 07:20:00+00:00,2207.5,2208.5,2205.0,2207.0,10662
2026-07-29 10:20:00,2026-07-29 07:20:00+00:00,2026-07-29 07:30:00+00:00,2207.0,2211.0,2206.5,2210.5,7003
2026-07-29 10:30:00,2026-07-29 07:30:00+00:00,2026-07-29 07:40:00+00:00,2211.0,2212.5,2207.0,2210.5,9757
2026-07-29 10:40:00,2026-07-29 07:40:00+00:00,2026-07-29 07:50:00+00:00,2210.0,2222.0,2209.0,2220.0,41068
2026-07-29 10:50:00,2026-07-29 07:50:00+00:00,2026-07-29 08:00:00+00:00,2220.5,2225.0,2217.5,2220.0,39548
2026-07-29 11:00:00,2026-07-29 08:00:00+00:00,2026-07-29 08:10:00+00:00,2220.0,2229.5,2219.5,2229.0,38097
2026-07-29 11:10:00,2026-07-29 08:10:00+00:00,2026-07-29 08:20:00+00:00,2228.5,2230.0,2224.0,2224.5,21742
2026-07-29 11:20:00,2026-07-29 08:20:00+00:00,2026-07-29 08:30:00+00:00,2224.5,2228.0,2222.5,2228.0,20218
2026-07-29 11:30:00,2026-07-29 08:30:00+00:00,2026-07-29 08:40:00+00:00,2228.0,2228.0,2221.5,2221.5,20660
2026-07-29 11:40:00,2026-07-29 08:40:00+00:00,2026-07-29 08:50:00+00:00,2222.0,2225.0,2221.0,2223.0,10801
2026-07-29 11:50:00,2026-07-29 08:50:00+00:00,2026-07-29 09:00:00+00:00,2222.5,2225.0,2221.0,2223.0,9849
2026-07-29 12:00:00,2026-07-29 09:00:00+00:00,2026-07-29 09:10:00+00:00,2223.5,2225.0,2220.5,2221.0,9949
2026-07-29 12:10:00,2026-07-29 09:10:00+00:00,2026-07-29 09:20:00+00:00,2221.5,2224.5,2221.0,2224.5,7287
2026-07-29 12:20:00,2026-07-29 09:20:00+00:00,2026-07-29 09:30:00+00:00,2224.5,2227.0,2223.0,2223.5,9400
2026-07-29 12:30:00,2026-07-29 09:30:00+00:00,2026-07-29 09:40:00+00:00,2224.0,2224.0,2215.5,2218.5,31511
2026-07-29 12:40:00,2026-07-29 09:40:00+00:00,2026-07-29 09:50:00+00:00,2218.0,2219.0,2214.5,2218.0,17282
2026-07-29 12:50:00,2026-07-29 09:50:00+00:00,2026-07-29 10:00:00+00:00,2218.0,2221.5,2218.0,2220.0,7863
2026-07-29 13:00:00,2026-07-29 10:00:00+00:00,2026-07-29 10:10:00+00:00,2220.5,2222.0,2218.5,2220.0,6860
2026-07-29 13:10:00,2026-07-29 10:10:00+00:00,2026-07-29 10:20:00+00:00,2220.0,2224.0,2217.0,2223.0,13161
2026-07-29 13:20:00,2026-07-29 10:20:00+00:00,2026-07-29 10:30:00+00:00,2223.5,2226.5,2220.5,2223.5,14941
2026-07-29 13:30:00,2026-07-29 10:30:00+00:00,2026-07-29 10:40:00+00:00,2223.5,2229.0,2222.0,2228.5,13953
2026-07-29 13:40:00,2026-07-29 10:40:00+00:00,2026-07-29 10:50:00+00:00,2228.0,2229.5,2224.5,2225.5,16492
2026-07-29 13:50:00,2026-07-29 10:50:00+00:00,2026-07-29 11:00:00+00:00,2226.5,2232.0,2225.5,2230.5,18286
2026-07-29 14:00:00,2026-07-29 11:00:00+00:00,2026-07-29 11:10:00+00:00,2230.5,2233.0,2226.0,2228.0,29489
2026-07-29 14:10:00,2026-07-29 11:10:00+00:00,2026-07-29 11:20:00+00:00,2228.5,2235.0,2225.0,2225.5,21008
2026-07-29 14:20:00,2026-07-29 11:20:00+00:00,2026-07-29 11:30:00+00:00,2225.5,2228.5,2225.5,2227.0,8438
2026-07-29 14:30:00,2026-07-29 11:30:00+00:00,2026-07-29 11:40:00+00:00,2226.5,2227.5,2223.0,2226.0,8633
2026-07-29 14:40:00,2026-07-29 11:40:00+00:00,2026-07-29 11:50:00+00:00,2225.5,2226.0,2218.5,2219.5,16788
2026-07-29 14:50:00,2026-07-29 11:50:00+00:00,2026-07-29 12:00:00+00:00,2219.5,2221.5,2216.0,2218.5,26539
2026-07-29 15:00:00,2026-07-29 12:00:00+00:00,2026-07-29 12:10:00+00:00,2218.0,2221.0,2217.5,2219.5,9540
2026-07-29 15:10:00,2026-07-29 12:10:00+00:00,2026-07-29 12:20:00+00:00,2220.0,2226.5,2217.0,2224.0,17655
2026-07-29 15:20:00,2026-07-29 12:20:00+00:00,2026-07-29 12:30:00+00:00,2224.5,2226.0,2222.0,2224.5,8177
2026-07-29 15:30:00,2026-07-29 12:30:00+00:00,2026-07-29 12:40:00+00:00,2224.0,2227.0,2220.5,2223.0,11993
2026-07-29 15:40:00,2026-07-29 12:40:00+00:00,2026-07-29 12:50:00+00:00,2222.5,2224.0,2219.5,2219.5,6259
2026-07-29 15:50:00,2026-07-29 12:50:00+00:00,2026-07-29 13:00:00+00:00,2219.5,2223.5,2219.0,2220.0,11091
2026-07-29 16:00:00,2026-07-29 13:00:00+00:00,2026-07-29 13:10:00+00:00,2220.5,2223.5,2219.0,2221.0,5458
2026-07-29 16:10:00,2026-07-29 13:10:00+00:00,2026-07-29 13:20:00+00:00,2221.0,2225.5,2220.5,2221.5,6205
2026-07-29 16:20:00,2026-07-29 13:20:00+00:00,2026-07-29 13:30:00+00:00,2221.5,2225.0,2220.0,2224.0,5086
2026-07-29 16:30:00,2026-07-29 13:30:00+00:00,2026-07-29 13:40:00+00:00,2224.0,2224.5,2219.5,2224.0,14841
2026-07-29 16:40:00,2026-07-29 13:40:00+00:00,2026-07-29 13:50:00+00:00,2223.5,2226.5,2221.5,2225.5,10944
2026-07-29 16:50:00,2026-07-29 13:50:00+00:00,2026-07-29 14:00:00+00:00,2225.0,2228.0,2223.0,2227.0,8157
2026-07-29 17:00:00,2026-07-29 14:00:00+00:00,2026-07-29 14:10:00+00:00,2227.5,2228.0,2224.0,2225.5,8800
2026-07-29 17:10:00,2026-07-29 14:10:00+00:00,2026-07-29 14:20:00+00:00,2225.5,2229.0,2224.5,2225.5,12158
2026-07-29 17:20:00,2026-07-29 14:20:00+00:00,2026-07-29 14:30:00+00:00,2225.5,2228.0,2224.5,2224.5,5866
2026-07-29 17:30:00,2026-07-29 14:30:00+00:00,2026-07-29 14:40:00+00:00,2225.0,2227.5,2224.5,2227.0,8021
2026-07-29 17:40:00,2026-07-29 14:40:00+00:00,2026-07-29 14:50:00+00:00,2227.0,2227.0,2224.5,2227.0,9529
2026-07-29 17:50:00,2026-07-29 14:50:00+00:00,2026-07-29 15:00:00+00:00,2227.0,2231.0,2226.5,2230.0,15016
2026-07-29 18:00:00,2026-07-29 15:00:00+00:00,2026-07-29 15:10:00+00:00,2229.5,2232.5,2229.5,2230.0,19303
2026-07-29 18:10:00,2026-07-29 15:10:00+00:00,2026-07-29 15:20:00+00:00,2230.0,2234.5,2229.0,2231.0,21733
2026-07-29 18:20:00,2026-07-29 15:20:00+00:00,2026-07-29 15:30:00+00:00,2231.0,2238.5,2230.0,2234.0,31287
2026-07-29 18:30:00,2026-07-29 15:30:00+00:00,2026-07-29 15:40:00+00:00,2234.0,2238.0,2232.5,2237.5,15913
2026-07-29 18:40:00,2026-07-29 15:40:00+00:00,2026-07-29 15:50:00+00:00,2237.0,2240.5,2235.5,2239.0,22105
2026-07-29 18:50:00,2026-07-29 15:50:00+00:00,2026-07-29 16:00:00+00:00,2238.0,2239.5,2237.0,2237.5,10714
2026-07-29 19:00:00,2026-07-29 16:00:00+00:00,2026-07-29 16:10:00+00:00,2237.5,2247.0,2237.5,2245.5,41393
2026-07-29 19:10:00,2026-07-29 16:10:00+00:00,2026-07-29 16:20:00+00:00,2245.5,2248.0,2242.5,2247.5,28257
2026-07-29 19:20:00,2026-07-29 16:20:00+00:00,2026-07-29 16:30:00+00:00,2247.5,2247.5,2241.5,2242.0,20762
2026-07-29 19:30:00,2026-07-29 16:30:00+00:00,2026-07-29 16:40:00+00:00,2241.5,2245.5,2241.5,2245.0,7881
2026-07-29 19:40:00,2026-07-29 16:40:00+00:00,2026-07-29 16:50:00+00:00,2244.5,2245.0,2242.5,2243.5,6074
2026-07-29 19:50:00,2026-07-29 16:50:00+00:00,2026-07-29 17:00:00+00:00,2243.5,2247.0,2243.0,2245.5,9724
2026-07-29 20:00:00,2026-07-29 17:00:00+00:00,2026-07-29 17:10:00+00:00,2246.0,2249.5,2245.0,2248.0,17800
2026-07-29 20:10:00,2026-07-29 17:10:00+00:00,2026-07-29 17:20:00+00:00,2247.5,2249.5,2247.5,2247.5,6112
2026-07-29 20:20:00,2026-07-29 17:20:00+00:00,2026-07-29 17:30:00+00:00,2247.5,2248.5,2245.5,2245.5,7630
2026-07-29 20:30:00,2026-07-29 17:30:00+00:00,2026-07-29 17:40:00+00:00,2246.0,2247.5,2245.0,2245.0,3733
2026-07-29 20:40:00,2026-07-29 17:40:00+00:00,2026-07-29 17:50:00+00:00,2245.0,2248.5,2245.0,2248.0,7340
2026-07-29 20:50:00,2026-07-29 17:50:00+00:00,2026-07-29 18:00:00+00:00,2247.5,2249.0,2245.5,2247.0,10406
2026-07-29 21:00:00,2026-07-29 18:00:00+00:00,2026-07-29 18:10:00+00:00,2247.5,2249.0,2247.0,2247.0,6516
2026-07-29 21:10:00,2026-07-29 18:10:00+00:00,2026-07-29 18:20:00+00:00,2247.5,2249.0,2247.0,2249.0,9688
2026-07-29 21:20:00,2026-07-29 18:20:00+00:00,2026-07-29 18:30:00+00:00,2249.0,2249.0,2247.0,2247.5,3644
2026-07-29 21:30:00,2026-07-29 18:30:00+00:00,2026-07-29 18:40:00+00:00,2248.0,2249.0,2247.0,2249.0,1398
2026-07-29 21:40:00,2026-07-29 18:40:00+00:00,2026-07-29 18:50:00+00:00,2248.5,2249.0,2247.0,2247.5,10567
2026-07-29 21:50:00,2026-07-29 18:50:00+00:00,2026-07-29 19:00:00+00:00,2247.0,2253.0,2246.5,2251.0,13731
2026-07-29 22:00:00,2026-07-29 19:00:00+00:00,2026-07-29 19:10:00+00:00,2250.5,2251.5,2247.0,2247.5,6751
2026-07-29 22:10:00,2026-07-29 19:10:00+00:00,2026-07-29 19:20:00+00:00,2247.0,2248.0,2245.0,2245.0,7206
2026-07-29 22:20:00,2026-07-29 19:20:00+00:00,2026-07-29 19:30:00+00:00,2245.0,2245.0,2243.0,2243.5,11616
2026-07-29 22:30:00,2026-07-29 19:30:00+00:00,2026-07-29 19:40:00+00:00,2244.0,2245.0,2243.0,2244.0,3685
2026-07-29 22:40:00,2026-07-29 19:40:00+00:00,2026-07-29 19:50:00+00:00,2244.0,2244.5,2241.0,2242.0,22126
2026-07-29 22:50:00,2026-07-29 19:50:00+00:00,2026-07-29 20:00:00+00:00,2242.0,2245.0,2240.0,2242.0,11428
2026-07-29 23:00:00,2026-07-29 20:00:00+00:00,2026-07-29 20:10:00+00:00,2241.5,2243.0,2240.5,2241.0,3798
2026-07-29 23:10:00,2026-07-29 20:10:00+00:00,2026-07-29 20:20:00+00:00,2241.0,2243.0,2241.0,2242.5,1921
2026-07-29 23:20:00,2026-07-29 20:20:00+00:00,2026-07-29 20:30:00+00:00,2242.0,2244.0,2242.0,2244.0,2936
2026-07-29 23:30:00,2026-07-29 20:30:00+00:00,2026-07-29 20:40:00+00:00,2244.0,2245.0,2242.5,2244.0,6894
2026-07-29 23:40:00,2026-07-29 20:40:00+00:00,2026-07-29 20:50:00+00:00,2244.0,2246.5,2243.0,2246.5,5925
2026-07-30 06:50:00,2026-07-30 03:50:00+00:00,2026-07-30 04:00:00+00:00,2246.0,2246.0,2246.0,2246.0,93
2026-07-30 07:00:00,2026-07-30 04:00:00+00:00,2026-07-30 04:10:00+00:00,2245.0,2248.5,2241.0,2245.5,9998
2026-07-30 07:10:00,2026-07-30 04:10:00+00:00,2026-07-30 04:20:00+00:00,2245.5,2248.5,2245.5,2246.5,5331
2026-07-30 07:20:00,2026-07-30 04:20:00+00:00,2026-07-30 04:30:00+00:00,2246.5,2246.5,2243.5,2246.0,4673
2026-07-30 07:30:00,2026-07-30 04:30:00+00:00,2026-07-30 04:40:00+00:00,2246.0,2248.5,2245.5,2248.5,3857
2026-07-30 07:40:00,2026-07-30 04:40:00+00:00,2026-07-30 04:50:00+00:00,2248.0,2248.5,2246.5,2247.5,4498
2026-07-30 07:50:00,2026-07-30 04:50:00+00:00,2026-07-30 05:00:00+00:00,2247.5,2251.5,2246.0,2251.0,6374
2026-07-30 08:00:00,2026-07-30 05:00:00+00:00,2026-07-30 05:10:00+00:00,2251.0,2251.0,2248.5,2249.0,3597
2026-07-30 08:10:00,2026-07-30 05:10:00+00:00,2026-07-30 05:20:00+00:00,2249.0,2252.0,2249.0,2251.5,4886
2026-07-30 08:20:00,2026-07-30 05:20:00+00:00,2026-07-30 05:30:00+00:00,2251.5,2258.0,2251.0,2254.5,16495
2026-07-30 08:30:00,2026-07-30 05:30:00+00:00,2026-07-30 05:40:00+00:00,2255.5,2260.0,2254.5,2258.0,20103
2026-07-30 08:40:00,2026-07-30 05:40:00+00:00,2026-07-30 05:50:00+00:00,2258.5,2259.0,2256.5,2258.0,8951
2026-07-30 08:50:00,2026-07-30 05:50:00+00:00,2026-07-30 06:00:00+00:00,2258.0,2262.5,2258.0,2261.5,13211
2026-07-30 09:00:00,2026-07-30 06:00:00+00:00,2026-07-30 06:10:00+00:00,2261.0,2261.5,2255.5,2255.5,19961
2026-07-30 09:10:00,2026-07-30 06:10:00+00:00,2026-07-30 06:20:00+00:00,2256.0,2257.5,2255.0,2255.0,13158
2026-07-30 09:20:00,2026-07-30 06:20:00+00:00,2026-07-30 06:30:00+00:00,2255.5,2261.5,2255.5,2260.5,16517
2026-07-30 09:30:00,2026-07-30 06:30:00+00:00,2026-07-30 06:40:00+00:00,2260.5,2267.0,2259.0,2262.5,35269
2026-07-30 09:40:00,2026-07-30 06:40:00+00:00,2026-07-30 06:50:00+00:00,2262.5,2264.5,2260.5,2261.0,8604
2026-07-30 09:50:00,2026-07-30 06:50:00+00:00,2026-07-30 07:00:00+00:00,2260.5,2263.0,2258.0,2260.0,14732
2026-07-30 10:00:00,2026-07-30 07:00:00+00:00,2026-07-30 07:10:00+00:00,2260.0,2268.0,2259.0,2267.0,28427
2026-07-30 10:10:00,2026-07-30 07:10:00+00:00,2026-07-30 07:20:00+00:00,2266.5,2270.5,2262.0,2265.0,48864
2026-07-30 10:20:00,2026-07-30 07:20:00+00:00,2026-07-30 07:30:00+00:00,2264.5,2269.5,2264.0,2267.0,17484
2026-07-30 10:30:00,2026-07-30 07:30:00+00:00,2026-07-30 07:40:00+00:00,2267.5,2280.0,2267.0,2277.5,67856
2026-07-30 10:40:00,2026-07-30 07:40:00+00:00,2026-07-30 07:50:00+00:00,2277.5,2283.5,2275.0,2277.0,44718
2026-07-30 10:50:00,2026-07-30 07:50:00+00:00,2026-07-30 08:00:00+00:00,2277.5,2279.5,2273.0,2274.0,31151
2026-07-30 11:00:00,2026-07-30 08:00:00+00:00,2026-07-30 08:10:00+00:00,2274.0,2275.5,2270.0,2273.0,21417
2026-07-30 11:10:00,2026-07-30 08:10:00+00:00,2026-07-30 08:20:00+00:00,2272.5,2273.0,2264.0,2266.0,36612
2026-07-30 11:20:00,2026-07-30 08:20:00+00:00,2026-07-30 08:30:00+00:00,2266.5,2271.0,2262.5,2264.0,28343
2026-07-30 11:30:00,2026-07-30 08:30:00+00:00,2026-07-30 08:40:00+00:00,2264.5,2268.0,2263.0,2266.5,17098
2026-07-30 11:40:00,2026-07-30 08:40:00+00:00,2026-07-30 08:50:00+00:00,2266.0,2272.5,2264.5,2270.5,24143
2026-07-30 11:50:00,2026-07-30 08:50:00+00:00,2026-07-30 09:00:00+00:00,2270.5,2271.5,2264.0,2265.0,11190
2026-07-30 12:00:00,2026-07-30 09:00:00+00:00,2026-07-30 09:10:00+00:00,2264.5,2267.5,2260.0,2260.5,20919
2026-07-30 12:10:00,2026-07-30 09:10:00+00:00,2026-07-30 09:20:00+00:00,2260.5,2263.0,2256.0,2257.5,31821
2026-07-30 12:20:00,2026-07-30 09:20:00+00:00,2026-07-30 09:30:00+00:00,2257.5,2260.5,2251.5,2252.5,30656
2026-07-30 12:30:00,2026-07-30 09:30:00+00:00,2026-07-30 09:40:00+00:00,2252.5,2254.5,2248.0,2249.0,34573
2026-07-30 12:40:00,2026-07-30 09:40:00+00:00,2026-07-30 09:50:00+00:00,2249.0,2257.0,2248.5,2256.5,35234
2026-07-30 12:50:00,2026-07-30 09:50:00+00:00,2026-07-30 10:00:00+00:00,2256.0,2260.0,2255.5,2259.5,21640
2026-07-30 13:00:00,2026-07-30 10:00:00+00:00,2026-07-30 10:10:00+00:00,2259.0,2259.5,2250.5,2251.0,21975
2026-07-30 13:10:00,2026-07-30 10:10:00+00:00,2026-07-30 10:20:00+00:00,2251.0,2256.0,2250.0,2253.0,14660
2026-07-30 13:20:00,2026-07-30 10:20:00+00:00,2026-07-30 10:30:00+00:00,2253.0,2260.0,2251.0,2257.0,18360
2026-07-30 13:30:00,2026-07-30 10:30:00+00:00,2026-07-30 10:40:00+00:00,2257.0,2259.5,2255.0,2258.5,8594
2026-07-30 13:40:00,2026-07-30 10:40:00+00:00,2026-07-30 10:50:00+00:00,2258.5,2258.5,2251.5,2252.0,13433
2026-07-30 13:50:00,2026-07-30 10:50:00+00:00,2026-07-30 11:00:00+00:00,2252.0,2254.0,2249.5,2251.0,15710
2026-07-30 14:00:00,2026-07-30 11:00:00+00:00,2026-07-30 11:10:00+00:00,2250.5,2253.0,2245.5,2248.5,24240
2026-07-30 14:10:00,2026-07-30 11:10:00+00:00,2026-07-30 11:20:00+00:00,2248.0,2253.5,2244.5,2251.5,28032
2026-07-30 14:20:00,2026-07-30 11:20:00+00:00,2026-07-30 11:30:00+00:00,2251.5,2255.0,2249.0,2253.0,13054
2026-07-30 14:30:00,2026-07-30 11:30:00+00:00,2026-07-30 11:40:00+00:00,2253.5,2253.5,2246.0,2252.0,11477
2026-07-30 14:40:00,2026-07-30 11:40:00+00:00,2026-07-30 11:50:00+00:00,2252.0,2254.0,2249.0,2252.5,9927
2026-07-30 14:50:00,2026-07-30 11:50:00+00:00,2026-07-30 12:00:00+00:00,2252.0,2254.0,2250.5,2251.5,7152
2026-07-30 15:00:00,2026-07-30 12:00:00+00:00,2026-07-30 12:10:00+00:00,2251.0,2259.0,2249.5,2256.0,29583
2026-07-30 15:10:00,2026-07-30 12:10:00+00:00,2026-07-30 12:20:00+00:00,2255.5,2266.0,2254.0,2262.0,29294
2026-07-30 15:20:00,2026-07-30 12:20:00+00:00,2026-07-30 12:30:00+00:00,2261.5,2262.5,2257.5,2258.0,20905
2026-07-30 15:30:00,2026-07-30 12:30:00+00:00,2026-07-30 12:40:00+00:00,2258.0,2259.0,2254.5,2255.0,9892
2026-07-30 15:40:00,2026-07-30 12:40:00+00:00,2026-07-30 12:50:00+00:00,2255.5,2257.0,2252.5,2254.5,7491
2026-07-30 15:50:00,2026-07-30 12:50:00+00:00,2026-07-30 13:00:00+00:00,2254.5,2257.5,2252.0,2257.0,14204
2026-07-30 16:00:00,2026-07-30 13:00:00+00:00,2026-07-30 13:10:00+00:00,2257.0,2257.5,2251.0,2253.5,10983
2026-07-30 16:10:00,2026-07-30 13:10:00+00:00,2026-07-30 13:20:00+00:00,2253.5,2254.5,2250.5,2251.0,11842
2026-07-30 16:20:00,2026-07-30 13:20:00+00:00,2026-07-30 13:30:00+00:00,2251.0,2253.5,2249.0,2250.5,12291
2026-07-30 16:30:00,2026-07-30 13:30:00+00:00,2026-07-30 13:40:00+00:00,2250.5,2251.0,2237.0,2239.5,75078
2026-07-30 16:40:00,2026-07-30 13:40:00+00:00,2026-07-30 13:50:00+00:00,2239.5,2240.5,2234.0,2239.0,37521
2026-07-30 16:50:00,2026-07-30 13:50:00+00:00,2026-07-30 14:00:00+00:00,2239.5,2244.0,2238.0,2239.5,31922
2026-07-30 17:00:00,2026-07-30 14:00:00+00:00,2026-07-30 14:10:00+00:00,2239.0,2243.0,2237.0,2240.5,16966
2026-07-30 17:10:00,2026-07-30 14:10:00+00:00,2026-07-30 14:20:00+00:00,2240.5,2248.0,2237.0,2244.5,31900
2026-07-30 17:20:00,2026-07-30 14:20:00+00:00,2026-07-30 14:30:00+00:00,2244.5,2245.5,2238.5,2240.0,17383
2026-07-30 17:30:00,2026-07-30 14:30:00+00:00,2026-07-30 14:40:00+00:00,2239.0,2241.5,2231.5,2232.5,22324
2026-07-30 17:40:00,2026-07-30 14:40:00+00:00,2026-07-30 14:50:00+00:00,2232.0,2232.5,2224.5,2227.0,57557
2026-07-30 17:50:00,2026-07-30 14:50:00+00:00,2026-07-30 15:00:00+00:00,2227.5,2231.0,2224.5,2229.0,28089
2026-07-30 18:00:00,2026-07-30 15:00:00+00:00,2026-07-30 15:10:00+00:00,2229.0,2231.0,2227.0,2230.5,17855
2026-07-30 18:10:00,2026-07-30 15:10:00+00:00,2026-07-30 15:20:00+00:00,2230.5,2231.0,2219.0,2220.0,39676
2026-07-30 18:20:00,2026-07-30 15:20:00+00:00,2026-07-30 15:30:00+00:00,2220.0,2222.5,2216.5,2218.5,34370
2026-07-30 18:30:00,2026-07-30 15:30:00+00:00,2026-07-30 15:40:00+00:00,2219.0,2219.0,2208.5,2214.0,55836
2026-07-30 18:40:00,2026-07-30 15:40:00+00:00,2026-07-30 15:50:00+00:00,2214.0,2214.0,2208.0,2210.0,27374
2026-07-30 18:50:00,2026-07-30 15:50:00+00:00,2026-07-30 16:00:00+00:00,2209.5,2213.0,2208.5,2211.5,28513
2026-07-30 19:00:00,2026-07-30 16:00:00+00:00,2026-07-30 16:10:00+00:00,2211.5,2214.5,2209.0,2211.0,21649
2026-07-30 19:10:00,2026-07-30 16:10:00+00:00,2026-07-30 16:20:00+00:00,2211.5,2217.0,2210.5,2212.0,22608
2026-07-30 19:20:00,2026-07-30 16:20:00+00:00,2026-07-30 16:30:00+00:00,2212.0,2212.5,2206.5,2211.0,21617
2026-07-30 19:30:00,2026-07-30 16:30:00+00:00,2026-07-30 16:40:00+00:00,2210.5,2215.5,2209.5,2212.5,12621
2026-07-30 19:40:00,2026-07-30 16:40:00+00:00,2026-07-30 16:50:00+00:00,2212.5,2217.5,2212.5,2215.5,17146
2026-07-30 19:50:00,2026-07-30 16:50:00+00:00,2026-07-30 17:00:00+00:00,2215.5,2215.5,2212.0,2214.0,7132
2026-07-30 20:00:00,2026-07-30 17:00:00+00:00,2026-07-30 17:10:00+00:00,2213.5,2215.0,2209.5,2210.0,12451
2026-07-30 20:10:00,2026-07-30 17:10:00+00:00,2026-07-30 17:20:00+00:00,2210.5,2215.0,2209.5,2212.5,6842
2026-07-30 20:20:00,2026-07-30 17:20:00+00:00,2026-07-30 17:30:00+00:00,2213.0,2213.5,2211.5,2212.5,1486
2026-07-30 20:30:00,2026-07-30 17:30:00+00:00,2026-07-30 17:40:00+00:00,2213.0,2213.5,2208.0,2208.0,10055
2026-07-30 20:40:00,2026-07-30 17:40:00+00:00,2026-07-30 17:50:00+00:00,2208.0,2209.0,2207.0,2207.5,11099
2026-07-30 20:50:00,2026-07-30 17:50:00+00:00,2026-07-30 18:00:00+00:00,2207.5,2209.0,2207.0,2209.0,5339
2026-07-30 21:00:00,2026-07-30 18:00:00+00:00,2026-07-30 18:10:00+00:00,2209.0,2211.0,2206.5,2210.5,10652
2026-07-30 21:10:00,2026-07-30 18:10:00+00:00,2026-07-30 18:20:00+00:00,2210.5,2211.5,2209.0,2211.5,3982
2026-07-30 21:20:00,2026-07-30 18:20:00+00:00,2026-07-30 18:30:00+00:00,2211.5,2214.5,2210.0,2214.5,10737
2026-07-30 21:30:00,2026-07-30 18:30:00+00:00,2026-07-30 18:40:00+00:00,2214.5,2216.5,2213.0,2216.0,8470
2026-07-30 21:40:00,2026-07-30 18:40:00+00:00,2026-07-30 18:50:00+00:00,2216.0,2218.0,2214.5,2217.0,10694
2026-07-30 21:50:00,2026-07-30 18:50:00+00:00,2026-07-30 19:00:00+00:00,2217.0,2217.5,2214.0,2214.0,5447
2026-07-30 22:00:00,2026-07-30 19:00:00+00:00,2026-07-30 19:10:00+00:00,2214.5,2216.5,2214.0,2215.5,3151
2026-07-30 22:10:00,2026-07-30 19:10:00+00:00,2026-07-30 19:20:00+00:00,2215.5,2216.0,2213.5,2213.5,4493
2026-07-30 22:20:00,2026-07-30 19:20:00+00:00,2026-07-30 19:30:00+00:00,2213.5,2215.0,2212.0,2214.5,5655
2026-07-30 22:30:00,2026-07-30 19:30:00+00:00,2026-07-30 19:40:00+00:00,2214.0,2215.0,2213.5,2214.0,1534
2026-07-30 22:40:00,2026-07-30 19:40:00+00:00,2026-07-30 19:50:00+00:00,2214.0,2215.0,2212.0,2213.0,3047
2026-07-30 22:50:00,2026-07-30 19:50:00+00:00,2026-07-30 20:00:00+00:00,2213.0,2214.5,2212.5,2214.0,2640
2026-07-30 23:00:00,2026-07-30 20:00:00+00:00,2026-07-30 20:10:00+00:00,2213.5,2214.5,2213.0,2213.5,1268
2026-07-30 23:10:00,2026-07-30 20:10:00+00:00,2026-07-30 20:20:00+00:00,2213.5,2215.0,2213.0,2215.0,1783
2026-07-30 23:20:00,2026-07-30 20:20:00+00:00,2026-07-30 20:30:00+00:00,2215.0,2215.5,2214.0,2215.0,1526
2026-07-30 23:30:00,2026-07-30 20:30:00+00:00,2026-07-30 20:40:00+00:00,2215.0,2215.0,2214.0,2215.0,1224
2026-07-30 23:40:00,2026-07-30 20:40:00+00:00,2026-07-30 20:50:00+00:00,2215.0,2215.5,2213.5,2214.5,3188
2026-07-31 06:50:00,2026-07-31 03:50:00+00:00,2026-07-31 04:00:00+00:00,2211.5,2211.5,2211.5,2211.5,232
2026-07-31 07:00:00,2026-07-31 04:00:00+00:00,2026-07-31 04:10:00+00:00,2211.5,2216.5,2208.0,2211.0,11227
2026-07-31 07:10:00,2026-07-31 04:10:00+00:00,2026-07-31 04:20:00+00:00,2211.5,2220.5,2211.5,2218.5,15564
2026-07-31 07:20:00,2026-07-31 04:20:00+00:00,2026-07-31 04:30:00+00:00,2218.5,2220.5,2216.0,2218.5,6303
2026-07-31 07:30:00,2026-07-31 04:30:00+00:00,2026-07-31 04:40:00+00:00,2218.5,2219.0,2209.5,2212.0,10945
2026-07-31 07:40:00,2026-07-31 04:40:00+00:00,2026-07-31 04:50:00+00:00,2212.0,2214.0,2209.0,2209.5,5430
2026-07-31 07:50:00,2026-07-31 04:50:00+00:00,2026-07-31 05:00:00+00:00,2210.0,2211.0,2194.0,2196.0,40360
2026-07-31 08:00:00,2026-07-31 05:00:00+00:00,2026-07-31 05:10:00+00:00,2195.5,2202.5,2194.5,2198.0,16902
2026-07-31 08:10:00,2026-07-31 05:10:00+00:00,2026-07-31 05:20:00+00:00,2198.0,2200.0,2194.5,2199.0,11159
2026-07-31 08:20:00,2026-07-31 05:20:00+00:00,2026-07-31 05:30:00+00:00,2199.0,2199.5,2189.5,2196.5,20730
2026-07-31 08:30:00,2026-07-31 05:30:00+00:00,2026-07-31 05:40:00+00:00,2196.5,2197.0,2187.5,2189.5,18096
2026-07-31 08:40:00,2026-07-31 05:40:00+00:00,2026-07-31 05:50:00+00:00,2190.0,2196.0,2189.5,2194.0,14841
2026-07-31 08:50:00,2026-07-31 05:50:00+00:00,2026-07-31 06:00:00+00:00,2194.0,2198.0,2194.0,2197.0,9064
2026-07-31 09:00:00,2026-07-31 06:00:00+00:00,2026-07-31 06:10:00+00:00,2197.0,2208.0,2193.0,2204.5,36033
2026-07-31 09:10:00,2026-07-31 06:10:00+00:00,2026-07-31 06:20:00+00:00,2204.5,2208.0,2196.5,2202.0,27661
2026-07-31 09:20:00,2026-07-31 06:20:00+00:00,2026-07-31 06:30:00+00:00,2202.0,2204.0,2198.0,2200.5,8205
2026-07-31 09:30:00,2026-07-31 06:30:00+00:00,2026-07-31 06:40:00+00:00,2200.0,2208.0,2197.0,2205.0,13050
2026-07-31 09:40:00,2026-07-31 06:40:00+00:00,2026-07-31 06:50:00+00:00,2205.0,2206.5,2202.5,2204.0,5012
2026-07-31 09:50:00,2026-07-31 06:50:00+00:00,2026-07-31 07:00:00+00:00,2204.0,2204.5,2196.5,2199.0,12061
2026-07-31 10:00:00,2026-07-31 07:00:00+00:00,2026-07-31 07:10:00+00:00,2199.5,2200.5,2189.5,2191.5,41450
2026-07-31 10:10:00,2026-07-31 07:10:00+00:00,2026-07-31 07:20:00+00:00,2192.0,2203.5,2189.0,2202.5,49662
2026-07-31 10:20:00,2026-07-31 07:20:00+00:00,2026-07-31 07:30:00+00:00,2202.0,2212.5,2200.5,2211.0,51484
2026-07-31 10:30:00,2026-07-31 07:30:00+00:00,2026-07-31 07:40:00+00:00,2211.5,2219.0,2208.0,2214.0,60586
2026-07-31 10:40:00,2026-07-31 07:40:00+00:00,2026-07-31 07:50:00+00:00,2214.5,2215.0,2207.0,2209.0,20895
2026-07-31 10:50:00,2026-07-31 07:50:00+00:00,2026-07-31 08:00:00+00:00,2209.5,2214.5,2208.0,2208.5,22779
2026-07-31 11:00:00,2026-07-31 08:00:00+00:00,2026-07-31 08:10:00+00:00,2208.5,2210.5,2202.0,2202.0,23826
2026-07-31 11:10:00,2026-07-31 08:10:00+00:00,2026-07-31 08:20:00+00:00,2201.5,2203.0,2197.0,2202.0,25957
2026-07-31 11:20:00,2026-07-31 08:20:00+00:00,2026-07-31 08:30:00+00:00,2201.0,2208.0,2201.0,2206.0,14886
2026-07-31 11:30:00,2026-07-31 08:30:00+00:00,2026-07-31 08:40:00+00:00,2205.5,2209.0,2199.5,2201.0,10457
2026-07-31 11:40:00,2026-07-31 08:40:00+00:00,2026-07-31 08:50:00+00:00,2200.5,2203.0,2198.0,2200.0,10583
2026-07-31 11:50:00,2026-07-31 08:50:00+00:00,2026-07-31 09:00:00+00:00,2199.5,2202.5,2199.0,2200.5,6477
2026-07-31 12:00:00,2026-07-31 09:00:00+00:00,2026-07-31 09:10:00+00:00,2200.5,2206.5,2200.0,2202.5,12075
2026-07-31 12:10:00,2026-07-31 09:10:00+00:00,2026-07-31 09:20:00+00:00,2202.5,2220.0,2202.5,2214.0,55796
2026-07-31 12:20:00,2026-07-31 09:20:00+00:00,2026-07-31 09:30:00+00:00,2214.5,2215.0,2208.0,2209.5,16014
2026-07-31 12:30:00,2026-07-31 09:30:00+00:00,2026-07-31 09:40:00+00:00,2210.0,2217.0,2209.0,2217.0,15707
2026-07-31 12:40:00,2026-07-31 09:40:00+00:00,2026-07-31 09:50:00+00:00,2217.0,2224.5,2211.5,2222.0,34558
2026-07-31 12:50:00,2026-07-31 09:50:00+00:00,2026-07-31 10:00:00+00:00,2222.0,2225.0,2216.5,2221.5,33456
2026-07-31 13:00:00,2026-07-31 10:00:00+00:00,2026-07-31 10:10:00+00:00,2221.5,2228.0,2219.0,2222.5,31659
2026-07-31 13:10:00,2026-07-31 10:10:00+00:00,2026-07-31 10:20:00+00:00,2222.0,2227.0,2221.0,2224.0,12248
2026-07-31 13:20:00,2026-07-31 10:20:00+00:00,2026-07-31 10:30:00+00:00,2223.5,2224.0,2217.5,2220.0,21739
2026-07-31 13:30:00,2026-07-31 10:30:00+00:00,2026-07-31 10:40:00+00:00,2220.5,2224.0,2218.5,2223.0,8675
2026-07-31 13:40:00,2026-07-31 10:40:00+00:00,2026-07-31 10:50:00+00:00,2222.5,2225.0,2219.5,2222.5,15727
2026-07-31 13:50:00,2026-07-31 10:50:00+00:00,2026-07-31 11:00:00+00:00,2222.5,2226.5,2221.0,2226.5,10633
2026-07-31 14:00:00,2026-07-31 11:00:00+00:00,2026-07-31 11:10:00+00:00,2226.0,2227.5,2221.0,2222.0,19271
2026-07-31 14:10:00,2026-07-31 11:10:00+00:00,2026-07-31 11:20:00+00:00,2222.5,2230.0,2221.5,2229.5,12753
2026-07-31 14:20:00,2026-07-31 11:20:00+00:00,2026-07-31 11:30:00+00:00,2230.0,2234.0,2227.0,2230.5,35451
2026-07-31 14:30:00,2026-07-31 11:30:00+00:00,2026-07-31 11:40:00+00:00,2230.5,2234.0,2226.5,2228.5,28608
2026-07-31 14:40:00,2026-07-31 11:40:00+00:00,2026-07-31 11:50:00+00:00,2228.0,2230.0,2227.0,2227.0,10585
2026-07-31 14:50:00,2026-07-31 11:50:00+00:00,2026-07-31 12:00:00+00:00,2227.0,2232.5,2227.0,2229.0,13372
2026-07-31 15:00:00,2026-07-31 12:00:00+00:00,2026-07-31 12:10:00+00:00,2229.5,2232.5,2227.5,2227.5,12812
2026-07-31 15:10:00,2026-07-31 12:10:00+00:00,2026-07-31 12:20:00+00:00,2227.5,2227.5,2211.5,2214.5,60337
2026-07-31 15:20:00,2026-07-31 12:20:00+00:00,2026-07-31 12:30:00+00:00,2214.5,2224.0,2214.5,2218.5,37192
2026-07-31 15:30:00,2026-07-31 12:30:00+00:00,2026-07-31 12:40:00+00:00,2219.0,2220.5,2215.0,2216.0,12252
2026-07-31 15:40:00,2026-07-31 12:40:00+00:00,2026-07-31 12:50:00+00:00,2215.5,2218.0,2208.5,2213.0,32737
2026-07-31 15:50:00,2026-07-31 12:50:00+00:00,2026-07-31 13:00:00+00:00,2212.5,2213.0,2204.5,2206.5,28568
2026-07-31 16:00:00,2026-07-31 13:00:00+00:00,2026-07-31 13:10:00+00:00,2206.0,2210.0,2203.0,2203.5,23537
2026-07-31 16:10:00,2026-07-31 13:10:00+00:00,2026-07-31 13:20:00+00:00,2203.5,2210.5,2203.5,2210.0,18048
2026-07-31 16:20:00,2026-07-31 13:20:00+00:00,2026-07-31 13:30:00+00:00,2209.5,2214.0,2209.0,2212.0,14783
2026-07-31 16:30:00,2026-07-31 13:30:00+00:00,2026-07-31 13:40:00+00:00,2212.0,2213.0,2206.0,2206.0,12488
2026-07-31 16:40:00,2026-07-31 13:40:00+00:00,2026-07-31 13:50:00+00:00,2206.5,2211.0,2206.5,2209.5,7245
2026-07-31 16:50:00,2026-07-31 13:50:00+00:00,2026-07-31 14:00:00+00:00,2210.0,2216.5,2210.0,2212.5,15662
2026-07-31 17:00:00,2026-07-31 14:00:00+00:00,2026-07-31 14:10:00+00:00,2213.0,2217.5,2211.5,2213.5,10749
2026-07-31 17:10:00,2026-07-31 14:10:00+00:00,2026-07-31 14:20:00+00:00,2213.5,2215.5,2206.5,2210.0,20828
2026-07-31 17:20:00,2026-07-31 14:20:00+00:00,2026-07-31 14:30:00+00:00,2210.5,2219.5,2209.5,2217.0,21598
2026-07-31 17:30:00,2026-07-31 14:30:00+00:00,2026-07-31 14:40:00+00:00,2217.0,2233.5,2217.0,2224.0,81588
2026-07-31 17:40:00,2026-07-31 14:40:00+00:00,2026-07-31 14:50:00+00:00,2224.0,2226.5,2222.5,2224.0,17249
2026-07-31 17:50:00,2026-07-31 14:50:00+00:00,2026-07-31 15:00:00+00:00,2223.5,2225.0,2221.0,2221.0,12473
2026-07-31 18:00:00,2026-07-31 15:00:00+00:00,2026-07-31 15:10:00+00:00,2222.0,2223.0,2218.5,2220.5,13519
2026-07-31 18:10:00,2026-07-31 15:10:00+00:00,2026-07-31 15:20:00+00:00,2219.5,2220.0,2213.0,2215.0,26198
2026-07-31 18:20:00,2026-07-31 15:20:00+00:00,2026-07-31 15:30:00+00:00,2215.0,2219.5,2215.0,2218.0,11712
2026-07-31 18:30:00,2026-07-31 15:30:00+00:00,2026-07-31 15:40:00+00:00,2218.0,2227.0,2215.0,2223.0,19021
2026-07-31 18:40:00,2026-07-31 15:40:00+00:00,2026-07-31 15:50:00+00:00,2223.0,2226.0,2218.5,2218.5,10224
2026-07-31 18:50:00,2026-07-31 15:50:00+00:00,2026-07-31 16:00:00+00:00,2219.0,2225.5,2219.0,2224.0,9083
2026-07-31 19:00:00,2026-07-31 16:00:00+00:00,2026-07-31 16:10:00+00:00,2224.0,2226.0,2221.0,2224.5,9745
2026-07-31 19:10:00,2026-07-31 16:10:00+00:00,2026-07-31 16:20:00+00:00,2224.5,2225.0,2221.5,2224.5,4605
2026-07-31 19:20:00,2026-07-31 16:20:00+00:00,2026-07-31 16:30:00+00:00,2224.5,2228.0,2223.0,2225.0,11912
2026-07-31 19:30:00,2026-07-31 16:30:00+00:00,2026-07-31 16:40:00+00:00,2225.5,2228.5,2224.0,2224.0,6543
2026-07-31 19:40:00,2026-07-31 16:40:00+00:00,2026-07-31 16:50:00+00:00,2224.0,2226.0,2223.5,2224.0,3285
2026-07-31 19:50:00,2026-07-31 16:50:00+00:00,2026-07-31 17:00:00+00:00,2224.5,2225.5,2221.5,2222.5,7615
2026-07-31 20:00:00,2026-07-31 17:00:00+00:00,2026-07-31 17:10:00+00:00,2223.0,2226.0,2222.5,2223.5,2202
2026-07-31 20:10:00,2026-07-31 17:10:00+00:00,2026-07-31 17:20:00+00:00,2223.0,2225.0,2222.5,2223.5,2563
2026-07-31 20:20:00,2026-07-31 17:20:00+00:00,2026-07-31 17:30:00+00:00,2223.5,2224.0,2222.0,2224.0,3049
2026-07-31 20:30:00,2026-07-31 17:30:00+00:00,2026-07-31 17:40:00+00:00,2223.0,2225.5,2223.0,2224.5,1737
2026-07-31 20:40:00,2026-07-31 17:40:00+00:00,2026-07-31 17:50:00+00:00,2224.5,2227.0,2224.0,2225.0,3200
2026-07-31 20:50:00,2026-07-31 17:50:00+00:00,2026-07-31 18:00:00+00:00,2225.0,2227.0,2224.5,2227.0,1377
2026-07-31 21:00:00,2026-07-31 18:00:00+00:00,2026-07-31 18:10:00+00:00,2227.0,2228.0,2226.0,2226.5,3969
2026-07-31 21:10:00,2026-07-31 18:10:00+00:00,2026-07-31 18:20:00+00:00,2226.5,2229.0,2225.0,2227.0,3672
2026-07-31 21:20:00,2026-07-31 18:20:00+00:00,2026-07-31 18:30:00+00:00,2227.0,2227.5,2227.0,2227.0,1434
2026-07-31 21:30:00,2026-07-31 18:30:00+00:00,2026-07-31 18:40:00+00:00,2227.5,2230.0,2226.5,2228.0,6849
2026-07-31 21:40:00,2026-07-31 18:40:00+00:00,2026-07-31 18:50:00+00:00,2228.0,2231.5,2228.0,2230.5,5009
2026-07-31 21:50:00,2026-07-31 18:50:00+00:00,2026-07-31 19:00:00+00:00,2231.0,2231.5,2227.5,2228.5,2806
2026-07-31 22:00:00,2026-07-31 19:00:00+00:00,2026-07-31 19:10:00+00:00,2228.5,2230.0,2228.5,2230.0,1952
2026-07-31 22:10:00,2026-07-31 19:10:00+00:00,2026-07-31 19:20:00+00:00,2229.5,2230.5,2229.0,2230.5,4467
2026-07-31 22:20:00,2026-07-31 19:20:00+00:00,2026-07-31 19:30:00+00:00,2230.5,2232.5,2230.0,2230.0,6712
2026-07-31 22:30:00,2026-07-31 19:30:00+00:00,2026-07-31 19:40:00+00:00,2230.0,2232.0,2230.0,2231.5,1892
2026-07-31 22:40:00,2026-07-31 19:40:00+00:00,2026-07-31 19:50:00+00:00,2231.5,2233.5,2231.0,2233.5,3586
2026-07-31 22:50:00,2026-07-31 19:50:00+00:00,2026-07-31 20:00:00+00:00,2233.5,2234.0,2231.5,2232.0,2597
2026-07-31 23:00:00,2026-07-31 20:00:00+00:00,2026-07-31 20:10:00+00:00,2232.5,2233.0,2228.5,2228.5,5963
2026-07-31 23:10:00,2026-07-31 20:10:00+00:00,2026-07-31 20:20:00+00:00,2229.0,2230.5,2228.5,2229.5,2095
2026-07-31 23:20:00,2026-07-31 20:20:00+00:00,2026-07-31 20:30:00+00:00,2229.5,2233.0,2229.5,2232.0,4921
2026-07-31 23:30:00,2026-07-31 20:30:00+00:00,2026-07-31 20:40:00+00:00,2231.5,2232.0,2231.0,2231.5,2148
2026-07-31 23:40:00,2026-07-31 20:40:00+00:00,2026-07-31 20:50:00+00:00,2231.5,2235.0,2231.0,2234.0,6665
2026-08-03 06:50:00,2026-08-03 03:50:00+00:00,2026-08-03 04:00:00+00:00,2232.5,2232.5,2232.5,2232.5,874
2026-08-03 07:00:00,2026-08-03 04:00:00+00:00,2026-08-03 04:10:00+00:00,2232.0,2232.0,2221.5,2228.0,19375
2026-08-03 07:10:00,2026-08-03 04:10:00+00:00,2026-08-03 04:20:00+00:00,2227.5,2244.5,2227.0,2241.0,14284
2026-08-03 07:20:00,2026-08-03 04:20:00+00:00,2026-08-03 04:30:00+00:00,2241.0,2244.5,2238.0,2239.5,15118
2026-08-03 07:30:00,2026-08-03 04:30:00+00:00,2026-08-03 04:40:00+00:00,2239.5,2245.5,2239.0,2241.0,10337
2026-08-03 07:40:00,2026-08-03 04:40:00+00:00,2026-08-03 04:50:00+00:00,2241.5,2244.5,2240.0,2243.0,4757
2026-08-03 07:50:00,2026-08-03 04:50:00+00:00,2026-08-03 05:00:00+00:00,2243.0,2245.0,2240.5,2240.5,4192
2026-08-03 08:00:00,2026-08-03 05:00:00+00:00,2026-08-03 05:10:00+00:00,2241.0,2242.5,2239.5,2241.0,3288
2026-08-03 08:10:00,2026-08-03 05:10:00+00:00,2026-08-03 05:20:00+00:00,2241.0,2242.0,2239.0,2242.0,2180
2026-08-03 08:20:00,2026-08-03 05:20:00+00:00,2026-08-03 05:30:00+00:00,2242.5,2248.5,2241.5,2245.0,14943
2026-08-03 08:30:00,2026-08-03 05:30:00+00:00,2026-08-03 05:40:00+00:00,2243.5,2245.5,2242.5,2245.5,5908
2026-08-03 08:40:00,2026-08-03 05:40:00+00:00,2026-08-03 05:50:00+00:00,2245.5,2248.0,2245.5,2245.5,6964
2026-08-03 08:50:00,2026-08-03 05:50:00+00:00,2026-08-03 06:00:00+00:00,2246.5,2248.5,2244.0,2245.5,5046
2026-08-03 09:00:00,2026-08-03 06:00:00+00:00,2026-08-03 06:10:00+00:00,2245.5,2252.0,2245.5,2249.0,19553
2026-08-03 09:10:00,2026-08-03 06:10:00+00:00,2026-08-03 06:20:00+00:00,2249.0,2250.0,2242.0,2242.5,11654
2026-08-03 09:20:00,2026-08-03 06:20:00+00:00,2026-08-03 06:30:00+00:00,2242.5,2246.5,2240.0,2241.0,11721
2026-08-03 09:30:00,2026-08-03 06:30:00+00:00,2026-08-03 06:40:00+00:00,2240.5,2244.5,2238.5,2241.0,15933
2026-08-03 09:40:00,2026-08-03 06:40:00+00:00,2026-08-03 06:50:00+00:00,2241.0,2243.0,2239.5,2242.0,4298
2026-08-03 09:50:00,2026-08-03 06:50:00+00:00,2026-08-03 07:00:00+00:00,2242.0,2245.5,2241.5,2244.5,11306
2026-08-03 10:00:00,2026-08-03 07:00:00+00:00,2026-08-03 07:10:00+00:00,2245.0,2245.0,2239.5,2242.0,12142
2026-08-03 10:10:00,2026-08-03 07:10:00+00:00,2026-08-03 07:20:00+00:00,2241.5,2257.0,2241.5,2253.0,45961
2026-08-03 10:20:00,2026-08-03 07:20:00+00:00,2026-08-03 07:30:00+00:00,2253.0,2255.5,2249.0,2251.5,19025
2026-08-03 10:30:00,2026-08-03 07:30:00+00:00,2026-08-03 07:40:00+00:00,2252.0,2256.0,2249.5,2256.0,17640
2026-08-03 10:40:00,2026-08-03 07:40:00+00:00,2026-08-03 07:50:00+00:00,2256.0,2259.0,2252.0,2255.0,21614
2026-08-03 10:50:00,2026-08-03 07:50:00+00:00,2026-08-03 08:00:00+00:00,2255.5,2256.5,2253.5,2254.5,8446
2026-08-03 11:00:00,2026-08-03 08:00:00+00:00,2026-08-03 08:10:00+00:00,2254.5,2263.0,2254.5,2256.5,22888
2026-08-03 11:10:00,2026-08-03 08:10:00+00:00,2026-08-03 08:20:00+00:00,2256.5,2256.5,2253.5,2255.5,10906
2026-08-03 11:20:00,2026-08-03 08:20:00+00:00,2026-08-03 08:30:00+00:00,2255.0,2255.5,2252.0,2253.0,8922
2026-08-03 11:30:00,2026-08-03 08:30:00+00:00,2026-08-03 08:40:00+00:00,2253.0,2259.0,2253.0,2256.0,11791
2026-08-03 11:40:00,2026-08-03 08:40:00+00:00,2026-08-03 08:50:00+00:00,2256.0,2261.5,2256.0,2260.0,9519
2026-08-03 11:50:00,2026-08-03 08:50:00+00:00,2026-08-03 09:00:00+00:00,2260.5,2263.0,2256.5,2257.0,23315
2026-08-03 12:00:00,2026-08-03 09:00:00+00:00,2026-08-03 09:10:00+00:00,2257.5,2259.0,2254.5,2255.5,11610
2026-08-03 12:10:00,2026-08-03 09:10:00+00:00,2026-08-03 09:20:00+00:00,2255.5,2258.0,2253.5,2253.5,16436
2026-08-03 12:20:00,2026-08-03 09:20:00+00:00,2026-08-03 09:30:00+00:00,2254.0,2256.5,2252.5,2255.0,8038
2026-08-03 12:30:00,2026-08-03 09:30:00+00:00,2026-08-03 09:40:00+00:00,2255.0,2256.0,2252.5,2254.0,8915
2026-08-03 12:40:00,2026-08-03 09:40:00+00:00,2026-08-03 09:50:00+00:00,2254.0,2259.0,2253.5,2255.0,8146
2026-08-03 12:50:00,2026-08-03 09:50:00+00:00,2026-08-03 10:00:00+00:00,2255.5,2257.5,2252.5,2255.0,5217
2026-08-03 13:00:00,2026-08-03 10:00:00+00:00,2026-08-03 10:10:00+00:00,2255.0,2256.0,2253.0,2254.5,4513
2026-08-03 13:10:00,2026-08-03 10:10:00+00:00,2026-08-03 10:20:00+00:00,2254.5,2255.0,2245.0,2247.5,26459
2026-08-03 13:20:00,2026-08-03 10:20:00+00:00,2026-08-03 10:30:00+00:00,2247.0,2251.5,2247.0,2250.5,7480
2026-08-03 13:30:00,2026-08-03 10:30:00+00:00,2026-08-03 10:40:00+00:00,2250.5,2251.5,2249.5,2249.5,5423
2026-08-03 13:40:00,2026-08-03 10:40:00+00:00,2026-08-03 10:50:00+00:00,2250.0,2253.0,2248.0,2251.0,7585
2026-08-03 13:50:00,2026-08-03 10:50:00+00:00,2026-08-03 11:00:00+00:00,2250.0,2254.0,2249.0,2253.0,5393
2026-08-03 14:00:00,2026-08-03 11:00:00+00:00,2026-08-03 11:10:00+00:00,2253.0,2253.5,2249.0,2251.0,4228
2026-08-03 14:10:00,2026-08-03 11:10:00+00:00,2026-08-03 11:20:00+00:00,2251.0,2251.5,2249.0,2251.5,2357
2026-08-03 14:20:00,2026-08-03 11:20:00+00:00,2026-08-03 11:30:00+00:00,2251.5,2257.5,2251.5,2255.5,14061
2026-08-03 14:30:00,2026-08-03 11:30:00+00:00,2026-08-03 11:40:00+00:00,2255.5,2259.5,2255.5,2257.5,17076
2026-08-03 14:40:00,2026-08-03 11:40:00+00:00,2026-08-03 11:50:00+00:00,2257.5,2258.5,2256.5,2257.5,6093
2026-08-03 14:50:00,2026-08-03 11:50:00+00:00,2026-08-03 12:00:00+00:00,2257.5,2257.5,2254.5,2255.5,4635
2026-08-03 15:00:00,2026-08-03 12:00:00+00:00,2026-08-03 12:10:00+00:00,2255.5,2257.0,2252.0,2254.5,7787
2026-08-03 15:10:00,2026-08-03 12:10:00+00:00,2026-08-03 12:20:00+00:00,2254.0,2264.5,2254.0,2262.0,26124
2026-08-03 15:20:00,2026-08-03 12:20:00+00:00,2026-08-03 12:30:00+00:00,2262.0,2264.0,2260.0,2261.5,11906
2026-08-03 15:30:00,2026-08-03 12:30:00+00:00,2026-08-03 12:40:00+00:00,2262.0,2263.0,2258.5,2261.5,8913
2026-08-03 15:40:00,2026-08-03 12:40:00+00:00,2026-08-03 12:50:00+00:00,2261.0,2263.0,2259.0,2260.5,9740
2026-08-03 15:50:00,2026-08-03 12:50:00+00:00,2026-08-03 13:00:00+00:00,2259.5,2261.5,2258.0,2258.0,6277
2026-08-03 16:00:00,2026-08-03 13:00:00+00:00,2026-08-03 13:10:00+00:00,2258.0,2262.0,2258.0,2261.5,3305
2026-08-03 16:10:00,2026-08-03 13:10:00+00:00,2026-08-03 13:20:00+00:00,2262.0,2263.0,2258.5,2259.0,10067
2026-08-03 16:20:00,2026-08-03 13:20:00+00:00,2026-08-03 13:30:00+00:00,2259.5,2265.5,2259.0,2259.5,13672
2026-08-03 16:30:00,2026-08-03 13:30:00+00:00,2026-08-03 13:40:00+00:00,2259.0,2260.0,2255.0,2255.5,14211
2026-08-03 16:40:00,2026-08-03 13:40:00+00:00,2026-08-03 13:50:00+00:00,2255.5,2257.5,2255.0,2256.0,9260
2026-08-03 16:50:00,2026-08-03 13:50:00+00:00,2026-08-03 14:00:00+00:00,2256.0,2257.0,2252.0,2254.5,16362
2026-08-03 17:00:00,2026-08-03 14:00:00+00:00,2026-08-03 14:10:00+00:00,2254.5,2258.5,2254.0,2256.5,13990
2026-08-03 17:10:00,2026-08-03 14:10:00+00:00,2026-08-03 14:20:00+00:00,2257.0,2260.5,2256.0,2258.5,8680
2026-08-03 17:20:00,2026-08-03 14:20:00+00:00,2026-08-03 14:30:00+00:00,2257.5,2259.5,2255.5,2256.0,4173
2026-08-03 17:30:00,2026-08-03 14:30:00+00:00,2026-08-03 14:40:00+00:00,2256.5,2259.0,2255.5,2257.5,3152
2026-08-03 17:40:00,2026-08-03 14:40:00+00:00,2026-08-03 14:50:00+00:00,2258.0,2262.0,2256.5,2260.0,7321
2026-08-03 17:50:00,2026-08-03 14:50:00+00:00,2026-08-03 15:00:00+00:00,2260.0,2260.5,2257.0,2259.0,4687
2026-08-03 18:00:00,2026-08-03 15:00:00+00:00,2026-08-03 15:10:00+00:00,2259.0,2261.0,2257.0,2260.0,6387
2026-08-03 18:10:00,2026-08-03 15:10:00+00:00,2026-08-03 15:20:00+00:00,2259.0,2262.5,2258.5,2259.0,11185
2026-08-03 18:20:00,2026-08-03 15:20:00+00:00,2026-08-03 15:30:00+00:00,2260.0,2261.5,2257.5,2260.5,4250
2026-08-03 18:30:00,2026-08-03 15:30:00+00:00,2026-08-03 15:40:00+00:00,2261.0,2265.0,2261.0,2262.0,13437
2026-08-03 18:40:00,2026-08-03 15:40:00+00:00,2026-08-03 15:50:00+00:00,2261.5,2263.5,2259.5,2260.0,7552
2026-08-03 18:50:00,2026-08-03 15:50:00+00:00,2026-08-03 16:00:00+00:00,2260.0,2264.5,2260.0,2264.0,6769
2026-08-03 19:00:00,2026-08-03 16:00:00+00:00,2026-08-03 16:10:00+00:00,2264.0,2268.0,2263.0,2266.0,19003
2026-08-03 19:10:00,2026-08-03 16:10:00+00:00,2026-08-03 16:20:00+00:00,2266.0,2268.0,2265.0,2267.5,5034
2026-08-03 19:20:00,2026-08-03 16:20:00+00:00,2026-08-03 16:30:00+00:00,2267.5,2268.0,2264.5,2264.5,6868
2026-08-03 19:30:00,2026-08-03 16:30:00+00:00,2026-08-03 16:40:00+00:00,2264.5,2267.0,2264.5,2266.5,4252
2026-08-03 19:40:00,2026-08-03 16:40:00+00:00,2026-08-03 16:50:00+00:00,2266.0,2266.5,2263.0,2263.0,5412
2026-08-03 19:50:00,2026-08-03 16:50:00+00:00,2026-08-03 17:00:00+00:00,2263.0,2263.5,2261.0,2263.5,8752
2026-08-03 20:00:00,2026-08-03 17:00:00+00:00,2026-08-03 17:10:00+00:00,2263.5,2264.0,2260.5,2261.5,5292
2026-08-03 20:10:00,2026-08-03 17:10:00+00:00,2026-08-03 17:20:00+00:00,2261.0,2263.5,2259.5,2262.5,4704
2026-08-03 20:20:00,2026-08-03 17:20:00+00:00,2026-08-03 17:30:00+00:00,2263.5,2263.5,2262.5,2263.5,1673
2026-08-03 20:30:00,2026-08-03 17:30:00+00:00,2026-08-03 17:40:00+00:00,2263.0,2264.5,2263.0,2264.0,2525
2026-08-03 20:40:00,2026-08-03 17:40:00+00:00,2026-08-03 17:50:00+00:00,2264.0,2267.0,2263.5,2265.5,2556
2026-08-03 20:50:00,2026-08-03 17:50:00+00:00,2026-08-03 18:00:00+00:00,2265.5,2268.0,2265.0,2266.5,4976
2026-08-03 21:00:00,2026-08-03 18:00:00+00:00,2026-08-03 18:10:00+00:00,2266.5,2267.5,2264.5,2265.0,2681
2026-08-03 21:10:00,2026-08-03 18:10:00+00:00,2026-08-03 18:20:00+00:00,2265.0,2266.0,2264.5,2265.0,1804
2026-08-03 21:20:00,2026-08-03 18:20:00+00:00,2026-08-03 18:30:00+00:00,2264.5,2265.0,2262.0,2263.0,3585
2026-08-03 21:30:00,2026-08-03 18:30:00+00:00,2026-08-03 18:40:00+00:00,2264.0,2264.0,2262.5,2263.5,1306
2026-08-03 21:40:00,2026-08-03 18:40:00+00:00,2026-08-03 18:50:00+00:00,2263.0,2265.5,2263.0,2265.5,1530
2026-08-03 21:50:00,2026-08-03 18:50:00+00:00,2026-08-03 19:00:00+00:00,2265.0,2267.0,2264.5,2265.5,2581
2026-08-03 22:00:00,2026-08-03 19:00:00+00:00,2026-08-03 19:10:00+00:00,2266.0,2267.0,2265.0,2267.0,1856
2026-08-03 22:10:00,2026-08-03 19:10:00+00:00,2026-08-03 19:20:00+00:00,2267.0,2267.5,2266.0,2267.0,3078
2026-08-03 22:20:00,2026-08-03 19:20:00+00:00,2026-08-03 19:30:00+00:00,2266.5,2267.0,2265.5,2266.5,1633
2026-08-03 22:30:00,2026-08-03 19:30:00+00:00,2026-08-03 19:40:00+00:00,2266.5,2267.0,2265.0,2266.0,1666
2026-08-03 22:40:00,2026-08-03 19:40:00+00:00,2026-08-03 19:50:00+00:00,2266.0,2267.5,2265.0,2267.5,1597
2026-08-03 22:50:00,2026-08-03 19:50:00+00:00,2026-08-03 20:00:00+00:00,2267.0,2267.5,2266.0,2267.0,2832
2026-08-03 23:00:00,2026-08-03 20:00:00+00:00,2026-08-03 20:10:00+00:00,2267.0,2268.0,2266.5,2267.0,3670
2026-08-03 23:10:00,2026-08-03 20:10:00+00:00,2026-08-03 20:20:00+00:00,2267.5,2272.0,2267.0,2270.5,15219
2026-08-03 23:20:00,2026-08-03 20:20:00+00:00,2026-08-03 20:30:00+00:00,2271.0,2271.5,2268.0,2268.5,7365
2026-08-03 23:30:00,2026-08-03 20:30:00+00:00,2026-08-03 20:40:00+00:00,2268.5,2269.5,2267.0,2268.5,3556
2026-08-03 23:40:00,2026-08-03 20:40:00+00:00,2026-08-03 20:50:00+00:00,2268.5,2271.5,2267.5,2270.0,5224
2026-08-04 06:50:00,2026-08-04 03:50:00+00:00,2026-08-04 04:00:00+00:00,2272.0,2272.0,2272.0,2272.0,161
2026-08-04 07:00:00,2026-08-04 04:00:00+00:00,2026-08-04 04:10:00+00:00,2272.0,2281.0,2266.5,2277.5,27051
2026-08-04 07:10:00,2026-08-04 04:10:00+00:00,2026-08-04 04:20:00+00:00,2277.5,2278.0,2271.0,2276.0,9864
2026-08-04 07:20:00,2026-08-04 04:20:00+00:00,2026-08-04 04:30:00+00:00,2276.5,2279.0,2275.5,2276.0,8634
2026-08-04 07:30:00,2026-08-04 04:30:00+00:00,2026-08-04 04:40:00+00:00,2276.5,2278.0,2276.0,2277.0,6055
2026-08-04 07:40:00,2026-08-04 04:40:00+00:00,2026-08-04 04:50:00+00:00,2277.5,2279.5,2277.0,2279.0,3913
2026-08-04 07:50:00,2026-08-04 04:50:00+00:00,2026-08-04 05:00:00+00:00,2279.5,2279.5,2276.0,2276.0,5975
2026-08-04 08:00:00,2026-08-04 05:00:00+00:00,2026-08-04 05:10:00+00:00,2276.0,2276.5,2270.5,2270.5,8727
2026-08-04 08:10:00,2026-08-04 05:10:00+00:00,2026-08-04 05:20:00+00:00,2270.5,2272.5,2268.0,2268.5,12269
2026-08-04 08:20:00,2026-08-04 05:20:00+00:00,2026-08-04 05:30:00+00:00,2268.5,2269.0,2263.0,2264.5,24309
2026-08-04 08:30:00,2026-08-04 05:30:00+00:00,2026-08-04 05:40:00+00:00,2264.5,2266.0,2259.0,2261.0,19129
2026-08-04 08:40:00,2026-08-04 05:40:00+00:00,2026-08-04 05:50:00+00:00,2261.0,2264.0,2260.0,2260.0,8523
2026-08-04 08:50:00,2026-08-04 05:50:00+00:00,2026-08-04 06:00:00+00:00,2259.5,2260.0,2256.5,2258.5,18133
2026-08-04 09:00:00,2026-08-04 06:00:00+00:00,2026-08-04 06:10:00+00:00,2258.5,2264.5,2256.5,2264.0,19226
2026-08-04 09:10:00,2026-08-04 06:10:00+00:00,2026-08-04 06:20:00+00:00,2264.0,2264.5,2261.5,2261.5,12883
2026-08-04 09:20:00,2026-08-04 06:20:00+00:00,2026-08-04 06:30:00+00:00,2262.0,2263.5,2260.5,2263.5,5222
2026-08-04 09:30:00,2026-08-04 06:30:00+00:00,2026-08-04 06:40:00+00:00,2263.5,2264.0,2257.0,2258.0,10471
2026-08-04 09:40:00,2026-08-04 06:40:00+00:00,2026-08-04 06:50:00+00:00,2258.5,2262.0,2257.5,2260.0,6093
2026-08-04 09:50:00,2026-08-04 06:50:00+00:00,2026-08-04 07:00:00+00:00,2259.5,2260.0,2254.0,2256.5,17666
2026-08-04 10:00:00,2026-08-04 07:00:00+00:00,2026-08-04 07:10:00+00:00,2256.5,2258.5,2252.5,2256.5,20351
2026-08-04 10:10:00,2026-08-04 07:10:00+00:00,2026-08-04 07:20:00+00:00,2256.0,2256.0,2244.5,2245.0,54943
2026-08-04 10:20:00,2026-08-04 07:20:00+00:00,2026-08-04 07:30:00+00:00,2245.0,2254.0,2244.0,2253.0,41435
2026-08-04 10:30:00,2026-08-04 07:30:00+00:00,2026-08-04 07:40:00+00:00,2252.5,2258.0,2252.5,2255.5,17599
2026-08-04 10:40:00,2026-08-04 07:40:00+00:00,2026-08-04 07:50:00+00:00,2255.5,2262.0,2255.5,2259.0,26770
2026-08-04 10:50:00,2026-08-04 07:50:00+00:00,2026-08-04 08:00:00+00:00,2259.0,2259.5,2256.5,2258.0,9631
2026-08-04 11:00:00,2026-08-04 08:00:00+00:00,2026-08-04 08:10:00+00:00,2258.0,2259.0,2252.0,2253.0,17146
2026-08-04 11:10:00,2026-08-04 08:10:00+00:00,2026-08-04 08:20:00+00:00,2253.0,2256.5,2250.5,2254.0,19704
2026-08-04 11:20:00,2026-08-04 08:20:00+00:00,2026-08-04 08:30:00+00:00,2253.5,2258.0,2252.0,2256.5,10206
2026-08-04 11:30:00,2026-08-04 08:30:00+00:00,2026-08-04 08:40:00+00:00,2256.5,2264.5,2256.0,2261.0,32378
2026-08-04 11:40:00,2026-08-04 08:40:00+00:00,2026-08-04 08:50:00+00:00,2261.0,2262.0,2259.5,2261.0,11561
2026-08-04 11:50:00,2026-08-04 08:50:00+00:00,2026-08-04 09:00:00+00:00,2260.5,2263.5,2259.0,2263.5,13188
2026-08-04 12:00:00,2026-08-04 09:00:00+00:00,2026-08-04 09:10:00+00:00,2263.0,2269.5,2263.0,2267.5,39398
2026-08-04 12:10:00,2026-08-04 09:10:00+00:00,2026-08-04 09:20:00+00:00,2267.5,2268.5,2264.5,2264.5,22813
2026-08-04 12:20:00,2026-08-04 09:20:00+00:00,2026-08-04 09:30:00+00:00,2264.5,2266.0,2261.5,2263.0,14595
2026-08-04 12:30:00,2026-08-04 09:30:00+00:00,2026-08-04 09:40:00+00:00,2262.5,2262.5,2259.5,2259.5,17306
2026-08-04 12:40:00,2026-08-04 09:40:00+00:00,2026-08-04 09:50:00+00:00,2259.5,2265.0,2258.0,2262.5,19056
2026-08-04 12:50:00,2026-08-04 09:50:00+00:00,2026-08-04 10:00:00+00:00,2262.5,2265.0,2261.0,2261.5,14404
2026-08-04 13:00:00,2026-08-04 10:00:00+00:00,2026-08-04 10:10:00+00:00,2261.0,2262.5,2260.0,2261.0,7819
2026-08-04 13:10:00,2026-08-04 10:10:00+00:00,2026-08-04 10:20:00+00:00,2261.0,2262.5,2259.0,2260.0,19252
2026-08-04 13:20:00,2026-08-04 10:20:00+00:00,2026-08-04 10:30:00+00:00,2260.5,2264.5,2260.0,2260.5,8190
2026-08-04 13:30:00,2026-08-04 10:30:00+00:00,2026-08-04 10:40:00+00:00,2260.0,2260.0,2250.5,2251.0,34466
2026-08-04 13:40:00,2026-08-04 10:40:00+00:00,2026-08-04 10:50:00+00:00,2250.5,2252.0,2248.0,2250.0,34480
2026-08-04 13:50:00,2026-08-04 10:50:00+00:00,2026-08-04 11:00:00+00:00,2250.0,2254.5,2249.5,2254.0,16822
2026-08-04 14:00:00,2026-08-04 11:00:00+00:00,2026-08-04 11:10:00+00:00,2254.0,2254.5,2250.5,2251.5,12063
2026-08-04 14:10:00,2026-08-04 11:10:00+00:00,2026-08-04 11:20:00+00:00,2251.0,2254.0,2250.0,2253.0,10955
2026-08-04 14:20:00,2026-08-04 11:20:00+00:00,2026-08-04 11:30:00+00:00,2253.0,2255.0,2251.0,2252.5,8483
2026-08-04 14:30:00,2026-08-04 11:30:00+00:00,2026-08-04 11:40:00+00:00,2252.0,2257.5,2252.0,2256.5,7884
2026-08-04 14:40:00,2026-08-04 11:40:00+00:00,2026-08-04 11:50:00+00:00,2256.5,2257.0,2249.5,2250.5,10488
2026-08-04 14:50:00,2026-08-04 11:50:00+00:00,2026-08-04 12:00:00+00:00,2250.5,2252.0,2238.0,2240.5,45615
2026-08-04 15:00:00,2026-08-04 12:00:00+00:00,2026-08-04 12:10:00+00:00,2240.5,2245.0,2237.5,2243.0,34412
2026-08-04 15:10:00,2026-08-04 12:10:00+00:00,2026-08-04 12:20:00+00:00,2242.5,2246.5,2242.5,2244.0,14855
2026-08-04 15:20:00,2026-08-04 12:20:00+00:00,2026-08-04 12:30:00+00:00,2244.5,2247.5,2243.0,2246.5,8321
2026-08-04 15:30:00,2026-08-04 12:30:00+00:00,2026-08-04 12:40:00+00:00,2246.0,2248.5,2244.5,2245.0,11407
2026-08-04 15:40:00,2026-08-04 12:40:00+00:00,2026-08-04 12:50:00+00:00,2245.5,2245.5,2242.5,2243.0,9313
2026-08-04 15:50:00,2026-08-04 12:50:00+00:00,2026-08-04 13:00:00+00:00,2244.0,2246.0,2241.5,2243.5,11788
2026-08-04 16:00:00,2026-08-04 13:00:00+00:00,2026-08-04 13:10:00+00:00,2242.5,2253.0,2242.5,2252.0,17798
2026-08-04 16:10:00,2026-08-04 13:10:00+00:00,2026-08-04 13:20:00+00:00,2252.5,2261.0,2250.0,2257.0,45362
2026-08-04 16:20:00,2026-08-04 13:20:00+00:00,2026-08-04 13:30:00+00:00,2257.5,2258.5,2251.0,2252.0,20511
2026-08-04 16:30:00,2026-08-04 13:30:00+00:00,2026-08-04 13:40:00+00:00,2252.5,2255.5,2250.5,2251.0,9162
2026-08-04 16:40:00,2026-08-04 13:40:00+00:00,2026-08-04 13:50:00+00:00,2251.0,2251.5,2246.5,2251.0,26626
2026-08-04 16:50:00,2026-08-04 13:50:00+00:00,2026-08-04 14:00:00+00:00,2250.5,2254.5,2249.0,2253.0,8735
2026-08-04 17:00:00,2026-08-04 14:00:00+00:00,2026-08-04 14:10:00+00:00,2253.0,2256.5,2250.0,2250.5,8447
2026-08-04 17:10:00,2026-08-04 14:10:00+00:00,2026-08-04 14:20:00+00:00,2250.5,2253.0,2249.0,2250.0,4916
2026-08-04 17:20:00,2026-08-04 14:20:00+00:00,2026-08-04 14:30:00+00:00,2250.0,2254.5,2248.0,2251.5,16333
2026-08-04 17:30:00,2026-08-04 14:30:00+00:00,2026-08-04 14:40:00+00:00,2252.0,2254.0,2250.5,2253.0,6240
2026-08-04 17:40:00,2026-08-04 14:40:00+00:00,2026-08-04 14:50:00+00:00,2253.0,2262.0,2253.0,2257.0,25290
2026-08-04 17:50:00,2026-08-04 14:50:00+00:00,2026-08-04 15:00:00+00:00,2257.0,2261.5,2256.5,2260.0,17194
2026-08-04 18:00:00,2026-08-04 15:00:00+00:00,2026-08-04 15:10:00+00:00,2260.0,2262.5,2256.5,2260.5,17356
2026-08-04 18:10:00,2026-08-04 15:10:00+00:00,2026-08-04 15:20:00+00:00,2260.0,2264.0,2258.5,2264.0,12542
2026-08-04 18:20:00,2026-08-04 15:20:00+00:00,2026-08-04 15:30:00+00:00,2264.0,2275.5,2263.0,2267.5,69463
2026-08-04 18:30:00,2026-08-04 15:30:00+00:00,2026-08-04 15:40:00+00:00,2268.0,2269.5,2265.0,2265.5,14420
2026-08-04 18:40:00,2026-08-04 15:40:00+00:00,2026-08-04 15:50:00+00:00,2265.5,2266.5,2263.0,2264.5,19653
2026-08-04 18:50:00,2026-08-04 15:50:00+00:00,2026-08-04 16:00:00+00:00,2265.0,2267.0,2264.5,2266.5,5480
2026-08-04 19:00:00,2026-08-04 16:00:00+00:00,2026-08-04 16:10:00+00:00,2266.0,2267.5,2264.5,2265.0,4694
2026-08-04 19:10:00,2026-08-04 16:10:00+00:00,2026-08-04 16:20:00+00:00,2265.0,2267.5,2263.5,2264.0,4762
2026-08-04 19:20:00,2026-08-04 16:20:00+00:00,2026-08-04 16:30:00+00:00,2263.5,2266.0,2262.5,2266.0,4010
2026-08-04 19:30:00,2026-08-04 16:30:00+00:00,2026-08-04 16:40:00+00:00,2265.5,2266.0,2263.0,2264.0,2299
2026-08-04 19:40:00,2026-08-04 16:40:00+00:00,2026-08-04 16:50:00+00:00,2263.5,2266.0,2263.5,2265.0,5085
2026-08-04 19:50:00,2026-08-04 16:50:00+00:00,2026-08-04 17:00:00+00:00,2265.0,2265.0,2261.5,2262.5,5589
2026-08-04 20:00:00,2026-08-04 17:00:00+00:00,2026-08-04 17:10:00+00:00,2262.5,2263.5,2260.5,2261.0,8212
2026-08-04 20:10:00,2026-08-04 17:10:00+00:00,2026-08-04 17:20:00+00:00,2261.0,2262.0,2260.5,2261.0,3197
2026-08-04 20:20:00,2026-08-04 17:20:00+00:00,2026-08-04 17:30:00+00:00,2261.5,2264.5,2261.0,2264.5,4987
2026-08-04 20:30:00,2026-08-04 17:30:00+00:00,2026-08-04 17:40:00+00:00,2264.5,2266.0,2264.5,2264.5,5494
2026-08-04 20:40:00,2026-08-04 17:40:00+00:00,2026-08-04 17:50:00+00:00,2265.0,2265.0,2263.0,2264.5,1549
2026-08-04 20:50:00,2026-08-04 17:50:00+00:00,2026-08-04 18:00:00+00:00,2264.0,2267.5,2264.0,2265.0,4450
2026-08-04 21:00:00,2026-08-04 18:00:00+00:00,2026-08-04 18:10:00+00:00,2265.5,2267.0,2264.5,2265.0,2528
2026-08-04 21:10:00,2026-08-04 18:10:00+00:00,2026-08-04 18:20:00+00:00,2265.5,2266.5,2265.0,2266.0,1184
2026-08-04 21:20:00,2026-08-04 18:20:00+00:00,2026-08-04 18:30:00+00:00,2266.0,2270.0,2265.5,2270.0,14496
2026-08-04 21:30:00,2026-08-04 18:30:00+00:00,2026-08-04 18:40:00+00:00,2270.0,2271.0,2268.5,2270.5,4335
2026-08-04 21:40:00,2026-08-04 18:40:00+00:00,2026-08-04 18:50:00+00:00,2270.5,2270.5,2268.5,2269.0,3750
2026-08-04 21:50:00,2026-08-04 18:50:00+00:00,2026-08-04 19:00:00+00:00,2269.0,2270.5,2268.5,2270.5,2632
2026-08-04 22:00:00,2026-08-04 19:00:00+00:00,2026-08-04 19:10:00+00:00,2270.5,2270.5,2269.0,2270.5,1878
2026-08-04 22:10:00,2026-08-04 19:10:00+00:00,2026-08-04 19:20:00+00:00,2270.0,2270.5,2267.0,2267.0,4003
2026-08-04 22:20:00,2026-08-04 19:20:00+00:00,2026-08-04 19:30:00+00:00,2267.0,2268.0,2267.0,2267.5,605
2026-08-04 22:30:00,2026-08-04 19:30:00+00:00,2026-08-04 19:40:00+00:00,2267.5,2268.0,2264.0,2264.5,7042
2026-08-04 22:40:00,2026-08-04 19:40:00+00:00,2026-08-04 19:50:00+00:00,2264.5,2266.0,2264.0,2266.0,2964
2026-08-04 22:50:00,2026-08-04 19:50:00+00:00,2026-08-04 20:00:00+00:00,2266.0,2266.5,2264.5,2265.5,1700
2026-08-04 23:00:00,2026-08-04 20:00:00+00:00,2026-08-04 20:10:00+00:00,2266.0,2266.0,2263.5,2264.0,5696
2026-08-04 23:10:00,2026-08-04 20:10:00+00:00,2026-08-04 20:20:00+00:00,2264.0,2265.0,2263.5,2264.5,1768
2026-08-04 23:20:00,2026-08-04 20:20:00+00:00,2026-08-04 20:30:00+00:00,2265.0,2265.0,2263.0,2263.0,1620
2026-08-04 23:30:00,2026-08-04 20:30:00+00:00,2026-08-04 20:40:00+00:00,2263.0,2268.5,2263.0,2264.0,8058
2026-08-04 23:40:00,2026-08-04 20:40:00+00:00,2026-08-04 20:50:00+00:00,2264.5,2266.5,2263.0,2266.5,5348
2026-08-05 06:50:00,2026-08-05 03:50:00+00:00,2026-08-05 04:00:00+00:00,2265.5,2265.5,2265.5,2265.5,58
2026-08-05 07:00:00,2026-08-05 04:00:00+00:00,2026-08-05 04:10:00+00:00,2265.0,2271.0,2257.5,2259.5,17353
2026-08-05 07:10:00,2026-08-05 04:10:00+00:00,2026-08-05 04:20:00+00:00,2259.0,2262.0,2259.0,2262.0,3836
2026-08-05 07:20:00,2026-08-05 04:20:00+00:00,2026-08-05 04:30:00+00:00,2262.0,2262.5,2257.0,2260.0,8159
2026-08-05 07:30:00,2026-08-05 04:30:00+00:00,2026-08-05 04:40:00+00:00,2260.0,2266.0,2260.0,2262.5,6821
2026-08-05 07:40:00,2026-08-05 04:40:00+00:00,2026-08-05 04:50:00+00:00,2262.5,2266.0,2262.5,2264.0,2377
2026-08-05 07:50:00,2026-08-05 04:50:00+00:00,2026-08-05 05:00:00+00:00,2264.5,2266.5,2263.5,2266.5,3035
2026-08-05 08:00:00,2026-08-05 05:00:00+00:00,2026-08-05 05:10:00+00:00,2267.0,2269.5,2266.0,2269.5,6567
2026-08-05 08:10:00,2026-08-05 05:10:00+00:00,2026-08-05 05:20:00+00:00,2268.5,2272.5,2267.5,2269.0,13730
2026-08-05 08:20:00,2026-08-05 05:20:00+00:00,2026-08-05 05:30:00+00:00,2269.0,2278.0,2269.0,2275.0,21779
2026-08-05 08:30:00,2026-08-05 05:30:00+00:00,2026-08-05 05:40:00+00:00,2275.0,2275.0,2272.5,2274.0,4838
2026-08-05 08:40:00,2026-08-05 05:40:00+00:00,2026-08-05 05:50:00+00:00,2274.0,2275.5,2274.0,2274.0,5692
2026-08-05 08:50:00,2026-08-05 05:50:00+00:00,2026-08-05 06:00:00+00:00,2274.0,2274.5,2270.5,2271.5,7943
2026-08-05 09:00:00,2026-08-05 06:00:00+00:00,2026-08-05 06:10:00+00:00,2272.0,2282.5,2271.5,2281.0,35149
2026-08-05 09:10:00,2026-08-05 06:10:00+00:00,2026-08-05 06:20:00+00:00,2281.0,2287.5,2278.0,2283.0,43212
2026-08-05 09:20:00,2026-08-05 06:20:00+00:00,2026-08-05 06:30:00+00:00,2283.5,2284.0,2278.5,2279.0,12136
2026-08-05 09:30:00,2026-08-05 06:30:00+00:00,2026-08-05 06:40:00+00:00,2279.5,2283.0,2278.5,2281.0,13720
2026-08-05 09:40:00,2026-08-05 06:40:00+00:00,2026-08-05 06:50:00+00:00,2281.0,2283.0,2277.0,2277.0,12893
2026-08-05 09:50:00,2026-08-05 06:50:00+00:00,2026-08-05 07:00:00+00:00,2277.5,2286.0,2277.5,2286.0,20185
2026-08-05 10:00:00,2026-08-05 07:00:00+00:00,2026-08-05 07:10:00+00:00,2286.0,2289.5,2279.5,2284.0,41279
2026-08-05 10:10:00,2026-08-05 07:10:00+00:00,2026-08-05 07:20:00+00:00,2284.0,2293.5,2282.5,2291.5,52420
2026-08-05 10:20:00,2026-08-05 07:20:00+00:00,2026-08-05 07:30:00+00:00,2292.0,2292.0,2287.5,2289.0,23412
2026-08-05 10:30:00,2026-08-05 07:30:00+00:00,2026-08-05 07:40:00+00:00,2289.5,2294.5,2289.0,2291.5,25182
2026-08-05 10:40:00,2026-08-05 07:40:00+00:00,2026-08-05 07:50:00+00:00,2291.5,2292.0,2284.5,2286.0,33157
2026-08-05 10:50:00,2026-08-05 07:50:00+00:00,2026-08-05 08:00:00+00:00,2286.5,2289.0,2286.0,2288.0,8447
2026-08-05 11:00:00,2026-08-05 08:00:00+00:00,2026-08-05 08:10:00+00:00,2288.0,2288.5,2279.5,2279.5,33744
2026-08-05 11:10:00,2026-08-05 08:10:00+00:00,2026-08-05 08:20:00+00:00,2279.5,2288.5,2278.5,2285.0,16811
2026-08-05 11:20:00,2026-08-05 08:20:00+00:00,2026-08-05 08:30:00+00:00,2284.5,2285.5,2281.5,2283.0,11438
2026-08-05 11:30:00,2026-08-05 08:30:00+00:00,2026-08-05 08:40:00+00:00,2283.5,2286.5,2280.5,2284.0,7420
2026-08-05 11:40:00,2026-08-05 08:40:00+00:00,2026-08-05 08:50:00+00:00,2284.0,2284.5,2281.0,2282.5,14208
2026-08-05 11:50:00,2026-08-05 08:50:00+00:00,2026-08-05 09:00:00+00:00,2282.0,2286.0,2281.5,2285.5,7956
2026-08-05 12:00:00,2026-08-05 09:00:00+00:00,2026-08-05 09:10:00+00:00,2286.0,2292.0,2285.5,2289.0,26520
2026-08-05 12:10:00,2026-08-05 09:10:00+00:00,2026-08-05 09:20:00+00:00,2289.0,2294.0,2287.5,2289.0,16752
2026-08-05 12:20:00,2026-08-05 09:20:00+00:00,2026-08-05 09:30:00+00:00,2289.5,2293.0,2288.0,2289.5,9175
2026-08-05 12:30:00,2026-08-05 09:30:00+00:00,2026-08-05 09:40:00+00:00,2290.0,2290.0,2286.5,2290.0,9008
2026-08-05 12:40:00,2026-08-05 09:40:00+00:00,2026-08-05 09:50:00+00:00,2290.0,2291.0,2288.0,2291.0,7124
2026-08-05 12:50:00,2026-08-05 09:50:00+00:00,2026-08-05 10:00:00+00:00,2291.0,2293.0,2288.5,2289.5,13695
2026-08-05 13:00:00,2026-08-05 10:00:00+00:00,2026-08-05 10:10:00+00:00,2288.5,2292.0,2288.0,2289.0,6299
2026-08-05 13:10:00,2026-08-05 10:10:00+00:00,2026-08-05 10:20:00+00:00,2289.5,2292.5,2289.5,2292.0,9182
2026-08-05 13:20:00,2026-08-05 10:20:00+00:00,2026-08-05 10:30:00+00:00,2292.0,2294.5,2289.5,2291.5,19915
2026-08-05 13:30:00,2026-08-05 10:30:00+00:00,2026-08-05 10:40:00+00:00,2292.0,2293.5,2289.0,2289.0,16396
2026-08-05 13:40:00,2026-08-05 10:40:00+00:00,2026-08-05 10:50:00+00:00,2289.0,2290.0,2285.5,2287.0,17911
2026-08-05 13:50:00,2026-08-05 10:50:00+00:00,2026-08-05 11:00:00+00:00,2287.5,2289.5,2287.0,2288.5,4684
2026-08-05 14:00:00,2026-08-05 11:00:00+00:00,2026-08-05 11:10:00+00:00,2288.5,2291.5,2288.0,2288.5,4970
2026-08-05 14:10:00,2026-08-05 11:10:00+00:00,2026-08-05 11:20:00+00:00,2288.5,2289.5,2287.0,2289.0,14657
2026-08-05 14:20:00,2026-08-05 11:20:00+00:00,2026-08-05 11:30:00+00:00,2289.0,2290.5,2288.0,2288.0,3585
2026-08-05 14:30:00,2026-08-05 11:30:00+00:00,2026-08-05 11:40:00+00:00,2288.5,2291.0,2287.0,2288.5,5175
2026-08-05 14:40:00,2026-08-05 11:40:00+00:00,2026-08-05 11:50:00+00:00,2289.0,2290.5,2282.5,2283.5,17957
2026-08-05 14:50:00,2026-08-05 11:50:00+00:00,2026-08-05 12:00:00+00:00,2283.5,2288.0,2282.5,2286.0,11930
2026-08-05 15:00:00,2026-08-05 12:00:00+00:00,2026-08-05 12:10:00+00:00,2286.0,2287.0,2281.5,2285.0,14869
2026-08-05 15:10:00,2026-08-05 12:10:00+00:00,2026-08-05 12:20:00+00:00,2284.5,2286.5,2283.0,2283.0,10127
2026-08-05 15:20:00,2026-08-05 12:20:00+00:00,2026-08-05 12:30:00+00:00,2283.0,2288.5,2283.0,2287.5,6845
2026-08-05 15:30:00,2026-08-05 12:30:00+00:00,2026-08-05 12:40:00+00:00,2287.5,2290.5,2286.0,2286.5,14680
2026-08-05 15:40:00,2026-08-05 12:40:00+00:00,2026-08-05 12:50:00+00:00,2286.5,2289.5,2286.0,2286.5,4003
2026-08-05 15:50:00,2026-08-05 12:50:00+00:00,2026-08-05 13:00:00+00:00,2286.5,2292.0,2286.5,2292.0,8683
2026-08-05 16:00:00,2026-08-05 13:00:00+00:00,2026-08-05 13:10:00+00:00,2292.0,2292.5,2287.5,2290.0,10567
2026-08-05 16:10:00,2026-08-05 13:10:00+00:00,2026-08-05 13:20:00+00:00,2290.5,2294.0,2290.0,2292.0,9233
2026-08-05 16:20:00,2026-08-05 13:20:00+00:00,2026-08-05 13:30:00+00:00,2292.5,2293.0,2290.0,2290.5,6679
2026-08-05 16:30:00,2026-08-05 13:30:00+00:00,2026-08-05 13:40:00+00:00,2290.0,2292.5,2290.0,2290.0,2755
2026-08-05 16:40:00,2026-08-05 13:40:00+00:00,2026-08-05 13:50:00+00:00,2290.0,2290.5,2287.0,2289.5,15946
2026-08-05 16:50:00,2026-08-05 13:50:00+00:00,2026-08-05 14:00:00+00:00,2289.5,2290.0,2286.5,2288.5,4646
2026-08-05 17:00:00,2026-08-05 14:00:00+00:00,2026-08-05 14:10:00+00:00,2288.5,2290.5,2285.0,2287.0,11759
2026-08-05 17:10:00,2026-08-05 14:10:00+00:00,2026-08-05 14:20:00+00:00,2287.5,2293.0,2287.0,2291.0,11103
2026-08-05 17:20:00,2026-08-05 14:20:00+00:00,2026-08-05 14:30:00+00:00,2291.5,2291.5,2286.5,2287.5,9737
2026-08-05 17:30:00,2026-08-05 14:30:00+00:00,2026-08-05 14:40:00+00:00,2287.0,2290.5,2287.0,2289.5,2713
2026-08-05 17:40:00,2026-08-05 14:40:00+00:00,2026-08-05 14:50:00+00:00,2289.5,2292.0,2289.5,2290.5,8050
2026-08-05 17:50:00,2026-08-05 14:50:00+00:00,2026-08-05 15:00:00+00:00,2290.0,2291.0,2289.0,2290.0,4624
2026-08-05 18:00:00,2026-08-05 15:00:00+00:00,2026-08-05 15:10:00+00:00,2290.0,2293.0,2288.5,2293.0,6263
2026-08-05 18:10:00,2026-08-05 15:10:00+00:00,2026-08-05 15:20:00+00:00,2292.5,2299.5,2291.0,2297.0,31565
2026-08-05 18:20:00,2026-08-05 15:20:00+00:00,2026-08-05 15:30:00+00:00,2296.5,2298.0,2293.5,2294.5,10669
2026-08-05 18:30:00,2026-08-05 15:30:00+00:00,2026-08-05 15:40:00+00:00,2294.5,2298.0,2293.5,2298.0,6270
2026-08-05 18:40:00,2026-08-05 15:40:00+00:00,2026-08-05 15:50:00+00:00,2298.0,2299.5,2296.0,2297.0,12116
2026-08-05 18:50:00,2026-08-05 15:50:00+00:00,2026-08-05 16:00:00+00:00,2297.5,2298.0,2296.5,2297.5,5805
2026-08-05 19:00:00,2026-08-05 16:00:00+00:00,2026-08-05 16:10:00+00:00,2298.0,2305.5,2297.5,2301.5,43273
2026-08-05 19:10:00,2026-08-05 16:10:00+00:00,2026-08-05 16:20:00+00:00,2301.5,2306.0,2300.5,2305.5,14001
2026-08-05 19:20:00,2026-08-05 16:20:00+00:00,2026-08-05 16:30:00+00:00,2305.5,2307.0,2303.5,2305.5,15307
2026-08-05 19:30:00,2026-08-05 16:30:00+00:00,2026-08-05 16:40:00+00:00,2306.0,2306.0,2303.0,2303.5,6566
2026-08-05 19:40:00,2026-08-05 16:40:00+00:00,2026-08-05 16:50:00+00:00,2303.0,2304.5,2303.0,2304.0,3462
2026-08-05 19:50:00,2026-08-05 16:50:00+00:00,2026-08-05 17:00:00+00:00,2303.5,2304.5,2303.5,2304.0,3256
2026-08-05 20:00:00,2026-08-05 17:00:00+00:00,2026-08-05 17:10:00+00:00,2304.0,2304.0,2302.5,2303.0,5328
2026-08-05 20:10:00,2026-08-05 17:10:00+00:00,2026-08-05 17:20:00+00:00,2303.0,2303.5,2300.0,2300.0,9736
2026-08-05 20:20:00,2026-08-05 17:20:00+00:00,2026-08-05 17:30:00+00:00,2300.0,2301.5,2300.0,2300.5,1518
2026-08-05 20:30:00,2026-08-05 17:30:00+00:00,2026-08-05 17:40:00+00:00,2301.0,2302.0,2299.5,2301.5,2657
2026-08-05 20:40:00,2026-08-05 17:40:00+00:00,2026-08-05 17:50:00+00:00,2301.5,2302.0,2299.5,2300.5,1601
2026-08-05 20:50:00,2026-08-05 17:50:00+00:00,2026-08-05 18:00:00+00:00,2300.0,2303.0,2300.0,2302.5,6116
2026-08-05 21:00:00,2026-08-05 18:00:00+00:00,2026-08-05 18:10:00+00:00,2302.5,2304.0,2302.0,2303.5,2895
2026-08-05 21:10:00,2026-08-05 18:10:00+00:00,2026-08-05 18:20:00+00:00,2303.5,2305.5,2303.0,2304.0,4841
2026-08-05 21:20:00,2026-08-05 18:20:00+00:00,2026-08-05 18:30:00+00:00,2303.5,2304.5,2302.5,2303.0,2369
2026-08-05 21:30:00,2026-08-05 18:30:00+00:00,2026-08-05 18:40:00+00:00,2303.0,2303.5,2302.0,2302.5,1248
2026-08-05 21:40:00,2026-08-05 18:40:00+00:00,2026-08-05 18:50:00+00:00,2302.5,2304.0,2302.5,2303.5,1019
2026-08-05 21:50:00,2026-08-05 18:50:00+00:00,2026-08-05 19:00:00+00:00,2304.0,2305.0,2303.0,2304.5,2711
2026-08-05 22:00:00,2026-08-05 19:00:00+00:00,2026-08-05 19:10:00+00:00,2304.5,2305.0,2303.5,2305.0,1329
2026-08-05 22:10:00,2026-08-05 19:10:00+00:00,2026-08-05 19:20:00+00:00,2304.5,2306.5,2304.0,2305.0,2804
2026-08-05 22:20:00,2026-08-05 19:20:00+00:00,2026-08-05 19:30:00+00:00,2304.5,2306.0,2304.0,2306.0,1490
2026-08-05 22:30:00,2026-08-05 19:30:00+00:00,2026-08-05 19:40:00+00:00,2305.5,2306.0,2304.5,2305.0,1651
2026-08-05 22:40:00,2026-08-05 19:40:00+00:00,2026-08-05 19:50:00+00:00,2304.5,2307.0,2304.0,2307.0,5049
2026-08-05 22:50:00,2026-08-05 19:50:00+00:00,2026-08-05 20:00:00+00:00,2306.5,2308.5,2305.5,2306.5,5406
2026-08-05 23:00:00,2026-08-05 20:00:00+00:00,2026-08-05 20:10:00+00:00,2307.0,2307.0,2303.5,2304.5,9405
2026-08-05 23:10:00,2026-08-05 20:10:00+00:00,2026-08-05 20:20:00+00:00,2304.5,2305.0,2303.5,2304.5,958
2026-08-05 23:20:00,2026-08-05 20:20:00+00:00,2026-08-05 20:30:00+00:00,2304.5,2304.5,2303.0,2303.5,3998
2026-08-05 23:30:00,2026-08-05 20:30:00+00:00,2026-08-05 20:40:00+00:00,2303.0,2304.0,2302.5,2303.5,4114
2026-08-05 23:40:00,2026-08-05 20:40:00+00:00,2026-08-05 20:50:00+00:00,2303.0,2305.0,2302.5,2305.0,3480
2026-08-06 06:50:00,2026-08-06 03:50:00+00:00,2026-08-06 04:00:00+00:00,2306.0,2306.0,2306.0,2306.0,17
2026-08-06 07:00:00,2026-08-06 04:00:00+00:00,2026-08-06 04:10:00+00:00,2306.0,2312.5,2304.5,2309.0,11669
2026-08-06 07:10:00,2026-08-06 04:10:00+00:00,2026-08-06 04:20:00+00:00,2309.0,2315.5,2309.0,2313.5,17594
2026-08-06 07:20:00,2026-08-06 04:20:00+00:00,2026-08-06 04:30:00+00:00,2313.5,2314.5,2309.0,2310.0,14287
2026-08-06 07:30:00,2026-08-06 04:30:00+00:00,2026-08-06 04:40:00+00:00,2309.5,2310.0,2299.5,2299.5,38897
2026-08-06 07:40:00,2026-08-06 04:40:00+00:00,2026-08-06 04:50:00+00:00,2299.5,2302.5,2295.5,2302.0,17151
2026-08-06 07:50:00,2026-08-06 04:50:00+00:00,2026-08-06 05:00:00+00:00,2301.0,2302.5,2298.0,2301.0,4306
2026-08-06 08:00:00,2026-08-06 05:00:00+00:00,2026-08-06 05:10:00+00:00,2301.5,2307.0,2300.5,2304.0,12069
2026-08-06 08:10:00,2026-08-06 05:10:00+00:00,2026-08-06 05:20:00+00:00,2304.0,2305.0,2301.5,2302.5,3837
2026-08-06 08:20:00,2026-08-06 05:20:00+00:00,2026-08-06 05:30:00+00:00,2302.5,2303.0,2294.0,2297.0,14470
2026-08-06 08:30:00,2026-08-06 05:30:00+00:00,2026-08-06 05:40:00+00:00,2297.0,2299.0,2296.0,2298.0,5026
2026-08-06 08:40:00,2026-08-06 05:40:00+00:00,2026-08-06 05:50:00+00:00,2299.0,2299.0,2292.0,2293.5,10779
2026-08-06 08:50:00,2026-08-06 05:50:00+00:00,2026-08-06 06:00:00+00:00,2292.5,2296.0,2292.0,2292.5,11007
2026-08-06 09:00:00,2026-08-06 06:00:00+00:00,2026-08-06 06:10:00+00:00,2292.0,2297.0,2292.0,2295.0,10053
2026-08-06 09:10:00,2026-08-06 06:10:00+00:00,2026-08-06 06:20:00+00:00,2294.5,2302.0,2294.0,2299.5,20607
2026-08-06 09:20:00,2026-08-06 06:20:00+00:00,2026-08-06 06:30:00+00:00,2300.0,2300.5,2297.5,2299.5,4347
2026-08-06 09:30:00,2026-08-06 06:30:00+00:00,2026-08-06 06:40:00+00:00,2299.0,2299.5,2293.5,2296.5,12915
2026-08-06 09:40:00,2026-08-06 06:40:00+00:00,2026-08-06 06:50:00+00:00,2296.5,2297.5,2292.5,2295.0,12310
2026-08-06 09:50:00,2026-08-06 06:50:00+00:00,2026-08-06 07:00:00+00:00,2295.0,2301.5,2295.0,2297.0,14241
2026-08-06 10:00:00,2026-08-06 07:00:00+00:00,2026-08-06 07:10:00+00:00,2297.0,2307.0,2296.5,2304.5,53715
2026-08-06 10:10:00,2026-08-06 07:10:00+00:00,2026-08-06 07:20:00+00:00,2304.5,2305.5,2302.0,2305.5,10424
2026-08-06 10:20:00,2026-08-06 07:20:00+00:00,2026-08-06 07:30:00+00:00,2305.5,2312.0,2305.5,2310.5,47574
2026-08-06 10:30:00,2026-08-06 07:30:00+00:00,2026-08-06 07:40:00+00:00,2310.5,2318.5,2310.5,2316.5,34785
2026-08-06 10:40:00,2026-08-06 07:40:00+00:00,2026-08-06 07:50:00+00:00,2316.5,2319.0,2311.5,2312.5,40417
2026-08-06 10:50:00,2026-08-06 07:50:00+00:00,2026-08-06 08:00:00+00:00,2313.0,2315.0,2311.0,2314.5,18386
2026-08-06 11:00:00,2026-08-06 08:00:00+00:00,2026-08-06 08:10:00+00:00,2314.0,2314.5,2310.0,2311.5,12596
2026-08-06 11:10:00,2026-08-06 08:10:00+00:00,2026-08-06 08:20:00+00:00,2310.5,2314.5,2310.0,2312.0,14883
2026-08-06 11:20:00,2026-08-06 08:20:00+00:00,2026-08-06 08:30:00+00:00,2312.0,2312.0,2308.5,2309.5,17691
2026-08-06 11:30:00,2026-08-06 08:30:00+00:00,2026-08-06 08:40:00+00:00,2309.5,2310.0,2306.5,2308.0,16830
2026-08-06 11:40:00,2026-08-06 08:40:00+00:00,2026-08-06 08:50:00+00:00,2307.5,2311.5,2304.0,2307.5,16426
2026-08-06 11:50:00,2026-08-06 08:50:00+00:00,2026-08-06 09:00:00+00:00,2307.5,2307.5,2283.0,2286.0,129363
2026-08-06 12:00:00,2026-08-06 09:00:00+00:00,2026-08-06 09:10:00+00:00,2286.0,2289.0,2281.0,2287.0,83451
2026-08-06 12:10:00,2026-08-06 09:10:00+00:00,2026-08-06 09:20:00+00:00,2287.0,2292.5,2286.5,2288.0,45246
2026-08-06 12:20:00,2026-08-06 09:20:00+00:00,2026-08-06 09:30:00+00:00,2288.0,2292.0,2286.0,2290.0,20106
2026-08-06 12:30:00,2026-08-06 09:30:00+00:00,2026-08-06 09:40:00+00:00,2290.0,2290.5,2284.5,2287.5,20461
2026-08-06 12:40:00,2026-08-06 09:40:00+00:00,2026-08-06 09:50:00+00:00,2287.5,2287.5,2280.5,2285.0,54534
2026-08-06 12:50:00,2026-08-06 09:50:00+00:00,2026-08-06 10:00:00+00:00,2284.5,2285.0,2256.0,2278.5,125257
2026-08-06 13:00:00,2026-08-06 10:00:00+00:00,2026-08-06 10:10:00+00:00,2278.5,2280.5,2275.0,2280.0,25719
2026-08-06 13:10:00,2026-08-06 10:10:00+00:00,2026-08-06 10:20:00+00:00,2279.5,2280.0,2273.0,2279.0,20745
2026-08-06 13:20:00,2026-08-06 10:20:00+00:00,2026-08-06 10:30:00+00:00,2279.0,2281.5,2273.0,2277.5,15192
2026-08-06 13:30:00,2026-08-06 10:30:00+00:00,2026-08-06 10:40:00+00:00,2277.0,2278.5,2274.0,2278.0,7144
2026-08-06 13:40:00,2026-08-06 10:40:00+00:00,2026-08-06 10:50:00+00:00,2278.0,2278.5,2266.5,2268.5,27375
2026-08-06 13:50:00,2026-08-06 10:50:00+00:00,2026-08-06 11:00:00+00:00,2269.0,2271.5,2266.5,2268.0,36021
2026-08-06 14:00:00,2026-08-06 11:00:00+00:00,2026-08-06 11:10:00+00:00,2268.0,2281.5,2267.0,2280.0,61499
2026-08-06 14:10:00,2026-08-06 11:10:00+00:00,2026-08-06 11:20:00+00:00,2280.5,2284.5,2277.5,2283.0,38307
2026-08-06 14:20:00,2026-08-06 11:20:00+00:00,2026-08-06 11:30:00+00:00,2282.5,2283.0,2276.5,2278.0,23298
2026-08-06 14:30:00,2026-08-06 11:30:00+00:00,2026-08-06 11:40:00+00:00,2278.0,2281.0,2276.5,2279.0,13576
2026-08-06 14:40:00,2026-08-06 11:40:00+00:00,2026-08-06 11:50:00+00:00,2279.0,2280.5,2276.0,2276.5,10331
2026-08-06 14:50:00,2026-08-06 11:50:00+00:00,2026-08-06 12:00:00+00:00,2277.0,2279.0,2273.0,2275.5,12115
2026-08-06 15:00:00,2026-08-06 12:00:00+00:00,2026-08-06 12:10:00+00:00,2275.5,2281.0,2274.0,2280.5,14693
2026-08-06 15:10:00,2026-08-06 12:10:00+00:00,2026-08-06 12:20:00+00:00,2280.0,2289.5,2280.0,2287.5,53503
2026-08-06 15:20:00,2026-08-06 12:20:00+00:00,2026-08-06 12:30:00+00:00,2287.0,2288.5,2284.0,2285.5,8796
2026-08-06 15:30:00,2026-08-06 12:30:00+00:00,2026-08-06 12:40:00+00:00,2286.0,2290.5,2285.0,2288.0,23693
2026-08-06 15:40:00,2026-08-06 12:40:00+00:00,2026-08-06 12:50:00+00:00,2288.0,2294.5,2288.0,2289.5,38955
2026-08-06 15:50:00,2026-08-06 12:50:00+00:00,2026-08-06 13:00:00+00:00,2289.5,2292.0,2285.5,2286.5,20383
2026-08-06 16:00:00,2026-08-06 13:00:00+00:00,2026-08-06 13:10:00+00:00,2287.0,2290.0,2285.5,2286.0,10124
2026-08-06 16:10:00,2026-08-06 13:10:00+00:00,2026-08-06 13:20:00+00:00,2286.0,2291.5,2286.0,2287.0,7498
2026-08-06 16:20:00,2026-08-06 13:20:00+00:00,2026-08-06 13:30:00+00:00,2287.0,2287.5,2281.5,2285.0,17075
2026-08-06 16:30:00,2026-08-06 13:30:00+00:00,2026-08-06 13:40:00+00:00,2284.5,2286.0,2282.5,2283.5,11118
2026-08-06 16:40:00,2026-08-06 13:40:00+00:00,2026-08-06 13:50:00+00:00,2284.0,2288.0,2283.5,2284.0,6315
2026-08-06 16:50:00,2026-08-06 13:50:00+00:00,2026-08-06 14:00:00+00:00,2284.0,2287.5,2284.0,2287.5,5475
2026-08-06 17:00:00,2026-08-06 14:00:00+00:00,2026-08-06 14:10:00+00:00,2287.0,2294.5,2285.5,2292.0,28525
2026-08-06 17:10:00,2026-08-06 14:10:00+00:00,2026-08-06 14:20:00+00:00,2291.5,2292.0,2289.0,2291.0,6780
2026-08-06 17:20:00,2026-08-06 14:20:00+00:00,2026-08-06 14:30:00+00:00,2291.5,2292.5,2287.0,2287.5,6796
2026-08-06 17:30:00,2026-08-06 14:30:00+00:00,2026-08-06 14:40:00+00:00,2288.0,2289.0,2285.0,2288.5,3980
2026-08-06 17:40:00,2026-08-06 14:40:00+00:00,2026-08-06 14:50:00+00:00,2288.0,2293.0,2286.5,2291.5,13907
2026-08-06 17:50:00,2026-08-06 14:50:00+00:00,2026-08-06 15:00:00+00:00,2291.0,2292.5,2288.0,2291.0,9828
2026-08-06 18:00:00,2026-08-06 15:00:00+00:00,2026-08-06 15:10:00+00:00,2291.5,2291.5,2288.5,2291.0,5991
2026-08-06 18:10:00,2026-08-06 15:10:00+00:00,2026-08-06 15:20:00+00:00,2291.0,2291.5,2288.0,2290.5,4903
2026-08-06 18:20:00,2026-08-06 15:20:00+00:00,2026-08-06 15:30:00+00:00,2290.0,2290.5,2287.5,2289.5,5163
2026-08-06 18:30:00,2026-08-06 15:30:00+00:00,2026-08-06 15:40:00+00:00,2288.5,2290.0,2281.5,2283.0,30190
2026-08-06 18:40:00,2026-08-06 15:40:00+00:00,2026-08-06 15:50:00+00:00,2282.5,2287.0,2282.5,2286.5,4232
2026-08-06 18:50:00,2026-08-06 15:50:00+00:00,2026-08-06 16:00:00+00:00,2286.0,2288.5,2285.0,2287.5,4288
2026-08-06 19:00:00,2026-08-06 16:00:00+00:00,2026-08-06 16:10:00+00:00,2287.5,2287.5,2284.0,2284.5,7413
2026-08-06 19:10:00,2026-08-06 16:10:00+00:00,2026-08-06 16:20:00+00:00,2284.0,2286.5,2283.0,2286.5,6314
2026-08-06 19:20:00,2026-08-06 16:20:00+00:00,2026-08-06 16:30:00+00:00,2286.5,2292.0,2286.0,2289.0,22908
2026-08-06 19:30:00,2026-08-06 16:30:00+00:00,2026-08-06 16:40:00+00:00,2289.5,2292.5,2289.0,2292.5,4768
2026-08-06 19:40:00,2026-08-06 16:40:00+00:00,2026-08-06 16:50:00+00:00,2292.0,2295.5,2290.5,2294.0,13321
2026-08-06 19:50:00,2026-08-06 16:50:00+00:00,2026-08-06 17:00:00+00:00,2293.5,2294.0,2292.0,2293.0,4151
2026-08-06 20:00:00,2026-08-06 17:00:00+00:00,2026-08-06 17:10:00+00:00,2294.0,2295.0,2291.5,2293.0,5692
2026-08-06 20:10:00,2026-08-06 17:10:00+00:00,2026-08-06 17:20:00+00:00,2293.5,2293.5,2290.5,2291.0,3418
2026-08-06 20:20:00,2026-08-06 17:20:00+00:00,2026-08-06 17:30:00+00:00,2291.0,2291.0,2288.0,2289.0,5197
2026-08-06 20:30:00,2026-08-06 17:30:00+00:00,2026-08-06 17:40:00+00:00,2289.5,2290.5,2288.5,2289.5,1812
2026-08-06 20:40:00,2026-08-06 17:40:00+00:00,2026-08-06 17:50:00+00:00,2289.5,2290.0,2288.0,2289.0,1905
2026-08-06 20:50:00,2026-08-06 17:50:00+00:00,2026-08-06 18:00:00+00:00,2289.0,2290.5,2288.0,2290.0,1200
2026-08-06 21:00:00,2026-08-06 18:00:00+00:00,2026-08-06 18:10:00+00:00,2290.0,2290.5,2289.0,2290.0,1440
2026-08-06 21:10:00,2026-08-06 18:10:00+00:00,2026-08-06 18:20:00+00:00,2290.0,2290.0,2288.5,2290.0,559
2026-08-06 21:20:00,2026-08-06 18:20:00+00:00,2026-08-06 18:30:00+00:00,2290.0,2290.0,2288.0,2289.5,1573
2026-08-06 21:30:00,2026-08-06 18:30:00+00:00,2026-08-06 18:40:00+00:00,2289.0,2290.0,2289.0,2290.0,761
2026-08-06 21:40:00,2026-08-06 18:40:00+00:00,2026-08-06 18:50:00+00:00,2289.5,2290.5,2289.0,2290.0,1436
2026-08-06 21:50:00,2026-08-06 18:50:00+00:00,2026-08-06 19:00:00+00:00,2289.5,2289.5,2288.5,2289.5,157
2026-08-06 22:00:00,2026-08-06 19:00:00+00:00,2026-08-06 19:10:00+00:00,2289.0,2293.5,2289.0,2292.0,5176
2026-08-06 22:10:00,2026-08-06 19:10:00+00:00,2026-08-06 19:20:00+00:00,2291.5,2293.5,2291.0,2292.5,1259
2026-08-06 22:20:00,2026-08-06 19:20:00+00:00,2026-08-06 19:30:00+00:00,2292.5,2293.5,2291.5,2293.0,3009
2026-08-06 22:30:00,2026-08-06 19:30:00+00:00,2026-08-06 19:40:00+00:00,2293.5,2295.0,2293.0,2293.0,4268
2026-08-06 22:40:00,2026-08-06 19:40:00+00:00,2026-08-06 19:50:00+00:00,2293.0,2294.0,2292.0,2292.0,2242
2026-08-06 22:50:00,2026-08-06 19:50:00+00:00,2026-08-06 20:00:00+00:00,2292.5,2294.5,2292.0,2294.0,3729
2026-08-06 23:00:00,2026-08-06 20:00:00+00:00,2026-08-06 20:10:00+00:00,2294.5,2295.0,2292.5,2293.0,4113
2026-08-06 23:10:00,2026-08-06 20:10:00+00:00,2026-08-06 20:20:00+00:00,2293.0,2294.0,2292.5,2294.0,1467
2026-08-06 23:20:00,2026-08-06 20:20:00+00:00,2026-08-06 20:30:00+00:00,2294.0,2294.0,2292.0,2293.0,3394
2026-08-06 23:30:00,2026-08-06 20:30:00+00:00,2026-08-06 20:40:00+00:00,2293.0,2295.5,2293.0,2295.5,3005
2026-08-06 23:40:00,2026-08-06 20:40:00+00:00,2026-08-06 20:50:00+00:00,2295.5,2297.0,2294.0,2297.0,6434
2026-08-07 06:50:00,2026-08-07 03:50:00+00:00,2026-08-07 04:00:00+00:00,2300.5,2300.5,2300.5,2300.5,280
2026-08-07 07:00:00,2026-08-07 04:00:00+00:00,2026-08-07 04:10:00+00:00,2300.5,2303.5,2295.5,2299.0,26024
2026-08-07 07:10:00,2026-08-07 04:10:00+00:00,2026-08-07 04:20:00+00:00,2298.5,2299.5,2295.5,2296.0,5356
2026-08-07 07:20:00,2026-08-07 04:20:00+00:00,2026-08-07 04:30:00+00:00,2296.0,2296.0,2291.0,2293.0,8784
2026-08-07 07:30:00,2026-08-07 04:30:00+00:00,2026-08-07 04:40:00+00:00,2293.0,2295.0,2291.0,2294.5,2152
2026-08-07 07:40:00,2026-08-07 04:40:00+00:00,2026-08-07 04:50:00+00:00,2294.0,2299.0,2293.0,2297.5,3631
2026-08-07 07:50:00,2026-08-07 04:50:00+00:00,2026-08-07 05:00:00+00:00,2297.5,2298.0,2295.0,2297.5,3032
2026-08-07 08:00:00,2026-08-07 05:00:00+00:00,2026-08-07 05:10:00+00:00,2297.5,2304.5,2297.5,2300.0,10429
2026-08-07 08:10:00,2026-08-07 05:10:00+00:00,2026-08-07 05:20:00+00:00,2301.0,2302.5,2299.5,2300.0,3610
2026-08-07 08:20:00,2026-08-07 05:20:00+00:00,2026-08-07 05:30:00+00:00,2300.0,2300.0,2292.5,2295.5,10188
2026-08-07 08:30:00,2026-08-07 05:30:00+00:00,2026-08-07 05:40:00+00:00,2295.5,2296.0,2290.5,2291.5,7593
2026-08-07 08:40:00,2026-08-07 05:40:00+00:00,2026-08-07 05:50:00+00:00,2291.5,2294.0,2291.0,2294.0,2964
2026-08-07 08:50:00,2026-08-07 05:50:00+00:00,2026-08-07 06:00:00+00:00,2294.0,2295.5,2293.0,2293.5,1973
2026-08-07 09:00:00,2026-08-07 06:00:00+00:00,2026-08-07 06:10:00+00:00,2293.5,2294.0,2287.5,2288.5,9875
2026-08-07 09:10:00,2026-08-07 06:10:00+00:00,2026-08-07 06:20:00+00:00,2289.0,2292.5,2286.0,2287.5,13911
2026-08-07 09:20:00,2026-08-07 06:20:00+00:00,2026-08-07 06:30:00+00:00,2287.0,2289.0,2285.0,2288.0,11444
2026-08-07 09:30:00,2026-08-07 06:30:00+00:00,2026-08-07 06:40:00+00:00,2287.5,2290.0,2287.5,2290.0,4785
2026-08-07 09:40:00,2026-08-07 06:40:00+00:00,2026-08-07 06:50:00+00:00,2289.5,2295.5,2289.5,2293.0,12235
2026-08-07 09:50:00,2026-08-07 06:50:00+00:00,2026-08-07 07:00:00+00:00,2293.0,2294.5,2290.5,2291.0,5301
2026-08-07 10:00:00,2026-08-07 07:00:00+00:00,2026-08-07 07:10:00+00:00,2291.0,2298.0,2289.5,2297.0,19855
2026-08-07 10:10:00,2026-08-07 07:10:00+00:00,2026-08-07 07:20:00+00:00,2297.0,2297.0,2292.5,2293.5,10522
2026-08-07 10:20:00,2026-08-07 07:20:00+00:00,2026-08-07 07:30:00+00:00,2294.0,2296.0,2291.0,2291.0,7183
2026-08-07 10:30:00,2026-08-07 07:30:00+00:00,2026-08-07 07:40:00+00:00,2291.0,2296.5,2291.0,2294.0,11203
2026-08-07 10:40:00,2026-08-07 07:40:00+00:00,2026-08-07 07:50:00+00:00,2294.0,2310.5,2294.0,2308.5,56893
2026-08-07 10:50:00,2026-08-07 07:50:00+00:00,2026-08-07 08:00:00+00:00,2308.5,2311.5,2305.0,2308.0,40751
2026-08-07 11:00:00,2026-08-07 08:00:00+00:00,2026-08-07 08:10:00+00:00,2309.0,2310.0,2304.5,2304.5,19709
2026-08-07 11:10:00,2026-08-07 08:10:00+00:00,2026-08-07 08:20:00+00:00,2304.5,2309.5,2304.0,2308.5,17885
2026-08-07 11:20:00,2026-08-07 08:20:00+00:00,2026-08-07 08:30:00+00:00,2308.0,2311.0,2305.0,2305.5,17693
2026-08-07 11:30:00,2026-08-07 08:30:00+00:00,2026-08-07 08:40:00+00:00,2306.0,2308.0,2305.0,2305.5,10963
2026-08-07 11:40:00,2026-08-07 08:40:00+00:00,2026-08-07 08:50:00+00:00,2305.5,2307.5,2303.5,2304.5,15026
2026-08-07 11:50:00,2026-08-07 08:50:00+00:00,2026-08-07 09:00:00+00:00,2305.0,2305.5,2300.5,2301.0,13225
2026-08-07 12:00:00,2026-08-07 09:00:00+00:00,2026-08-07 09:10:00+00:00,2301.5,2305.0,2301.0,2303.0,14689
2026-08-07 12:10:00,2026-08-07 09:10:00+00:00,2026-08-07 09:20:00+00:00,2303.0,2305.0,2302.0,2302.5,8114
2026-08-07 12:20:00,2026-08-07 09:20:00+00:00,2026-08-07 09:30:00+00:00,2302.5,2303.0,2294.0,2295.0,35893
2026-08-07 12:30:00,2026-08-07 09:30:00+00:00,2026-08-07 09:40:00+00:00,2295.0,2298.0,2292.0,2294.0,28858
2026-08-07 12:40:00,2026-08-07 09:40:00+00:00,2026-08-07 09:50:00+00:00,2293.5,2296.5,2289.5,2290.5,22068
2026-08-07 12:50:00,2026-08-07 09:50:00+00:00,2026-08-07 10:00:00+00:00,2290.5,2292.5,2286.5,2286.5,30558
2026-08-07 13:00:00,2026-08-07 10:00:00+00:00,2026-08-07 10:10:00+00:00,2286.5,2289.0,2282.5,2286.5,41528
2026-08-07 13:10:00,2026-08-07 10:10:00+00:00,2026-08-07 10:20:00+00:00,2286.5,2292.0,2286.5,2291.0,12495
2026-08-07 13:20:00,2026-08-07 10:20:00+00:00,2026-08-07 10:30:00+00:00,2291.0,2291.0,2287.0,2287.5,22229
2026-08-07 13:30:00,2026-08-07 10:30:00+00:00,2026-08-07 10:40:00+00:00,2287.0,2290.0,2281.5,2283.5,33076
2026-08-07 13:40:00,2026-08-07 10:40:00+00:00,2026-08-07 10:50:00+00:00,2283.5,2285.0,2277.5,2280.0,29235
2026-08-07 13:50:00,2026-08-07 10:50:00+00:00,2026-08-07 11:00:00+00:00,2279.5,2281.5,2277.0,2281.0,21956
2026-08-07 14:00:00,2026-08-07 11:00:00+00:00,2026-08-07 11:10:00+00:00,2281.0,2284.5,2279.5,2282.0,13526
2026-08-07 14:10:00,2026-08-07 11:10:00+00:00,2026-08-07 11:20:00+00:00,2282.0,2286.0,2279.5,2285.0,19650
2026-08-07 14:20:00,2026-08-07 11:20:00+00:00,2026-08-07 11:30:00+00:00,2285.0,2286.0,2282.0,2283.0,7322
2026-08-07 14:30:00,2026-08-07 11:30:00+00:00,2026-08-07 11:40:00+00:00,2283.5,2286.5,2281.5,2283.5,12055
2026-08-07 14:40:00,2026-08-07 11:40:00+00:00,2026-08-07 11:50:00+00:00,2283.0,2283.0,2279.5,2280.5,13223
2026-08-07 14:50:00,2026-08-07 11:50:00+00:00,2026-08-07 12:00:00+00:00,2280.0,2283.0,2279.5,2279.5,6694
2026-08-07 15:00:00,2026-08-07 12:00:00+00:00,2026-08-07 12:10:00+00:00,2279.5,2281.0,2274.5,2276.5,19749
2026-08-07 15:10:00,2026-08-07 12:10:00+00:00,2026-08-07 12:20:00+00:00,2276.5,2278.5,2272.0,2274.0,12111
2026-08-07 15:20:00,2026-08-07 12:20:00+00:00,2026-08-07 12:30:00+00:00,2273.5,2277.0,2273.0,2276.5,10543
2026-08-07 15:30:00,2026-08-07 12:30:00+00:00,2026-08-07 12:40:00+00:00,2275.5,2278.5,2272.5,2273.5,16074
2026-08-07 15:40:00,2026-08-07 12:40:00+00:00,2026-08-07 12:50:00+00:00,2273.0,2282.5,2272.0,2278.5,21191
2026-08-07 15:50:00,2026-08-07 12:50:00+00:00,2026-08-07 13:00:00+00:00,2278.5,2285.5,2278.5,2284.0,20027
2026-08-07 16:00:00,2026-08-07 13:00:00+00:00,2026-08-07 13:10:00+00:00,2284.0,2284.5,2280.0,2281.0,11556
2026-08-07 16:10:00,2026-08-07 13:10:00+00:00,2026-08-07 13:20:00+00:00,2282.0,2284.5,2278.5,2280.5,11134
2026-08-07 16:20:00,2026-08-07 13:20:00+00:00,2026-08-07 13:30:00+00:00,2280.5,2283.0,2280.0,2280.5,3934
2026-08-07 16:30:00,2026-08-07 13:30:00+00:00,2026-08-07 13:40:00+00:00,2280.5,2282.0,2277.5,2280.0,8631
2026-08-07 16:40:00,2026-08-07 13:40:00+00:00,2026-08-07 13:50:00+00:00,2280.0,2284.0,2279.0,2281.5,7774
2026-08-07 16:50:00,2026-08-07 13:50:00+00:00,2026-08-07 14:00:00+00:00,2281.5,2282.0,2279.0,2279.0,3920
2026-08-07 17:00:00,2026-08-07 14:00:00+00:00,2026-08-07 14:10:00+00:00,2278.5,2289.0,2278.0,2286.0,23227
2026-08-07 17:10:00,2026-08-07 14:10:00+00:00,2026-08-07 14:20:00+00:00,2286.5,2288.5,2280.5,2281.0,13676
2026-08-07 17:20:00,2026-08-07 14:20:00+00:00,2026-08-07 14:30:00+00:00,2281.0,2282.0,2278.0,2280.0,13373
2026-08-07 17:30:00,2026-08-07 14:30:00+00:00,2026-08-07 14:40:00+00:00,2279.5,2279.5,2273.5,2274.5,13231
2026-08-07 17:40:00,2026-08-07 14:40:00+00:00,2026-08-07 14:50:00+00:00,2274.5,2277.5,2274.5,2277.0,6642
2026-08-07 17:50:00,2026-08-07 14:50:00+00:00,2026-08-07 15:00:00+00:00,2276.5,2277.0,2275.0,2276.0,3319
2026-08-07 18:00:00,2026-08-07 15:00:00+00:00,2026-08-07 15:10:00+00:00,2275.5,2278.0,2275.0,2278.0,5134
2026-08-07 18:10:00,2026-08-07 15:10:00+00:00,2026-08-07 15:20:00+00:00,2278.0,2282.0,2277.5,2278.5,11013
2026-08-07 18:20:00,2026-08-07 15:20:00+00:00,2026-08-07 15:30:00+00:00,2278.5,2282.5,2278.0,2281.0,4198
2026-08-07 18:30:00,2026-08-07 15:30:00+00:00,2026-08-07 15:40:00+00:00,2281.0,2282.0,2279.0,2281.5,3532
2026-08-07 18:40:00,2026-08-07 15:40:00+00:00,2026-08-07 15:50:00+00:00,2280.5,2281.5,2280.0,2281.5,1465
2026-08-07 18:50:00,2026-08-07 15:50:00+00:00,2026-08-07 16:00:00+00:00,2281.0,2281.0,2279.0,2279.0,1566
2026-08-07 19:00:00,2026-08-07 16:00:00+00:00,2026-08-07 16:10:00+00:00,2279.5,2284.0,2279.0,2280.5,7471
2026-08-07 19:10:00,2026-08-07 16:10:00+00:00,2026-08-07 16:20:00+00:00,2280.5,2281.5,2279.5,2281.0,3289
2026-08-07 19:20:00,2026-08-07 16:20:00+00:00,2026-08-07 16:30:00+00:00,2281.0,2281.5,2279.0,2279.5,3730
2026-08-07 19:30:00,2026-08-07 16:30:00+00:00,2026-08-07 16:40:00+00:00,2279.5,2285.0,2279.5,2283.5,7053
2026-08-07 19:40:00,2026-08-07 16:40:00+00:00,2026-08-07 16:50:00+00:00,2283.0,2284.0,2281.0,2282.0,2584
2026-08-07 19:50:00,2026-08-07 16:50:00+00:00,2026-08-07 17:00:00+00:00,2282.0,2282.5,2279.5,2280.0,3106
2026-08-07 20:00:00,2026-08-07 17:00:00+00:00,2026-08-07 17:10:00+00:00,2280.0,2280.5,2277.5,2278.0,3189
2026-08-07 20:10:00,2026-08-07 17:10:00+00:00,2026-08-07 17:20:00+00:00,2278.0,2279.0,2275.5,2276.5,8815
2026-08-07 20:20:00,2026-08-07 17:20:00+00:00,2026-08-07 17:30:00+00:00,2277.0,2277.0,2275.5,2276.5,3294
2026-08-07 20:30:00,2026-08-07 17:30:00+00:00,2026-08-07 17:40:00+00:00,2276.0,2277.0,2276.0,2277.0,2257
2026-08-07 20:40:00,2026-08-07 17:40:00+00:00,2026-08-07 17:50:00+00:00,2277.0,2277.0,2275.0,2276.5,3970
2026-08-07 20:50:00,2026-08-07 17:50:00+00:00,2026-08-07 18:00:00+00:00,2277.0,2278.5,2276.5,2277.5,4029
2026-08-07 21:00:00,2026-08-07 18:00:00+00:00,2026-08-07 18:10:00+00:00,2277.5,2278.5,2275.0,2275.0,5549
2026-08-07 21:10:00,2026-08-07 18:10:00+00:00,2026-08-07 18:20:00+00:00,2275.0,2275.5,2273.0,2275.0,6918
2026-08-07 21:20:00,2026-08-07 18:20:00+00:00,2026-08-07 18:30:00+00:00,2274.5,2275.0,2265.5,2268.5,27239
2026-08-07 21:30:00,2026-08-07 18:30:00+00:00,2026-08-07 18:40:00+00:00,2268.0,2269.0,2262.5,2266.0,21298
2026-08-07 21:40:00,2026-08-07 18:40:00+00:00,2026-08-07 18:50:00+00:00,2266.0,2269.0,2265.0,2268.0,5055
2026-08-07 21:50:00,2026-08-07 18:50:00+00:00,2026-08-07 19:00:00+00:00,2268.0,2269.0,2267.0,2267.5,1694
2026-08-07 22:00:00,2026-08-07 19:00:00+00:00,2026-08-07 19:10:00+00:00,2267.5,2268.0,2265.0,2266.5,5268
2026-08-07 22:10:00,2026-08-07 19:10:00+00:00,2026-08-07 19:20:00+00:00,2266.0,2267.0,2263.5,2267.0,12041
2026-08-07 22:20:00,2026-08-07 19:20:00+00:00,2026-08-07 19:30:00+00:00,2267.0,2267.0,2261.5,2263.0,6841
2026-08-07 22:30:00,2026-08-07 19:30:00+00:00,2026-08-07 19:40:00+00:00,2263.5,2264.5,2261.5,2261.5,7523
2026-08-07 22:40:00,2026-08-07 19:40:00+00:00,2026-08-07 19:50:00+00:00,2261.5,2263.5,2260.0,2263.0,9392
2026-08-07 22:50:00,2026-08-07 19:50:00+00:00,2026-08-07 20:00:00+00:00,2263.5,2264.5,2261.5,2262.0,4910
2026-08-07 23:00:00,2026-08-07 20:00:00+00:00,2026-08-07 20:10:00+00:00,2261.5,2262.5,2261.0,2261.5,2559
2026-08-07 23:10:00,2026-08-07 20:10:00+00:00,2026-08-07 20:20:00+00:00,2261.5,2265.0,2261.5,2264.0,4146
2026-08-07 23:20:00,2026-08-07 20:20:00+00:00,2026-08-07 20:30:00+00:00,2264.0,2266.0,2264.0,2266.0,4114
2026-08-07 23:30:00,2026-08-07 20:30:00+00:00,2026-08-07 20:40:00+00:00,2265.5,2266.5,2265.0,2266.5,2809
2026-08-07 23:40:00,2026-08-07 20:40:00+00:00,2026-08-07 20:50:00+00:00,2266.5,2268.5,2265.5,2268.0,6900
2026-08-08 09:50:00,2026-08-08 06:50:00+00:00,2026-08-08 07:00:00+00:00,2269.0,2269.0,2269.0,2269.0,29
2026-08-08 10:00:00,2026-08-08 07:00:00+00:00,2026-08-08 07:10:00+00:00,2268.0,2272.5,2264.5,2268.5,4209
2026-08-08 10:10:00,2026-08-08 07:10:00+00:00,2026-08-08 07:20:00+00:00,2268.5,2270.5,2268.5,2269.0,2092
2026-08-08 10:20:00,2026-08-08 07:20:00+00:00,2026-08-08 07:30:00+00:00,2268.5,2270.0,2268.5,2269.0,969
2026-08-08 10:30:00,2026-08-08 07:30:00+00:00,2026-08-08 07:40:00+00:00,2268.5,2270.0,2268.5,2270.0,885
2026-08-08 10:40:00,2026-08-08 07:40:00+00:00,2026-08-08 07:50:00+00:00,2270.0,2270.0,2268.0,2268.5,1859
2026-08-08 10:50:00,2026-08-08 07:50:00+00:00,2026-08-08 08:00:00+00:00,2269.0,2270.0,2268.0,2268.5,1103
2026-08-08 11:00:00,2026-08-08 08:00:00+00:00,2026-08-08 08:10:00+00:00,2268.5,2269.5,2268.0,2268.5,589
2026-08-08 11:10:00,2026-08-08 08:10:00+00:00,2026-08-08 08:20:00+00:00,2268.5,2272.0,2268.5,2271.0,1726
2026-08-08 11:20:00,2026-08-08 08:20:00+00:00,2026-08-08 08:30:00+00:00,2270.0,2271.5,2270.0,2270.5,346
2026-08-08 11:30:00,2026-08-08 08:30:00+00:00,2026-08-08 08:40:00+00:00,2271.5,2273.0,2270.5,2271.5,2177
2026-08-08 11:40:00,2026-08-08 08:40:00+00:00,2026-08-08 08:50:00+00:00,2271.0,2272.0,2271.0,2271.5,274
2026-08-08 11:50:00,2026-08-08 08:50:00+00:00,2026-08-08 09:00:00+00:00,2272.0,2272.5,2271.0,2271.5,542
2026-08-08 12:00:00,2026-08-08 09:00:00+00:00,2026-08-08 09:10:00+00:00,2271.5,2273.5,2271.0,2273.5,2767
2026-08-08 12:10:00,2026-08-08 09:10:00+00:00,2026-08-08 09:20:00+00:00,2273.5,2274.0,2273.0,2273.5,1973
2026-08-08 12:20:00,2026-08-08 09:20:00+00:00,2026-08-08 09:30:00+00:00,2274.0,2275.0,2273.5,2274.0,2382
2026-08-08 12:30:00,2026-08-08 09:30:00+00:00,2026-08-08 09:40:00+00:00,2274.5,2274.5,2273.5,2273.5,335
2026-08-08 12:40:00,2026-08-08 09:40:00+00:00,2026-08-08 09:50:00+00:00,2273.5,2274.0,2273.5,2273.5,2594
2026-08-08 12:50:00,2026-08-08 09:50:00+00:00,2026-08-08 10:00:00+00:00,2273.5,2274.0,2270.5,2271.5,2194
2026-08-08 13:00:00,2026-08-08 10:00:00+00:00,2026-08-08 10:10:00+00:00,2272.0,2272.5,2271.0,2272.0,1006
2026-08-08 13:10:00,2026-08-08 10:10:00+00:00,2026-08-08 10:20:00+00:00,2271.5,2273.0,2271.5,2272.0,186
2026-08-08 13:20:00,2026-08-08 10:20:00+00:00,2026-08-08 10:30:00+00:00,2272.0,2272.0,2270.5,2270.5,233
2026-08-08 13:30:00,2026-08-08 10:30:00+00:00,2026-08-08 10:40:00+00:00,2271.0,2272.0,2270.5,2271.5,252
2026-08-08 13:40:00,2026-08-08 10:40:00+00:00,2026-08-08 10:50:00+00:00,2272.0,2272.0,2271.0,2271.0,175
2026-08-08 13:50:00,2026-08-08 10:50:00+00:00,2026-08-08 11:00:00+00:00,2271.0,2271.5,2271.0,2271.0,92
2026-08-08 14:00:00,2026-08-08 11:00:00+00:00,2026-08-08 11:10:00+00:00,2271.5,2272.5,2271.0,2272.5,186
2026-08-08 14:10:00,2026-08-08 11:10:00+00:00,2026-08-08 11:20:00+00:00,2272.5,2272.5,2271.5,2272.5,80
2026-08-08 14:20:00,2026-08-08 11:20:00+00:00,2026-08-08 11:30:00+00:00,2272.5,2272.5,2270.0,2270.5,1404
2026-08-08 14:30:00,2026-08-08 11:30:00+00:00,2026-08-08 11:40:00+00:00,2271.0,2271.5,2270.5,2270.5,193
2026-08-08 14:40:00,2026-08-08 11:40:00+00:00,2026-08-08 11:50:00+00:00,2271.0,2272.5,2271.0,2272.5,293
2026-08-08 14:50:00,2026-08-08 11:50:00+00:00,2026-08-08 12:00:00+00:00,2272.0,2273.5,2272.0,2273.0,417
2026-08-08 15:00:00,2026-08-08 12:00:00+00:00,2026-08-08 12:10:00+00:00,2273.0,2274.0,2272.5,2272.5,666
2026-08-08 15:10:00,2026-08-08 12:10:00+00:00,2026-08-08 12:20:00+00:00,2273.0,2273.0,2272.0,2272.0,7
2026-08-08 15:20:00,2026-08-08 12:20:00+00:00,2026-08-08 12:30:00+00:00,2272.0,2274.0,2272.0,2273.5,368
2026-08-08 15:30:00,2026-08-08 12:30:00+00:00,2026-08-08 12:40:00+00:00,2273.5,2274.0,2273.5,2274.0,243
2026-08-08 15:40:00,2026-08-08 12:40:00+00:00,2026-08-08 12:50:00+00:00,2274.0,2274.0,2273.5,2273.5,380
2026-08-08 15:50:00,2026-08-08 12:50:00+00:00,2026-08-08 13:00:00+00:00,2274.0,2274.0,2273.0,2273.0,69
2026-08-08 16:00:00,2026-08-08 13:00:00+00:00,2026-08-08 13:10:00+00:00,2273.5,2273.5,2273.0,2273.5,294
2026-08-08 16:10:00,2026-08-08 13:10:00+00:00,2026-08-08 13:20:00+00:00,2273.5,2274.0,2273.0,2273.0,255
2026-08-08 16:20:00,2026-08-08 13:20:00+00:00,2026-08-08 13:30:00+00:00,2273.0,2275.0,2272.5,2274.5,2058
2026-08-08 16:30:00,2026-08-08 13:30:00+00:00,2026-08-08 13:40:00+00:00,2274.5,2274.5,2273.5,2274.0,176
2026-08-08 16:40:00,2026-08-08 13:40:00+00:00,2026-08-08 13:50:00+00:00,2274.0,2274.5,2273.5,2274.5,188
2026-08-08 16:50:00,2026-08-08 13:50:00+00:00,2026-08-08 14:00:00+00:00,2273.5,2274.0,2272.0,2272.0,119
2026-08-08 17:00:00,2026-08-08 14:00:00+00:00,2026-08-08 14:10:00+00:00,2272.0,2285.0,2272.0,2283.5,18688
2026-08-08 17:10:00,2026-08-08 14:10:00+00:00,2026-08-08 14:20:00+00:00,2283.5,2294.5,2282.0,2289.5,24497
2026-08-08 17:20:00,2026-08-08 14:20:00+00:00,2026-08-08 14:30:00+00:00,2290.5,2294.0,2288.5,2293.0,15002
2026-08-08 17:30:00,2026-08-08 14:30:00+00:00,2026-08-08 14:40:00+00:00,2293.0,2298.0,2292.0,2294.0,14933
2026-08-08 17:40:00,2026-08-08 14:40:00+00:00,2026-08-08 14:50:00+00:00,2293.5,2296.5,2291.0,2293.0,9271
2026-08-08 17:50:00,2026-08-08 14:50:00+00:00,2026-08-08 15:00:00+00:00,2293.0,2297.0,2293.0,2297.0,6145
2026-08-08 18:00:00,2026-08-08 15:00:00+00:00,2026-08-08 15:10:00+00:00,2297.0,2297.5,2291.5,2292.0,7265
2026-08-08 18:10:00,2026-08-08 15:10:00+00:00,2026-08-08 15:20:00+00:00,2291.5,2295.0,2291.5,2294.5,3343
2026-08-08 18:20:00,2026-08-08 15:20:00+00:00,2026-08-08 15:30:00+00:00,2294.0,2295.0,2292.0,2292.5,2327
2026-08-08 18:30:00,2026-08-08 15:30:00+00:00,2026-08-08 15:40:00+00:00,2293.0,2295.0,2292.0,2294.0,3346
2026-08-08 18:40:00,2026-08-08 15:40:00+00:00,2026-08-08 15:50:00+00:00,2294.0,2294.0,2292.0,2292.5,1233
2026-08-08 18:50:00,2026-08-08 15:50:00+00:00,2026-08-08 16:00:00+00:00,2292.5,2295.0,2292.0,2292.5,2671
2026-08-09 09:50:00,2026-08-09 06:50:00+00:00,2026-08-09 07:00:00+00:00,2291.0,2291.0,2291.0,2291.0,600
2026-08-09 10:00:00,2026-08-09 07:00:00+00:00,2026-08-09 07:10:00+00:00,2292.5,2295.0,2291.0,2294.0,5589
2026-08-09 10:10:00,2026-08-09 07:10:00+00:00,2026-08-09 07:20:00+00:00,2294.0,2296.0,2293.0,2293.5,3843
2026-08-09 10:20:00,2026-08-09 07:20:00+00:00,2026-08-09 07:30:00+00:00,2293.5,2293.5,2291.5,2291.5,2494
2026-08-09 10:30:00,2026-08-09 07:30:00+00:00,2026-08-09 07:40:00+00:00,2291.5,2294.5,2291.0,2293.0,2614
2026-08-09 10:40:00,2026-08-09 07:40:00+00:00,2026-08-09 07:50:00+00:00,2293.5,2293.5,2291.5,2292.0,1239
2026-08-09 10:50:00,2026-08-09 07:50:00+00:00,2026-08-09 08:00:00+00:00,2291.5,2293.5,2291.5,2293.5,638
2026-08-09 11:00:00,2026-08-09 08:00:00+00:00,2026-08-09 08:10:00+00:00,2293.0,2294.0,2292.5,2294.0,959
2026-08-09 11:10:00,2026-08-09 08:10:00+00:00,2026-08-09 08:20:00+00:00,2293.5,2295.0,2293.0,2294.0,795
2026-08-09 11:20:00,2026-08-09 08:20:00+00:00,2026-08-09 08:30:00+00:00,2294.0,2295.0,2294.0,2294.5,874
2026-08-09 11:30:00,2026-08-09 08:30:00+00:00,2026-08-09 08:40:00+00:00,2294.0,2294.0,2293.0,2293.5,444
2026-08-09 11:40:00,2026-08-09 08:40:00+00:00,2026-08-09 08:50:00+00:00,2293.5,2295.0,2293.5,2295.0,460
2026-08-09 11:50:00,2026-08-09 08:50:00+00:00,2026-08-09 09:00:00+00:00,2294.0,2295.0,2294.0,2294.5,633
2026-08-09 12:00:00,2026-08-09 09:00:00+00:00,2026-08-09 09:10:00+00:00,2295.0,2295.0,2294.0,2294.0,456
2026-08-09 12:10:00,2026-08-09 09:10:00+00:00,2026-08-09 09:20:00+00:00,2294.0,2295.0,2294.0,2294.5,405
2026-08-09 12:20:00,2026-08-09 09:20:00+00:00,2026-08-09 09:30:00+00:00,2294.5,2295.5,2294.0,2295.0,855
2026-08-09 12:30:00,2026-08-09 09:30:00+00:00,2026-08-09 09:40:00+00:00,2295.0,2296.0,2295.0,2295.5,457
2026-08-09 12:40:00,2026-08-09 09:40:00+00:00,2026-08-09 09:50:00+00:00,2295.5,2296.5,2295.5,2296.0,843
2026-08-09 12:50:00,2026-08-09 09:50:00+00:00,2026-08-09 10:00:00+00:00,2296.0,2296.5,2295.5,2296.0,775
2026-08-09 13:00:00,2026-08-09 10:00:00+00:00,2026-08-09 10:10:00+00:00,2296.0,2297.0,2296.0,2296.5,904
2026-08-09 13:10:00,2026-08-09 10:10:00+00:00,2026-08-09 10:20:00+00:00,2296.0,2297.0,2294.0,2295.5,1348
2026-08-09 13:20:00,2026-08-09 10:20:00+00:00,2026-08-09 10:30:00+00:00,2295.0,2296.0,2293.5,2296.0,1276
2026-08-09 13:30:00,2026-08-09 10:30:00+00:00,2026-08-09 10:40:00+00:00,2296.0,2296.5,2295.0,2295.5,375
2026-08-09 13:40:00,2026-08-09 10:40:00+00:00,2026-08-09 10:50:00+00:00,2295.5,2296.5,2295.5,2296.0,1013
2026-08-09 13:50:00,2026-08-09 10:50:00+00:00,2026-08-09 11:00:00+00:00,2296.0,2296.5,2295.5,2296.0,694
2026-08-09 14:00:00,2026-08-09 11:00:00+00:00,2026-08-09 11:10:00+00:00,2296.0,2296.5,2295.5,2296.0,316
2026-08-09 14:10:00,2026-08-09 11:10:00+00:00,2026-08-09 11:20:00+00:00,2296.5,2296.5,2296.0,2296.5,521
2026-08-09 14:20:00,2026-08-09 11:20:00+00:00,2026-08-09 11:30:00+00:00,2296.5,2296.5,2296.0,2296.0,663
2026-08-09 14:30:00,2026-08-09 11:30:00+00:00,2026-08-09 11:40:00+00:00,2296.0,2296.0,2295.5,2295.5,104
2026-08-09 14:40:00,2026-08-09 11:40:00+00:00,2026-08-09 11:50:00+00:00,2295.5,2296.5,2295.5,2295.5,193
2026-08-09 14:50:00,2026-08-09 11:50:00+00:00,2026-08-09 12:00:00+00:00,2295.5,2295.5,2293.5,2293.5,1225
2026-08-09 15:00:00,2026-08-09 12:00:00+00:00,2026-08-09 12:10:00+00:00,2294.0,2294.5,2292.0,2292.5,2325
2026-08-09 15:10:00,2026-08-09 12:10:00+00:00,2026-08-09 12:20:00+00:00,2292.5,2295.5,2292.0,2294.0,2021
2026-08-09 15:20:00,2026-08-09 12:20:00+00:00,2026-08-09 12:30:00+00:00,2295.0,2296.5,2294.5,2295.5,1586
2026-08-09 15:30:00,2026-08-09 12:30:00+00:00,2026-08-09 12:40:00+00:00,2295.5,2296.0,2294.0,2295.0,404
2026-08-09 15:40:00,2026-08-09 12:40:00+00:00,2026-08-09 12:50:00+00:00,2295.0,2296.0,2295.0,2296.0,268
2026-08-09 15:50:00,2026-08-09 12:50:00+00:00,2026-08-09 13:00:00+00:00,2295.5,2295.5,2294.5,2295.0,378
2026-08-09 16:00:00,2026-08-09 13:00:00+00:00,2026-08-09 13:10:00+00:00,2294.5,2296.0,2294.0,2296.0,684
2026-08-09 16:10:00,2026-08-09 13:10:00+00:00,2026-08-09 13:20:00+00:00,2296.0,2296.0,2295.5,2296.0,406
2026-08-09 16:20:00,2026-08-09 13:20:00+00:00,2026-08-09 13:30:00+00:00,2296.0,2296.0,2295.0,2295.5,184
2026-08-09 16:30:00,2026-08-09 13:30:00+00:00,2026-08-09 13:40:00+00:00,2295.5,2295.5,2295.0,2295.0,65
2026-08-09 16:40:00,2026-08-09 13:40:00+00:00,2026-08-09 13:50:00+00:00,2295.0,2295.5,2295.0,2295.0,103
2026-08-09 16:50:00,2026-08-09 13:50:00+00:00,2026-08-09 14:00:00+00:00,2295.0,2296.0,2295.0,2295.5,324
2026-08-09 17:00:00,2026-08-09 14:00:00+00:00,2026-08-09 14:10:00+00:00,2295.5,2295.5,2294.5,2295.0,544
2026-08-09 17:10:00,2026-08-09 14:10:00+00:00,2026-08-09 14:20:00+00:00,2295.0,2295.5,2295.0,2295.5,101
2026-08-09 17:20:00,2026-08-09 14:20:00+00:00,2026-08-09 14:30:00+00:00,2295.5,2296.0,2294.5,2294.5,884
2026-08-09 17:30:00,2026-08-09 14:30:00+00:00,2026-08-09 14:40:00+00:00,2294.5,2295.5,2294.0,2295.0,504
2026-08-09 17:40:00,2026-08-09 14:40:00+00:00,2026-08-09 14:50:00+00:00,2295.5,2295.5,2294.5,2295.5,359
2026-08-09 17:50:00,2026-08-09 14:50:00+00:00,2026-08-09 15:00:00+00:00,2295.5,2296.0,2295.0,2295.5,207
2026-08-09 18:00:00,2026-08-09 15:00:00+00:00,2026-08-09 15:10:00+00:00,2296.0,2296.0,2295.0,2295.5,1112
2026-08-09 18:10:00,2026-08-09 15:10:00+00:00,2026-08-09 15:20:00+00:00,2295.5,2296.0,2295.0,2296.0,1012
2026-08-09 18:20:00,2026-08-09 15:20:00+00:00,2026-08-09 15:30:00+00:00,2296.0,2296.0,2295.5,2296.0,2002
2026-08-09 18:30:00,2026-08-09 15:30:00+00:00,2026-08-09 15:40:00+00:00,2296.5,2297.5,2296.0,2297.0,4819
2026-08-09 18:40:00,2026-08-09 15:40:00+00:00,2026-08-09 15:50:00+00:00,2297.0,2297.5,2296.0,2297.0,1333
2026-08-09 18:50:00,2026-08-09 15:50:00+00:00,2026-08-09 16:00:00+00:00,2297.0,2298.0,2296.0,2296.5,3549
2026-08-10 06:50:00,2026-08-10 03:50:00+00:00,2026-08-10 04:00:00+00:00,2295.0,2295.0,2295.0,2295.0,1063
2026-08-10 07:00:00,2026-08-10 04:00:00+00:00,2026-08-10 04:10:00+00:00,2295.0,2296.5,2289.0,2290.0,18645
2026-08-10 07:10:00,2026-08-10 04:10:00+00:00,2026-08-10 04:20:00+00:00,2290.0,2293.5,2290.0,2292.5,5526
2026-08-10 07:20:00,2026-08-10 04:20:00+00:00,2026-08-10 04:30:00+00:00,2292.5,2292.5,2289.0,2291.0,3609
2026-08-10 07:30:00,2026-08-10 04:30:00+00:00,2026-08-10 04:40:00+00:00,2290.5,2291.0,2289.5,2290.5,3238
2026-08-10 07:40:00,2026-08-10 04:40:00+00:00,2026-08-10 04:50:00+00:00,2290.5,2292.5,2289.0,2290.0,3985
2026-08-10 07:50:00,2026-08-10 04:50:00+00:00,2026-08-10 05:00:00+00:00,2290.5,2292.0,2289.5,2292.0,1481
2026-08-10 08:00:00,2026-08-10 05:00:00+00:00,2026-08-10 05:10:00+00:00,2292.0,2294.5,2289.5,2289.5,4956
2026-08-10 08:10:00,2026-08-10 05:10:00+00:00,2026-08-10 05:20:00+00:00,2289.5,2290.5,2288.0,2290.5,4563
2026-08-10 08:20:00,2026-08-10 05:20:00+00:00,2026-08-10 05:30:00+00:00,2291.0,2291.5,2288.5,2289.0,1432
2026-08-10 08:30:00,2026-08-10 05:30:00+00:00,2026-08-10 05:40:00+00:00,2289.0,2291.0,2288.0,2288.0,3247
2026-08-10 08:40:00,2026-08-10 05:40:00+00:00,2026-08-10 05:50:00+00:00,2288.0,2290.5,2288.0,2289.0,1368
2026-08-10 08:50:00,2026-08-10 05:50:00+00:00,2026-08-10 06:00:00+00:00,2289.0,2293.5,2289.0,2292.0,4157
2026-08-10 09:00:00,2026-08-10 06:00:00+00:00,2026-08-10 06:10:00+00:00,2292.0,2292.5,2289.5,2291.0,4183
2026-08-10 09:10:00,2026-08-10 06:10:00+00:00,2026-08-10 06:20:00+00:00,2291.5,2293.5,2290.5,2291.0,7519
2026-08-10 09:20:00,2026-08-10 06:20:00+00:00,2026-08-10 06:30:00+00:00,2291.0,2292.5,2290.5,2291.0,2791
2026-08-10 09:30:00,2026-08-10 06:30:00+00:00,2026-08-10 06:40:00+00:00,2291.0,2298.0,2289.5,2296.5,9630
2026-08-10 09:40:00,2026-08-10 06:40:00+00:00,2026-08-10 06:50:00+00:00,2296.0,2299.5,2294.0,2297.0,13299
2026-08-10 09:50:00,2026-08-10 06:50:00+00:00,2026-08-10 07:00:00+00:00,2297.0,2302.5,2295.5,2300.0,19007
2026-08-10 10:00:00,2026-08-10 07:00:00+00:00,2026-08-10 07:10:00+00:00,2300.0,2302.0,2294.0,2295.0,20266
2026-08-10 10:10:00,2026-08-10 07:10:00+00:00,2026-08-10 07:20:00+00:00,2294.5,2298.5,2293.0,2294.0,12883
2026-08-10 10:20:00,2026-08-10 07:20:00+00:00,2026-08-10 07:30:00+00:00,2294.0,2298.5,2294.0,2295.5,6564
2026-08-10 10:30:00,2026-08-10 07:30:00+00:00,2026-08-10 07:40:00+00:00,2296.0,2307.0,2296.0,2305.0,43762
2026-08-10 10:40:00,2026-08-10 07:40:00+00:00,2026-08-10 07:50:00+00:00,2305.5,2306.0,2300.5,2301.5,9335
2026-08-10 10:50:00,2026-08-10 07:50:00+00:00,2026-08-10 08:00:00+00:00,2301.0,2301.5,2296.0,2296.0,19325
2026-08-10 11:00:00,2026-08-10 08:00:00+00:00,2026-08-10 08:10:00+00:00,2296.5,2298.5,2290.0,2293.0,40858
2026-08-10 11:10:00,2026-08-10 08:10:00+00:00,2026-08-10 08:20:00+00:00,2293.0,2294.0,2291.0,2292.5,6883
2026-08-10 11:20:00,2026-08-10 08:20:00+00:00,2026-08-10 08:30:00+00:00,2292.0,2296.0,2290.5,2294.5,12599
2026-08-10 11:30:00,2026-08-10 08:30:00+00:00,2026-08-10 08:40:00+00:00,2295.0,2295.0,2289.0,2294.5,12211
2026-08-10 11:40:00,2026-08-10 08:40:00+00:00,2026-08-10 08:50:00+00:00,2294.5,2295.0,2290.0,2290.5,6471
2026-08-10 11:50:00,2026-08-10 08:50:00+00:00,2026-08-10 09:00:00+00:00,2290.5,2299.5,2290.5,2297.5,17160
2026-08-10 12:00:00,2026-08-10 09:00:00+00:00,2026-08-10 09:10:00+00:00,2297.5,2299.0,2294.0,2296.5,8609
2026-08-10 12:10:00,2026-08-10 09:10:00+00:00,2026-08-10 09:20:00+00:00,2296.5,2299.5,2296.0,2296.0,13206
2026-08-10 12:20:00,2026-08-10 09:20:00+00:00,2026-08-10 09:30:00+00:00,2296.0,2298.0,2294.5,2295.5,6179
2026-08-10 12:30:00,2026-08-10 09:30:00+00:00,2026-08-10 09:40:00+00:00,2296.0,2297.0,2294.0,2295.5,3762
2026-08-10 12:40:00,2026-08-10 09:40:00+00:00,2026-08-10 09:50:00+00:00,2295.5,2296.5,2294.5,2296.0,3221
2026-08-10 12:50:00,2026-08-10 09:50:00+00:00,2026-08-10 10:00:00+00:00,2296.0,2296.0,2291.5,2292.0,4926
2026-08-10 13:00:00,2026-08-10 10:00:00+00:00,2026-08-10 10:10:00+00:00,2292.0,2293.0,2288.5,2288.5,11342
2026-08-10 13:10:00,2026-08-10 10:10:00+00:00,2026-08-10 10:20:00+00:00,2288.5,2289.0,2282.0,2285.0,30629
2026-08-10 13:20:00,2026-08-10 10:20:00+00:00,2026-08-10 10:30:00+00:00,2285.0,2285.5,2283.0,2284.0,6717
2026-08-10 13:30:00,2026-08-10 10:30:00+00:00,2026-08-10 10:40:00+00:00,2283.5,2286.0,2282.5,2286.0,10366
2026-08-10 13:40:00,2026-08-10 10:40:00+00:00,2026-08-10 10:50:00+00:00,2286.0,2287.5,2283.5,2284.0,10478
2026-08-10 13:50:00,2026-08-10 10:50:00+00:00,2026-08-10 11:00:00+00:00,2284.5,2290.0,2284.5,2288.0,24657
2026-08-10 14:00:00,2026-08-10 11:00:00+00:00,2026-08-10 11:10:00+00:00,2288.0,2288.5,2285.0,2285.5,4793
2026-08-10 14:10:00,2026-08-10 11:10:00+00:00,2026-08-10 11:20:00+00:00,2285.5,2286.0,2281.5,2282.5,7453
2026-08-10 14:20:00,2026-08-10 11:20:00+00:00,2026-08-10 11:30:00+00:00,2282.5,2284.5,2282.0,2283.0,8598
2026-08-10 14:30:00,2026-08-10 11:30:00+00:00,2026-08-10 11:40:00+00:00,2282.5,2285.5,2278.5,2283.5,16297
2026-08-10 14:40:00,2026-08-10 11:40:00+00:00,2026-08-10 11:50:00+00:00,2283.5,2284.5,2278.5,2281.5,18978
2026-08-10 14:50:00,2026-08-10 11:50:00+00:00,2026-08-10 12:00:00+00:00,2281.5,2283.5,2279.5,2280.5,5253
2026-08-10 15:00:00,2026-08-10 12:00:00+00:00,2026-08-10 12:10:00+00:00,2280.5,2291.0,2280.0,2289.0,31365
2026-08-10 15:10:00,2026-08-10 12:10:00+00:00,2026-08-10 12:20:00+00:00,2289.0,2289.5,2284.5,2284.5,9242
2026-08-10 15:20:00,2026-08-10 12:20:00+00:00,2026-08-10 12:30:00+00:00,2284.5,2286.0,2282.5,2285.5,7797
2026-08-10 15:30:00,2026-08-10 12:30:00+00:00,2026-08-10 12:40:00+00:00,2285.0,2288.0,2284.0,2285.0,6170
2026-08-10 15:40:00,2026-08-10 12:40:00+00:00,2026-08-10 12:50:00+00:00,2285.0,2289.5,2285.0,2286.0,5148
2026-08-10 15:50:00,2026-08-10 12:50:00+00:00,2026-08-10 13:00:00+00:00,2287.0,2290.5,2287.0,2289.0,8079
2026-08-10 16:00:00,2026-08-10 13:00:00+00:00,2026-08-10 13:10:00+00:00,2289.0,2291.0,2286.5,2289.0,10842
2026-08-10 16:10:00,2026-08-10 13:10:00+00:00,2026-08-10 13:20:00+00:00,2289.0,2291.0,2285.5,2287.0,5587
2026-08-10 16:20:00,2026-08-10 13:20:00+00:00,2026-08-10 13:30:00+00:00,2287.0,2287.5,2285.0,2286.0,2774
2026-08-10 16:30:00,2026-08-10 13:30:00+00:00,2026-08-10 13:40:00+00:00,2286.0,2288.0,2285.5,2287.5,2443
2026-08-10 16:40:00,2026-08-10 13:40:00+00:00,2026-08-10 13:50:00+00:00,2288.0,2293.5,2286.0,2293.5,19602
2026-08-10 16:50:00,2026-08-10 13:50:00+00:00,2026-08-10 14:00:00+00:00,2293.0,2293.5,2290.5,2291.0,9724
2026-08-10 17:00:00,2026-08-10 14:00:00+00:00,2026-08-10 14:10:00+00:00,2291.0,2294.0,2290.0,2291.0,7625
2026-08-10 17:10:00,2026-08-10 14:10:00+00:00,2026-08-10 14:20:00+00:00,2291.0,2291.5,2288.0,2289.5,5907
2026-08-10 17:20:00,2026-08-10 14:20:00+00:00,2026-08-10 14:30:00+00:00,2290.0,2294.0,2290.0,2293.0,5417
2026-08-10 17:30:00,2026-08-10 14:30:00+00:00,2026-08-10 14:40:00+00:00,2293.0,2296.0,2291.5,2292.0,17542
2026-08-10 17:40:00,2026-08-10 14:40:00+00:00,2026-08-10 14:50:00+00:00,2292.0,2294.5,2291.5,2294.0,4123
2026-08-10 17:50:00,2026-08-10 14:50:00+00:00,2026-08-10 15:00:00+00:00,2293.5,2294.0,2288.0,2288.0,7044
2026-08-10 18:00:00,2026-08-10 15:00:00+00:00,2026-08-10 15:10:00+00:00,2288.0,2290.5,2287.0,2290.0,5555
2026-08-10 18:10:00,2026-08-10 15:10:00+00:00,2026-08-10 15:20:00+00:00,2289.5,2293.0,2289.0,2291.5,3888
2026-08-10 18:20:00,2026-08-10 15:20:00+00:00,2026-08-10 15:30:00+00:00,2291.5,2295.0,2289.0,2295.0,14277
2026-08-10 18:30:00,2026-08-10 15:30:00+00:00,2026-08-10 15:40:00+00:00,2294.5,2295.5,2292.5,2293.0,5679
2026-08-10 18:40:00,2026-08-10 15:40:00+00:00,2026-08-10 15:50:00+00:00,2293.0,2295.5,2292.0,2295.5,5522
2026-08-10 18:50:00,2026-08-10 15:50:00+00:00,2026-08-10 16:00:00+00:00,2295.5,2296.0,2293.5,2294.5,5451
2026-08-10 19:00:00,2026-08-10 16:00:00+00:00,2026-08-10 16:10:00+00:00,2293.5,2295.0,2293.0,2294.0,2393
2026-08-10 19:10:00,2026-08-10 16:10:00+00:00,2026-08-10 16:20:00+00:00,2294.5,2295.5,2293.5,2294.5,3556
2026-08-10 19:20:00,2026-08-10 16:20:00+00:00,2026-08-10 16:30:00+00:00,2294.0,2295.5,2293.0,2294.5,3259
2026-08-10 19:30:00,2026-08-10 16:30:00+00:00,2026-08-10 16:40:00+00:00,2295.0,2296.5,2294.5,2296.0,3012
2026-08-10 19:40:00,2026-08-10 16:40:00+00:00,2026-08-10 16:50:00+00:00,2296.0,2301.0,2295.5,2300.5,18950
2026-08-10 19:50:00,2026-08-10 16:50:00+00:00,2026-08-10 17:00:00+00:00,2300.0,2305.0,2299.5,2305.0,21395
2026-08-10 20:00:00,2026-08-10 17:00:00+00:00,2026-08-10 17:10:00+00:00,2305.0,2309.5,2305.0,2305.5,31102
2026-08-10 20:10:00,2026-08-10 17:10:00+00:00,2026-08-10 17:20:00+00:00,2305.5,2306.5,2303.0,2303.5,8113
2026-08-10 20:20:00,2026-08-10 17:20:00+00:00,2026-08-10 17:30:00+00:00,2303.5,2305.0,2303.0,2305.0,4280
2026-08-10 20:30:00,2026-08-10 17:30:00+00:00,2026-08-10 17:40:00+00:00,2305.0,2305.0,2303.0,2303.5,6385
2026-08-10 20:40:00,2026-08-10 17:40:00+00:00,2026-08-10 17:50:00+00:00,2303.0,2304.5,2302.5,2304.5,3028
2026-08-10 20:50:00,2026-08-10 17:50:00+00:00,2026-08-10 18:00:00+00:00,2304.5,2304.5,2303.0,2303.5,1552
2026-08-10 21:00:00,2026-08-10 18:00:00+00:00,2026-08-10 18:10:00+00:00,2303.5,2305.0,2303.5,2304.0,1517
2026-08-10 21:10:00,2026-08-10 18:10:00+00:00,2026-08-10 18:20:00+00:00,2303.5,2305.0,2303.5,2303.5,2667
2026-08-10 21:20:00,2026-08-10 18:20:00+00:00,2026-08-10 18:30:00+00:00,2303.5,2303.5,2300.0,2300.0,5847
2026-08-10 21:30:00,2026-08-10 18:30:00+00:00,2026-08-10 18:40:00+00:00,2300.0,2302.5,2300.0,2301.5,2631
2026-08-10 21:40:00,2026-08-10 18:40:00+00:00,2026-08-10 18:50:00+00:00,2301.5,2303.5,2301.0,2302.5,5176
2026-08-10 21:50:00,2026-08-10 18:50:00+00:00,2026-08-10 19:00:00+00:00,2303.0,2305.0,2302.5,2305.0,4887
2026-08-10 22:00:00,2026-08-10 19:00:00+00:00,2026-08-10 19:10:00+00:00,2304.5,2305.0,2303.5,2304.0,1841
2026-08-10 22:10:00,2026-08-10 19:10:00+00:00,2026-08-10 19:20:00+00:00,2304.0,2306.5,2304.0,2306.0,4860
2026-08-10 22:20:00,2026-08-10 19:20:00+00:00,2026-08-10 19:30:00+00:00,2306.0,2306.5,2304.5,2305.0,964
2026-08-10 22:30:00,2026-08-10 19:30:00+00:00,2026-08-10 19:40:00+00:00,2305.5,2307.5,2305.0,2306.5,2996
2026-08-10 22:40:00,2026-08-10 19:40:00+00:00,2026-08-10 19:50:00+00:00,2306.5,2311.0,2306.5,2309.0,10187
2026-08-10 22:50:00,2026-08-10 19:50:00+00:00,2026-08-10 20:00:00+00:00,2309.0,2313.0,2308.5,2312.5,9867
2026-08-10 23:00:00,2026-08-10 20:00:00+00:00,2026-08-10 20:10:00+00:00,2312.5,2314.0,2310.5,2311.0,5508
2026-08-10 23:10:00,2026-08-10 20:10:00+00:00,2026-08-10 20:20:00+00:00,2311.5,2312.0,2311.0,2311.0,1945
2026-08-10 23:20:00,2026-08-10 20:20:00+00:00,2026-08-10 20:30:00+00:00,2311.0,2312.5,2309.5,2310.0,3724
2026-08-10 23:30:00,2026-08-10 20:30:00+00:00,2026-08-10 20:40:00+00:00,2310.0,2312.0,2309.0,2311.5,4128
2026-08-10 23:40:00,2026-08-10 20:40:00+00:00,2026-08-10 20:50:00+00:00,2311.5,2314.0,2310.5,2314.0,7668
2026-08-11 06:50:00,2026-08-11 03:50:00+00:00,2026-08-11 04:00:00+00:00,2312.0,2312.0,2312.0,2312.0,46
2026-08-11 07:00:00,2026-08-11 04:00:00+00:00,2026-08-11 04:10:00+00:00,2312.0,2312.0,2306.5,2307.0,8765
2026-08-11 07:10:00,2026-08-11 04:10:00+00:00,2026-08-11 04:20:00+00:00,2307.0,2309.0,2306.0,2309.0,3923
2026-08-11 07:20:00,2026-08-11 04:20:00+00:00,2026-08-11 04:30:00+00:00,2309.0,2313.5,2309.0,2311.0,4940
2026-08-11 07:30:00,2026-08-11 04:30:00+00:00,2026-08-11 04:40:00+00:00,2312.0,2315.5,2310.0,2310.5,14864
2026-08-11 07:40:00,2026-08-11 04:40:00+00:00,2026-08-11 04:50:00+00:00,2310.5,2312.0,2309.0,2310.0,3566
2026-08-11 07:50:00,2026-08-11 04:50:00+00:00,2026-08-11 05:00:00+00:00,2310.0,2311.5,2308.0,2311.0,2196
2026-08-11 08:00:00,2026-08-11 05:00:00+00:00,2026-08-11 05:10:00+00:00,2311.0,2312.0,2307.0,2309.0,4651
2026-08-11 08:10:00,2026-08-11 05:10:00+00:00,2026-08-11 05:20:00+00:00,2309.0,2310.5,2308.0,2309.0,2749
2026-08-11 08:20:00,2026-08-11 05:20:00+00:00,2026-08-11 05:30:00+00:00,2310.0,2310.0,2306.5,2308.0,2952
2026-08-11 08:30:00,2026-08-11 05:30:00+00:00,2026-08-11 05:40:00+00:00,2308.5,2308.5,2306.5,2308.0,2111
2026-08-11 08:40:00,2026-08-11 05:40:00+00:00,2026-08-11 05:50:00+00:00,2308.5,2309.0,2307.0,2307.5,1519
2026-08-11 08:50:00,2026-08-11 05:50:00+00:00,2026-08-11 06:00:00+00:00,2307.5,2311.5,2307.5,2310.5,2612
2026-08-11 09:00:00,2026-08-11 06:00:00+00:00,2026-08-11 06:10:00+00:00,2311.5,2314.0,2307.5,2308.0,6199
2026-08-11 09:10:00,2026-08-11 06:10:00+00:00,2026-08-11 06:20:00+00:00,2307.5,2309.5,2306.0,2308.0,5237
2026-08-11 09:20:00,2026-08-11 06:20:00+00:00,2026-08-11 06:30:00+00:00,2307.5,2311.0,2307.5,2311.0,4219
2026-08-11 09:30:00,2026-08-11 06:30:00+00:00,2026-08-11 06:40:00+00:00,2310.5,2314.0,2310.0,2312.0,6708
2026-08-11 09:40:00,2026-08-11 06:40:00+00:00,2026-08-11 06:50:00+00:00,2312.5,2323.5,2312.5,2319.0,36455
2026-08-11 09:50:00,2026-08-11 06:50:00+00:00,2026-08-11 07:00:00+00:00,2319.0,2320.0,2317.0,2317.5,13922
2026-08-11 10:00:00,2026-08-11 07:00:00+00:00,2026-08-11 07:10:00+00:00,2317.0,2327.0,2317.0,2324.0,32379
2026-08-11 10:10:00,2026-08-11 07:10:00+00:00,2026-08-11 07:20:00+00:00,2323.5,2325.5,2322.0,2323.5,21316
2026-08-11 10:20:00,2026-08-11 07:20:00+00:00,2026-08-11 07:30:00+00:00,2323.5,2329.0,2322.5,2323.5,29715
2026-08-11 10:30:00,2026-08-11 07:30:00+00:00,2026-08-11 07:40:00+00:00,2324.0,2325.0,2320.5,2320.5,17061
2026-08-11 10:40:00,2026-08-11 07:40:00+00:00,2026-08-11 07:50:00+00:00,2320.5,2322.5,2318.5,2319.0,12578
2026-08-11 10:50:00,2026-08-11 07:50:00+00:00,2026-08-11 08:00:00+00:00,2319.0,2320.0,2315.0,2317.0,18163
2026-08-11 11:00:00,2026-08-11 08:00:00+00:00,2026-08-11 08:10:00+00:00,2316.5,2323.0,2316.0,2321.5,14922
2026-08-11 11:10:00,2026-08-11 08:10:00+00:00,2026-08-11 08:20:00+00:00,2321.5,2324.5,2319.0,2320.0,23644
2026-08-11 11:20:00,2026-08-11 08:20:00+00:00,2026-08-11 08:30:00+00:00,2320.0,2323.0,2318.5,2322.0,18337
2026-08-11 11:30:00,2026-08-11 08:30:00+00:00,2026-08-11 08:40:00+00:00,2322.0,2324.0,2320.0,2322.0,9316
2026-08-11 11:40:00,2026-08-11 08:40:00+00:00,2026-08-11 08:50:00+00:00,2322.0,2323.0,2317.5,2319.0,9688
2026-08-11 11:50:00,2026-08-11 08:50:00+00:00,2026-08-11 09:00:00+00:00,2319.5,2320.5,2317.5,2318.5,12862
2026-08-11 12:00:00,2026-08-11 09:00:00+00:00,2026-08-11 09:10:00+00:00,2319.0,2322.5,2316.5,2319.0,10795
2026-08-11 12:10:00,2026-08-11 09:10:00+00:00,2026-08-11 09:20:00+00:00,2319.0,2323.0,2318.5,2321.0,9002
2026-08-11 12:20:00,2026-08-11 09:20:00+00:00,2026-08-11 09:30:00+00:00,2320.5,2321.0,2318.0,2318.5,3384
2026-08-11 12:30:00,2026-08-11 09:30:00+00:00,2026-08-11 09:40:00+00:00,2319.0,2320.0,2318.0,2319.0,5675
2026-08-11 12:40:00,2026-08-11 09:40:00+00:00,2026-08-11 09:50:00+00:00,2318.5,2320.5,2318.0,2320.0,4799
2026-08-11 12:50:00,2026-08-11 09:50:00+00:00,2026-08-11 10:00:00+00:00,2320.0,2322.5,2318.5,2320.0,6092
2026-08-11 13:00:00,2026-08-11 10:00:00+00:00,2026-08-11 10:10:00+00:00,2320.0,2325.5,2319.5,2323.0,12631
2026-08-11 13:10:00,2026-08-11 10:10:00+00:00,2026-08-11 10:20:00+00:00,2323.5,2323.5,2322.0,2323.0,2933
2026-08-11 13:20:00,2026-08-11 10:20:00+00:00,2026-08-11 10:30:00+00:00,2322.5,2323.0,2320.5,2320.5,4007
2026-08-11 13:30:00,2026-08-11 10:30:00+00:00,2026-08-11 10:40:00+00:00,2320.5,2321.0,2312.0,2315.0,38891
2026-08-11 13:40:00,2026-08-11 10:40:00+00:00,2026-08-11 10:50:00+00:00,2315.0,2316.5,2313.5,2315.5,22558
2026-08-11 13:50:00,2026-08-11 10:50:00+00:00,2026-08-11 11:00:00+00:00,2315.5,2318.5,2315.5,2315.5,12326
2026-08-11 14:00:00,2026-08-11 11:00:00+00:00,2026-08-11 11:10:00+00:00,2315.5,2317.5,2309.0,2312.0,24094
2026-08-11 14:10:00,2026-08-11 11:10:00+00:00,2026-08-11 11:20:00+00:00,2312.0,2313.5,2311.0,2311.5,6140
2026-08-11 14:20:00,2026-08-11 11:20:00+00:00,2026-08-11 11:30:00+00:00,2311.0,2315.5,2310.5,2315.5,15338
2026-08-11 14:30:00,2026-08-11 11:30:00+00:00,2026-08-11 11:40:00+00:00,2315.0,2317.5,2314.0,2315.0,6395
2026-08-11 14:40:00,2026-08-11 11:40:00+00:00,2026-08-11 11:50:00+00:00,2315.0,2321.5,2314.5,2321.0,13957
2026-08-11 14:50:00,2026-08-11 11:50:00+00:00,2026-08-11 12:00:00+00:00,2321.0,2321.5,2318.0,2318.5,7845
2026-08-11 15:00:00,2026-08-11 12:00:00+00:00,2026-08-11 12:10:00+00:00,2319.0,2320.0,2316.0,2317.0,8144
2026-08-11 15:10:00,2026-08-11 12:10:00+00:00,2026-08-11 12:20:00+00:00,2317.0,2318.0,2315.0,2317.5,4223
2026-08-11 15:20:00,2026-08-11 12:20:00+00:00,2026-08-11 12:30:00+00:00,2317.0,2324.5,2316.5,2320.5,17568
2026-08-11 15:30:00,2026-08-11 12:30:00+00:00,2026-08-11 12:40:00+00:00,2321.0,2322.0,2319.5,2319.5,3022
2026-08-11 15:40:00,2026-08-11 12:40:00+00:00,2026-08-11 12:50:00+00:00,2319.5,2320.5,2318.5,2320.0,6906
2026-08-11 15:50:00,2026-08-11 12:50:00+00:00,2026-08-11 13:00:00+00:00,2320.0,2323.5,2319.0,2322.5,5443
2026-08-11 16:00:00,2026-08-11 13:00:00+00:00,2026-08-11 13:10:00+00:00,2322.5,2328.0,2322.0,2326.0,36007
2026-08-11 16:10:00,2026-08-11 13:10:00+00:00,2026-08-11 13:20:00+00:00,2325.5,2327.0,2323.0,2324.0,10174
2026-08-11 16:20:00,2026-08-11 13:20:00+00:00,2026-08-11 13:30:00+00:00,2324.0,2327.0,2323.0,2323.5,7570
2026-08-11 16:30:00,2026-08-11 13:30:00+00:00,2026-08-11 13:40:00+00:00,2323.5,2325.5,2322.0,2323.0,6356
2026-08-11 16:40:00,2026-08-11 13:40:00+00:00,2026-08-11 13:50:00+00:00,2323.0,2325.0,2320.5,2321.0,13026
2026-08-11 16:50:00,2026-08-11 13:50:00+00:00,2026-08-11 14:00:00+00:00,2321.0,2323.0,2319.0,2322.0,13313
2026-08-11 17:00:00,2026-08-11 14:00:00+00:00,2026-08-11 14:10:00+00:00,2322.5,2324.5,2321.0,2321.5,5107
2026-08-11 17:10:00,2026-08-11 14:10:00+00:00,2026-08-11 14:20:00+00:00,2322.0,2322.0,2317.5,2319.0,7973
2026-08-11 17:20:00,2026-08-11 14:20:00+00:00,2026-08-11 14:30:00+00:00,2319.5,2319.5,2317.5,2319.0,3157
2026-08-11 17:30:00,2026-08-11 14:30:00+00:00,2026-08-11 14:40:00+00:00,2318.5,2321.5,2318.0,2320.0,7906
2026-08-11 17:40:00,2026-08-11 14:40:00+00:00,2026-08-11 14:50:00+00:00,2319.5,2320.5,2318.0,2318.5,4212
2026-08-11 17:50:00,2026-08-11 14:50:00+00:00,2026-08-11 15:00:00+00:00,2318.5,2321.5,2318.5,2320.0,2743
2026-08-11 18:00:00,2026-08-11 15:00:00+00:00,2026-08-11 15:10:00+00:00,2320.5,2321.0,2318.5,2319.0,4021
2026-08-11 18:10:00,2026-08-11 15:10:00+00:00,2026-08-11 15:20:00+00:00,2318.5,2319.0,2316.5,2317.5,8652
2026-08-11 18:20:00,2026-08-11 15:20:00+00:00,2026-08-11 15:30:00+00:00,2317.0,2320.5,2316.5,2320.5,10463
2026-08-11 18:30:00,2026-08-11 15:30:00+00:00,2026-08-11 15:40:00+00:00,2320.0,2324.5,2319.0,2323.5,13042
2026-08-11 18:40:00,2026-08-11 15:40:00+00:00,2026-08-11 15:50:00+00:00,2323.5,2325.0,2322.0,2323.0,15419
2026-08-11 18:50:00,2026-08-11 15:50:00+00:00,2026-08-11 16:00:00+00:00,2322.5,2326.0,2322.0,2325.0,9066
2026-08-11 19:00:00,2026-08-11 16:00:00+00:00,2026-08-11 16:10:00+00:00,2325.0,2326.5,2325.0,2326.0,5694
2026-08-11 19:10:00,2026-08-11 16:10:00+00:00,2026-08-11 16:20:00+00:00,2326.5,2328.0,2325.5,2326.0,10241
2026-08-11 19:20:00,2026-08-11 16:20:00+00:00,2026-08-11 16:30:00+00:00,2325.5,2326.5,2324.5,2325.5,3309
2026-08-11 19:30:00,2026-08-11 16:30:00+00:00,2026-08-11 16:40:00+00:00,2326.0,2329.0,2325.5,2327.5,9316
2026-08-11 19:40:00,2026-08-11 16:40:00+00:00,2026-08-11 16:50:00+00:00,2327.5,2328.0,2326.5,2327.5,1556
2026-08-11 19:50:00,2026-08-11 16:50:00+00:00,2026-08-11 17:00:00+00:00,2327.5,2327.5,2326.5,2327.0,1307
2026-08-11 20:00:00,2026-08-11 17:00:00+00:00,2026-08-11 17:10:00+00:00,2327.0,2329.0,2325.5,2328.5,5484
2026-08-11 20:10:00,2026-08-11 17:10:00+00:00,2026-08-11 17:20:00+00:00,2328.5,2329.0,2327.0,2328.0,1572
2026-08-11 20:20:00,2026-08-11 17:20:00+00:00,2026-08-11 17:30:00+00:00,2328.0,2329.0,2327.5,2329.0,4300
2026-08-11 20:30:00,2026-08-11 17:30:00+00:00,2026-08-11 17:40:00+00:00,2329.0,2329.0,2326.5,2327.5,1845
2026-08-11 20:40:00,2026-08-11 17:40:00+00:00,2026-08-11 17:50:00+00:00,2327.5,2328.0,2325.5,2326.5,2819
2026-08-11 20:50:00,2026-08-11 17:50:00+00:00,2026-08-11 18:00:00+00:00,2326.5,2329.5,2326.5,2329.0,7680
2026-08-11 21:00:00,2026-08-11 18:00:00+00:00,2026-08-11 18:10:00+00:00,2329.0,2333.0,2327.5,2327.5,20384
2026-08-11 21:10:00,2026-08-11 18:10:00+00:00,2026-08-11 18:20:00+00:00,2328.0,2332.0,2328.0,2332.0,7209
2026-08-11 21:20:00,2026-08-11 18:20:00+00:00,2026-08-11 18:30:00+00:00,2331.5,2332.5,2328.0,2331.5,10065
2026-08-11 21:30:00,2026-08-11 18:30:00+00:00,2026-08-11 18:40:00+00:00,2331.0,2332.0,2324.5,2326.0,9359
2026-08-11 21:40:00,2026-08-11 18:40:00+00:00,2026-08-11 18:50:00+00:00,2325.5,2326.5,2324.0,2325.5,6763
2026-08-11 21:50:00,2026-08-11 18:50:00+00:00,2026-08-11 19:00:00+00:00,2325.0,2326.0,2324.0,2325.0,3054
2026-08-11 22:00:00,2026-08-11 19:00:00+00:00,2026-08-11 19:10:00+00:00,2325.5,2325.5,2320.0,2323.0,28073
2026-08-11 22:10:00,2026-08-11 19:10:00+00:00,2026-08-11 19:20:00+00:00,2323.0,2324.0,2321.5,2324.0,2543
2026-08-11 22:20:00,2026-08-11 19:20:00+00:00,2026-08-11 19:30:00+00:00,2323.5,2324.5,2323.0,2324.0,1705
2026-08-11 22:30:00,2026-08-11 19:30:00+00:00,2026-08-11 19:40:00+00:00,2324.0,2324.5,2323.5,2324.0,1435
2026-08-11 22:40:00,2026-08-11 19:40:00+00:00,2026-08-11 19:50:00+00:00,2324.0,2324.0,2322.5,2323.5,4036
2026-08-11 22:50:00,2026-08-11 19:50:00+00:00,2026-08-11 20:00:00+00:00,2323.0,2324.0,2322.0,2323.0,3331
2026-08-11 23:00:00,2026-08-11 20:00:00+00:00,2026-08-11 20:10:00+00:00,2323.0,2323.0,2321.5,2323.0,940
2026-08-11 23:10:00,2026-08-11 20:10:00+00:00,2026-08-11 20:20:00+00:00,2323.0,2323.5,2322.0,2323.5,1085
2026-08-11 23:20:00,2026-08-11 20:20:00+00:00,2026-08-11 20:30:00+00:00,2323.0,2323.5,2322.5,2323.5,1323
2026-08-11 23:30:00,2026-08-11 20:30:00+00:00,2026-08-11 20:40:00+00:00,2323.0,2323.5,2322.5,2323.5,863
2026-08-11 23:40:00,2026-08-11 20:40:00+00:00,2026-08-11 20:50:00+00:00,2323.5,2324.0,2322.5,2322.5,3993
2026-08-12 06:50:00,2026-08-12 03:50:00+00:00,2026-08-12 04:00:00+00:00,2319.0,2319.0,2319.0,2319.0,1309
2026-08-12 07:00:00,2026-08-12 04:00:00+00:00,2026-08-12 04:10:00+00:00,2322.0,2331.0,2320.5,2327.5,23150
2026-08-12 07:10:00,2026-08-12 04:10:00+00:00,2026-08-12 04:20:00+00:00,2327.5,2334.0,2327.0,2331.5,18047
2026-08-12 07:20:00,2026-08-12 04:20:00+00:00,2026-08-12 04:30:00+00:00,2332.0,2332.0,2328.5,2331.0,4892
2026-08-12 07:30:00,2026-08-12 04:30:00+00:00,2026-08-12 04:40:00+00:00,2330.5,2331.0,2328.5,2330.0,2406
2026-08-12 07:40:00,2026-08-12 04:40:00+00:00,2026-08-12 04:50:00+00:00,2330.5,2337.5,2329.5,2334.5,17015
2026-08-12 07:50:00,2026-08-12 04:50:00+00:00,2026-08-12 05:00:00+00:00,2335.0,2335.5,2332.5,2333.5,6496
2026-08-12 08:00:00,2026-08-12 05:00:00+00:00,2026-08-12 05:10:00+00:00,2334.0,2336.0,2333.5,2334.5,8911
2026-08-12 08:10:00,2026-08-12 05:10:00+00:00,2026-08-12 05:20:00+00:00,2335.0,2335.0,2333.0,2333.5,5849
2026-08-12 08:20:00,2026-08-12 05:20:00+00:00,2026-08-12 05:30:00+00:00,2333.0,2334.0,2329.5,2332.0,8835
2026-08-12 08:30:00,2026-08-12 05:30:00+00:00,2026-08-12 05:40:00+00:00,2331.5,2333.0,2329.5,2333.0,3255
2026-08-12 08:40:00,2026-08-12 05:40:00+00:00,2026-08-12 05:50:00+00:00,2333.0,2333.0,2330.5,2333.0,1230
2026-08-12 08:50:00,2026-08-12 05:50:00+00:00,2026-08-12 06:00:00+00:00,2332.0,2334.5,2332.0,2332.0,4807
2026-08-12 09:00:00,2026-08-12 06:00:00+00:00,2026-08-12 06:10:00+00:00,2333.0,2333.0,2331.0,2331.5,2844
2026-08-12 09:10:00,2026-08-12 06:10:00+00:00,2026-08-12 06:20:00+00:00,2331.5,2332.5,2328.5,2329.0,7143
2026-08-12 09:20:00,2026-08-12 06:20:00+00:00,2026-08-12 06:30:00+00:00,2329.0,2333.5,2328.5,2331.0,7810
2026-08-12 09:30:00,2026-08-12 06:30:00+00:00,2026-08-12 06:40:00+00:00,2331.0,2331.0,2328.5,2330.5,7302
2026-08-12 09:40:00,2026-08-12 06:40:00+00:00,2026-08-12 06:50:00+00:00,2330.0,2332.0,2329.5,2330.5,1935
2026-08-12 09:50:00,2026-08-12 06:50:00+00:00,2026-08-12 07:00:00+00:00,2330.5,2331.5,2329.0,2331.5,4225
2026-08-12 10:00:00,2026-08-12 07:00:00+00:00,2026-08-12 07:10:00+00:00,2331.5,2331.5,2324.0,2325.0,17055
2026-08-12 10:10:00,2026-08-12 07:10:00+00:00,2026-08-12 07:20:00+00:00,2325.0,2326.5,2321.5,2322.5,19185
2026-08-12 10:20:00,2026-08-12 07:20:00+00:00,2026-08-12 07:30:00+00:00,2322.5,2323.5,2317.5,2320.0,43678
2026-08-12 10:30:00,2026-08-12 07:30:00+00:00,2026-08-12 07:40:00+00:00,2319.5,2320.5,2316.0,2319.5,18773
2026-08-12 10:40:00,2026-08-12 07:40:00+00:00,2026-08-12 07:50:00+00:00,2319.0,2324.0,2319.0,2321.0,12825
2026-08-12 10:50:00,2026-08-12 07:50:00+00:00,2026-08-12 08:00:00+00:00,2320.5,2323.0,2320.0,2320.0,6369
2026-08-12 11:00:00,2026-08-12 08:00:00+00:00,2026-08-12 08:10:00+00:00,2320.5,2320.5,2315.5,2320.0,20610
2026-08-12 11:10:00,2026-08-12 08:10:00+00:00,2026-08-12 08:20:00+00:00,2320.0,2321.5,2317.5,2321.5,6188
2026-08-12 11:20:00,2026-08-12 08:20:00+00:00,2026-08-12 08:30:00+00:00,2321.5,2321.5,2316.5,2318.0,7697
2026-08-12 11:30:00,2026-08-12 08:30:00+00:00,2026-08-12 08:40:00+00:00,2318.0,2318.5,2316.5,2317.5,4787
2026-08-12 11:40:00,2026-08-12 08:40:00+00:00,2026-08-12 08:50:00+00:00,2317.0,2317.5,2310.0,2312.5,43972
2026-08-12 11:50:00,2026-08-12 08:50:00+00:00,2026-08-12 09:00:00+00:00,2312.5,2313.5,2310.0,2311.5,20511
2026-08-12 12:00:00,2026-08-12 09:00:00+00:00,2026-08-12 09:10:00+00:00,2311.0,2314.5,2309.5,2311.0,37040
2026-08-12 12:10:00,2026-08-12 09:10:00+00:00,2026-08-12 09:20:00+00:00,2310.5,2312.5,2304.5,2309.5,34097
2026-08-12 12:20:00,2026-08-12 09:20:00+00:00,2026-08-12 09:30:00+00:00,2309.0,2313.0,2308.5,2313.0,14152
2026-08-12 12:30:00,2026-08-12 09:30:00+00:00,2026-08-12 09:40:00+00:00,2312.5,2312.5,2310.5,2311.5,6963
2026-08-12 12:40:00,2026-08-12 09:40:00+00:00,2026-08-12 09:50:00+00:00,2311.0,2311.5,2308.5,2309.0,5644
2026-08-12 12:50:00,2026-08-12 09:50:00+00:00,2026-08-12 10:00:00+00:00,2308.5,2312.0,2308.0,2309.5,10412
2026-08-12 13:00:00,2026-08-12 10:00:00+00:00,2026-08-12 10:10:00+00:00,2310.0,2313.5,2309.5,2312.0,6665
2026-08-12 13:10:00,2026-08-12 10:10:00+00:00,2026-08-12 10:20:00+00:00,2312.0,2313.0,2308.5,2313.0,6666
2026-08-12 13:20:00,2026-08-12 10:20:00+00:00,2026-08-12 10:30:00+00:00,2313.0,2314.0,2311.0,2313.0,6945
2026-08-12 13:30:00,2026-08-12 10:30:00+00:00,2026-08-12 10:40:00+00:00,2313.0,2315.0,2312.0,2314.0,10883
2026-08-12 13:40:00,2026-08-12 10:40:00+00:00,2026-08-12 10:50:00+00:00,2314.5,2318.0,2313.0,2316.0,15734
2026-08-12 13:50:00,2026-08-12 10:50:00+00:00,2026-08-12 11:00:00+00:00,2316.0,2316.5,2314.0,2315.5,4637
2026-08-12 14:00:00,2026-08-12 11:00:00+00:00,2026-08-12 11:10:00+00:00,2315.0,2315.5,2312.0,2313.5,4801
2026-08-12 14:10:00,2026-08-12 11:10:00+00:00,2026-08-12 11:20:00+00:00,2313.5,2314.0,2312.0,2313.0,4479
2026-08-12 14:20:00,2026-08-12 11:20:00+00:00,2026-08-12 11:30:00+00:00,2312.5,2313.0,2311.0,2311.0,5863
2026-08-12 14:30:00,2026-08-12 11:30:00+00:00,2026-08-12 11:40:00+00:00,2311.0,2311.5,2306.5,2307.0,14209
2026-08-12 14:40:00,2026-08-12 11:40:00+00:00,2026-08-12 11:50:00+00:00,2307.0,2309.5,2306.0,2309.0,7810
2026-08-12 14:50:00,2026-08-12 11:50:00+00:00,2026-08-12 12:00:00+00:00,2309.0,2310.5,2307.0,2307.0,4402
2026-08-12 15:00:00,2026-08-12 12:00:00+00:00,2026-08-12 12:10:00+00:00,2307.5,2309.0,2302.0,2305.0,29436
2026-08-12 15:10:00,2026-08-12 12:10:00+00:00,2026-08-12 12:20:00+00:00,2305.5,2314.5,2305.0,2312.0,24760
2026-08-12 15:20:00,2026-08-12 12:20:00+00:00,2026-08-12 12:30:00+00:00,2312.0,2312.5,2309.0,2309.5,5308
2026-08-12 15:30:00,2026-08-12 12:30:00+00:00,2026-08-12 12:40:00+00:00,2309.5,2314.0,2309.0,2311.0,7878
2026-08-12 15:40:00,2026-08-12 12:40:00+00:00,2026-08-12 12:50:00+00:00,2311.0,2311.5,2308.0,2308.5,3166
2026-08-12 15:50:00,2026-08-12 12:50:00+00:00,2026-08-12 13:00:00+00:00,2308.5,2311.0,2308.5,2310.5,2778
2026-08-12 16:00:00,2026-08-12 13:00:00+00:00,2026-08-12 13:10:00+00:00,2310.0,2310.5,2308.5,2310.0,3071
2026-08-12 16:10:00,2026-08-12 13:10:00+00:00,2026-08-12 13:20:00+00:00,2309.5,2315.0,2309.5,2314.0,15107
2026-08-12 16:20:00,2026-08-12 13:20:00+00:00,2026-08-12 13:30:00+00:00,2313.5,2314.5,2310.5,2311.0,7445
2026-08-12 16:30:00,2026-08-12 13:30:00+00:00,2026-08-12 13:40:00+00:00,2311.0,2312.0,2307.0,2308.5,9447
2026-08-12 16:40:00,2026-08-12 13:40:00+00:00,2026-08-12 13:50:00+00:00,2308.0,2308.5,2305.0,2307.0,15797
2026-08-12 16:50:00,2026-08-12 13:50:00+00:00,2026-08-12 14:00:00+00:00,2306.5,2307.0,2305.0,2306.0,9040
2026-08-12 17:00:00,2026-08-12 14:00:00+00:00,2026-08-12 14:10:00+00:00,2306.0,2307.5,2303.0,2304.0,11953
2026-08-12 17:10:00,2026-08-12 14:10:00+00:00,2026-08-12 14:20:00+00:00,2303.5,2306.0,2292.5,2293.5,65807
2026-08-12 17:20:00,2026-08-12 14:20:00+00:00,2026-08-12 14:30:00+00:00,2293.0,2294.5,2286.5,2294.0,98770
2026-08-12 17:30:00,2026-08-12 14:30:00+00:00,2026-08-12 14:40:00+00:00,2294.0,2294.5,2290.0,2290.5,16469
2026-08-12 17:40:00,2026-08-12 14:40:00+00:00,2026-08-12 14:50:00+00:00,2290.5,2295.5,2290.0,2294.5,27666
2026-08-12 17:50:00,2026-08-12 14:50:00+00:00,2026-08-12 15:00:00+00:00,2295.0,2298.5,2294.5,2297.5,23497
2026-08-12 18:00:00,2026-08-12 15:00:00+00:00,2026-08-12 15:10:00+00:00,2297.0,2298.5,2295.0,2297.0,6314
2026-08-12 18:10:00,2026-08-12 15:10:00+00:00,2026-08-12 15:20:00+00:00,2297.5,2298.0,2295.5,2296.5,7469
2026-08-12 18:20:00,2026-08-12 15:20:00+00:00,2026-08-12 15:30:00+00:00,2297.0,2297.0,2292.5,2293.5,14633
2026-08-12 18:30:00,2026-08-12 15:30:00+00:00,2026-08-12 15:40:00+00:00,2293.5,2296.5,2292.5,2295.0,6798
2026-08-12 18:40:00,2026-08-12 15:40:00+00:00,2026-08-12 15:50:00+00:00,2295.5,2302.0,2295.5,2301.5,15985
2026-08-12 18:50:00,2026-08-12 15:50:00+00:00,2026-08-12 16:00:00+00:00,2302.0,2302.0,2297.5,2299.5,9639
2026-08-12 19:00:00,2026-08-12 16:00:00+00:00,2026-08-12 16:10:00+00:00,2299.5,2304.0,2298.5,2300.0,17562
2026-08-12 19:10:00,2026-08-12 16:10:00+00:00,2026-08-12 16:20:00+00:00,2300.0,2300.5,2296.0,2297.5,8138
2026-08-12 19:20:00,2026-08-12 16:20:00+00:00,2026-08-12 16:30:00+00:00,2298.0,2298.5,2296.0,2297.0,2745
2026-08-12 19:30:00,2026-08-12 16:30:00+00:00,2026-08-12 16:40:00+00:00,2297.0,2298.0,2293.0,2294.5,9092
2026-08-12 19:40:00,2026-08-12 16:40:00+00:00,2026-08-12 16:50:00+00:00,2295.0,2295.0,2290.0,2292.0,14951
2026-08-12 19:50:00,2026-08-12 16:50:00+00:00,2026-08-12 17:00:00+00:00,2292.0,2297.5,2292.0,2295.5,9108
2026-08-12 20:00:00,2026-08-12 17:00:00+00:00,2026-08-12 17:10:00+00:00,2296.5,2296.5,2293.5,2295.0,3049
2026-08-12 20:10:00,2026-08-12 17:10:00+00:00,2026-08-12 17:20:00+00:00,2295.0,2298.5,2295.0,2296.0,2731
2026-08-12 20:20:00,2026-08-12 17:20:00+00:00,2026-08-12 17:30:00+00:00,2296.5,2297.5,2296.0,2297.5,1237
2026-08-12 20:30:00,2026-08-12 17:30:00+00:00,2026-08-12 17:40:00+00:00,2297.5,2297.5,2295.5,2295.5,2361
2026-08-12 20:40:00,2026-08-12 17:40:00+00:00,2026-08-12 17:50:00+00:00,2295.5,2297.5,2295.5,2297.0,1664
2026-08-12 20:50:00,2026-08-12 17:50:00+00:00,2026-08-12 18:00:00+00:00,2298.0,2298.5,2297.0,2297.0,2564
2026-08-12 21:00:00,2026-08-12 18:00:00+00:00,2026-08-12 18:10:00+00:00,2297.5,2298.0,2296.5,2297.5,875
2026-08-12 21:10:00,2026-08-12 18:10:00+00:00,2026-08-12 18:20:00+00:00,2297.5,2297.5,2295.5,2295.5,1783
2026-08-12 21:20:00,2026-08-12 18:20:00+00:00,2026-08-12 18:30:00+00:00,2296.0,2297.5,2295.5,2295.5,760
2026-08-12 21:30:00,2026-08-12 18:30:00+00:00,2026-08-12 18:40:00+00:00,2295.0,2296.5,2295.0,2296.0,921
2026-08-12 21:40:00,2026-08-12 18:40:00+00:00,2026-08-12 18:50:00+00:00,2296.0,2297.5,2296.0,2296.0,1482
2026-08-12 21:50:00,2026-08-12 18:50:00+00:00,2026-08-12 19:00:00+00:00,2296.0,2296.5,2293.0,2294.0,3419
2026-08-12 22:00:00,2026-08-12 19:00:00+00:00,2026-08-12 19:10:00+00:00,2294.0,2294.5,2292.0,2293.0,5055
2026-08-12 22:10:00,2026-08-12 19:10:00+00:00,2026-08-12 19:20:00+00:00,2292.5,2293.5,2291.0,2292.5,4199
2026-08-12 22:20:00,2026-08-12 19:20:00+00:00,2026-08-12 19:30:00+00:00,2292.0,2293.0,2291.0,2292.0,1718
2026-08-12 22:30:00,2026-08-12 19:30:00+00:00,2026-08-12 19:40:00+00:00,2292.0,2293.5,2290.0,2293.5,3597
2026-08-12 22:40:00,2026-08-12 19:40:00+00:00,2026-08-12 19:50:00+00:00,2293.5,2295.0,2293.0,2293.0,1754
2026-08-12 22:50:00,2026-08-12 19:50:00+00:00,2026-08-12 20:00:00+00:00,2293.0,2294.0,2293.0,2293.0,411
2026-08-12 23:00:00,2026-08-12 20:00:00+00:00,2026-08-12 20:10:00+00:00,2293.0,2294.0,2291.0,2291.5,3537
2026-08-12 23:10:00,2026-08-12 20:10:00+00:00,2026-08-12 20:20:00+00:00,2291.0,2292.0,2291.0,2291.0,1935
2026-08-12 23:20:00,2026-08-12 20:20:00+00:00,2026-08-12 20:30:00+00:00,2291.5,2293.0,2291.0,2293.0,2756
2026-08-12 23:30:00,2026-08-12 20:30:00+00:00,2026-08-12 20:40:00+00:00,2293.0,2294.0,2292.5,2293.5,3070
2026-08-12 23:40:00,2026-08-12 20:40:00+00:00,2026-08-12 20:50:00+00:00,2293.5,2295.5,2292.5,2293.5,5033
2026-08-13 06:50:00,2026-08-13 03:50:00+00:00,2026-08-13 04:00:00+00:00,2293.5,2293.5,2293.5,2293.5,67
2026-08-13 07:00:00,2026-08-13 04:00:00+00:00,2026-08-13 04:10:00+00:00,2293.5,2295.5,2284.0,2288.0,13644
2026-08-13 07:10:00,2026-08-13 04:10:00+00:00,2026-08-13 04:20:00+00:00,2288.5,2288.5,2281.0,2285.5,11231
2026-08-13 07:20:00,2026-08-13 04:20:00+00:00,2026-08-13 04:30:00+00:00,2285.5,2286.5,2283.5,2285.5,5825
2026-08-13 07:30:00,2026-08-13 04:30:00+00:00,2026-08-13 04:40:00+00:00,2285.5,2289.0,2284.0,2288.0,4367
2026-08-13 07:40:00,2026-08-13 04:40:00+00:00,2026-08-13 04:50:00+00:00,2289.0,2289.0,2286.0,2287.0,2746
2026-08-13 07:50:00,2026-08-13 04:50:00+00:00,2026-08-13 05:00:00+00:00,2287.0,2287.5,2284.0,2286.0,5046
2026-08-13 08:00:00,2026-08-13 05:00:00+00:00,2026-08-13 05:10:00+00:00,2285.5,2288.5,2285.0,2287.5,2948
2026-08-13 08:10:00,2026-08-13 05:10:00+00:00,2026-08-13 05:20:00+00:00,2287.5,2289.0,2287.0,2287.0,1717
2026-08-13 08:20:00,2026-08-13 05:20:00+00:00,2026-08-13 05:30:00+00:00,2287.0,2291.0,2287.0,2290.5,4243
2026-08-13 08:30:00,2026-08-13 05:30:00+00:00,2026-08-13 05:40:00+00:00,2290.0,2291.0,2288.5,2288.5,965
2026-08-13 08:40:00,2026-08-13 05:40:00+00:00,2026-08-13 05:50:00+00:00,2289.0,2290.0,2288.0,2288.5,868
2026-08-13 08:50:00,2026-08-13 05:50:00+00:00,2026-08-13 06:00:00+00:00,2288.0,2289.5,2287.5,2289.0,3929
2026-08-13 09:00:00,2026-08-13 06:00:00+00:00,2026-08-13 06:10:00+00:00,2289.5,2294.5,2288.5,2293.0,13434
2026-08-13 09:10:00,2026-08-13 06:10:00+00:00,2026-08-13 06:20:00+00:00,2293.5,2297.5,2293.0,2296.5,10515
2026-08-13 09:20:00,2026-08-13 06:20:00+00:00,2026-08-13 06:30:00+00:00,2297.0,2298.0,2293.0,2295.0,10648
2026-08-13 09:30:00,2026-08-13 06:30:00+00:00,2026-08-13 06:40:00+00:00,2294.5,2297.0,2293.0,2294.5,6348
2026-08-13 09:40:00,2026-08-13 06:40:00+00:00,2026-08-13 06:50:00+00:00,2295.0,2295.5,2294.0,2295.5,2455
2026-08-13 09:50:00,2026-08-13 06:50:00+00:00,2026-08-13 07:00:00+00:00,2295.5,2296.5,2294.0,2296.0,4570
2026-08-13 10:00:00,2026-08-13 07:00:00+00:00,2026-08-13 07:10:00+00:00,2296.5,2299.5,2293.5,2293.5,17007
2026-08-13 10:10:00,2026-08-13 07:10:00+00:00,2026-08-13 07:20:00+00:00,2293.5,2294.5,2287.5,2288.0,26571
2026-08-13 10:20:00,2026-08-13 07:20:00+00:00,2026-08-13 07:30:00+00:00,2287.5,2288.5,2283.0,2285.0,33946
2026-08-13 10:30:00,2026-08-13 07:30:00+00:00,2026-08-13 07:40:00+00:00,2284.5,2284.5,2275.5,2278.5,63106
2026-08-13 10:40:00,2026-08-13 07:40:00+00:00,2026-08-13 07:50:00+00:00,2278.0,2280.5,2271.0,2272.0,59040
2026-08-13 10:50:00,2026-08-13 07:50:00+00:00,2026-08-13 08:00:00+00:00,2271.5,2273.0,2265.0,2267.0,44855
2026-08-13 11:00:00,2026-08-13 08:00:00+00:00,2026-08-13 08:10:00+00:00,2266.5,2273.0,2265.0,2270.5,48261
2026-08-13 11:10:00,2026-08-13 08:10:00+00:00,2026-08-13 08:20:00+00:00,2270.0,2271.5,2267.5,2268.5,17500
2026-08-13 11:20:00,2026-08-13 08:20:00+00:00,2026-08-13 08:30:00+00:00,2269.0,2269.5,2262.0,2263.5,29631
2026-08-13 11:30:00,2026-08-13 08:30:00+00:00,2026-08-13 08:40:00+00:00,2263.5,2265.5,2260.5,2264.0,25489
2026-08-13 11:40:00,2026-08-13 08:40:00+00:00,2026-08-13 08:50:00+00:00,2263.5,2265.0,2258.0,2263.5,37394
2026-08-13 11:50:00,2026-08-13 08:50:00+00:00,2026-08-13 09:00:00+00:00,2263.5,2267.5,2262.0,2264.0,21776
2026-08-13 12:00:00,2026-08-13 09:00:00+00:00,2026-08-13 09:10:00+00:00,2263.5,2266.0,2259.5,2260.5,18264
2026-08-13 12:10:00,2026-08-13 09:10:00+00:00,2026-08-13 09:20:00+00:00,2260.5,2261.5,2251.5,2251.5,52599
2026-08-13 12:20:00,2026-08-13 09:20:00+00:00,2026-08-13 09:30:00+00:00,2251.5,2254.0,2245.0,2253.5,64770
2026-08-13 12:30:00,2026-08-13 09:30:00+00:00,2026-08-13 09:40:00+00:00,2253.5,2254.0,2251.0,2251.0,15831
2026-08-13 12:40:00,2026-08-13 09:40:00+00:00,2026-08-13 09:50:00+00:00,2251.5,2257.0,2251.0,2256.5,29209
2026-08-13 12:50:00,2026-08-13 09:50:00+00:00,2026-08-13 10:00:00+00:00,2256.5,2258.0,2250.5,2253.0,38947
2026-08-13 13:00:00,2026-08-13 10:00:00+00:00,2026-08-13 10:10:00+00:00,2253.5,2254.0,2248.5,2253.5,17805
2026-08-13 13:10:00,2026-08-13 10:10:00+00:00,2026-08-13 10:20:00+00:00,2254.0,2256.0,2251.0,2255.0,13852
2026-08-13 13:20:00,2026-08-13 10:20:00+00:00,2026-08-13 10:30:00+00:00,2255.0,2259.5,2254.5,2259.5,50457
2026-08-13 13:30:00,2026-08-13 10:30:00+00:00,2026-08-13 10:40:00+00:00,2259.5,2270.5,2257.0,2270.5,78487
2026-08-13 13:40:00,2026-08-13 10:40:00+00:00,2026-08-13 10:50:00+00:00,2270.5,2271.5,2263.0,2264.5,46342
2026-08-13 13:50:00,2026-08-13 10:50:00+00:00,2026-08-13 11:00:00+00:00,2265.0,2267.5,2264.0,2267.0,10400
2026-08-13 14:00:00,2026-08-13 11:00:00+00:00,2026-08-13 11:10:00+00:00,2267.0,2267.0,2260.5,2264.5,21790
2026-08-13 14:10:00,2026-08-13 11:10:00+00:00,2026-08-13 11:20:00+00:00,2264.5,2265.0,2260.5,2261.0,7154
2026-08-13 14:20:00,2026-08-13 11:20:00+00:00,2026-08-13 11:30:00+00:00,2261.0,2261.0,2253.5,2256.0,35015
2026-08-13 14:30:00,2026-08-13 11:30:00+00:00,2026-08-13 11:40:00+00:00,2256.0,2257.0,2250.0,2254.5,31399
2026-08-13 14:40:00,2026-08-13 11:40:00+00:00,2026-08-13 11:50:00+00:00,2254.0,2256.0,2251.5,2256.0,17151
2026-08-13 14:50:00,2026-08-13 11:50:00+00:00,2026-08-13 12:00:00+00:00,2256.0,2261.5,2253.5,2259.0,19697
2026-08-13 15:00:00,2026-08-13 12:00:00+00:00,2026-08-13 12:10:00+00:00,2259.0,2261.5,2255.0,2255.0,16054
2026-08-13 15:10:00,2026-08-13 12:10:00+00:00,2026-08-13 12:20:00+00:00,2255.0,2259.0,2254.0,2257.5,7433
2026-08-13 15:20:00,2026-08-13 12:20:00+00:00,2026-08-13 12:30:00+00:00,2257.5,2263.5,2257.5,2262.0,12447
2026-08-13 15:30:00,2026-08-13 12:30:00+00:00,2026-08-13 12:40:00+00:00,2262.0,2262.0,2257.0,2257.5,12589
2026-08-13 15:40:00,2026-08-13 12:40:00+00:00,2026-08-13 12:50:00+00:00,2257.5,2259.0,2255.5,2257.5,6795
2026-08-13 15:50:00,2026-08-13 12:50:00+00:00,2026-08-13 13:00:00+00:00,2257.5,2258.5,2244.5,2245.5,39814
2026-08-13 16:00:00,2026-08-13 13:00:00+00:00,2026-08-13 13:10:00+00:00,2246.0,2248.5,2243.0,2244.5,45904
2026-08-13 16:10:00,2026-08-13 13:10:00+00:00,2026-08-13 13:20:00+00:00,2244.5,2246.0,2242.0,2244.0,19726
2026-08-13 16:20:00,2026-08-13 13:20:00+00:00,2026-08-13 13:30:00+00:00,2243.5,2243.5,2239.0,2241.0,36159
2026-08-13 16:30:00,2026-08-13 13:30:00+00:00,2026-08-13 13:40:00+00:00,2241.0,2245.5,2235.0,2235.5,42165
2026-08-13 16:40:00,2026-08-13 13:40:00+00:00,2026-08-13 13:50:00+00:00,2236.0,2241.0,2235.0,2240.5,27638
2026-08-13 16:50:00,2026-08-13 13:50:00+00:00,2026-08-13 14:00:00+00:00,2241.0,2241.0,2236.0,2236.5,12781
2026-08-13 17:00:00,2026-08-13 14:00:00+00:00,2026-08-13 14:10:00+00:00,2236.5,2242.5,2236.0,2242.0,21906
2026-08-13 17:10:00,2026-08-13 14:10:00+00:00,2026-08-13 14:20:00+00:00,2242.0,2242.0,2235.0,2237.0,20999
2026-08-13 17:20:00,2026-08-13 14:20:00+00:00,2026-08-13 14:30:00+00:00,2236.5,2239.5,2236.0,2237.5,13601
2026-08-13 17:30:00,2026-08-13 14:30:00+00:00,2026-08-13 14:40:00+00:00,2238.0,2239.0,2232.5,2234.0,25851
2026-08-13 17:40:00,2026-08-13 14:40:00+00:00,2026-08-13 14:50:00+00:00,2234.0,2238.5,2233.5,2236.0,18361
2026-08-13 17:50:00,2026-08-13 14:50:00+00:00,2026-08-13 15:00:00+00:00,2236.5,2241.5,2236.5,2238.0,19348
2026-08-13 18:00:00,2026-08-13 15:00:00+00:00,2026-08-13 15:10:00+00:00,2237.5,2238.0,2230.5,2232.0,18399
2026-08-13 18:10:00,2026-08-13 15:10:00+00:00,2026-08-13 15:20:00+00:00,2232.0,2236.0,2231.5,2233.5,15379
2026-08-13 18:20:00,2026-08-13 15:20:00+00:00,2026-08-13 15:30:00+00:00,2233.5,2236.0,2232.0,2235.0,12157
2026-08-13 18:30:00,2026-08-13 15:30:00+00:00,2026-08-13 15:40:00+00:00,2235.5,2238.0,2234.0,2236.5,9498
2026-08-13 18:40:00,2026-08-13 15:40:00+00:00,2026-08-13 15:50:00+00:00,2236.0,2240.0,2236.0,2238.0,7622
2026-08-13 18:50:00,2026-08-13 15:50:00+00:00,2026-08-13 16:00:00+00:00,2237.5,2238.0,2235.0,2236.5,5445
2026-08-13 19:00:00,2026-08-13 16:00:00+00:00,2026-08-13 16:10:00+00:00,2236.5,2239.0,2236.0,2237.0,4295
2026-08-13 19:10:00,2026-08-13 16:10:00+00:00,2026-08-13 16:20:00+00:00,2236.5,2238.0,2235.0,2237.5,7946
2026-08-13 19:20:00,2026-08-13 16:20:00+00:00,2026-08-13 16:30:00+00:00,2237.5,2238.0,2235.5,2236.0,3633
2026-08-13 19:30:00,2026-08-13 16:30:00+00:00,2026-08-13 16:40:00+00:00,2236.0,2236.5,2233.5,2235.0,6325
2026-08-13 19:40:00,2026-08-13 16:40:00+00:00,2026-08-13 16:50:00+00:00,2235.0,2237.0,2234.5,2236.5,5240
2026-08-13 19:50:00,2026-08-13 16:50:00+00:00,2026-08-13 17:00:00+00:00,2236.0,2237.5,2236.0,2236.5,2288
2026-08-13 20:00:00,2026-08-13 17:00:00+00:00,2026-08-13 17:10:00+00:00,2236.5,2237.5,2236.5,2237.0,3670
2026-08-13 20:10:00,2026-08-13 17:10:00+00:00,2026-08-13 17:20:00+00:00,2237.5,2239.0,2237.0,2237.5,4025
2026-08-13 20:20:00,2026-08-13 17:20:00+00:00,2026-08-13 17:30:00+00:00,2238.0,2238.5,2235.0,2235.5,2997
2026-08-13 20:30:00,2026-08-13 17:30:00+00:00,2026-08-13 17:40:00+00:00,2235.5,2236.5,2235.0,2236.5,1788
2026-08-13 20:40:00,2026-08-13 17:40:00+00:00,2026-08-13 17:50:00+00:00,2236.5,2236.5,2228.5,2231.0,19939
2026-08-13 20:50:00,2026-08-13 17:50:00+00:00,2026-08-13 18:00:00+00:00,2231.0,2232.5,2229.0,2230.5,8873
2026-08-13 21:00:00,2026-08-13 18:00:00+00:00,2026-08-13 18:10:00+00:00,2230.0,2231.5,2229.5,2230.0,3900
2026-08-13 21:10:00,2026-08-13 18:10:00+00:00,2026-08-13 18:20:00+00:00,2229.5,2230.5,2227.5,2228.0,10119
2026-08-13 21:20:00,2026-08-13 18:20:00+00:00,2026-08-13 18:30:00+00:00,2228.0,2234.0,2227.5,2233.0,15111
2026-08-13 21:30:00,2026-08-13 18:30:00+00:00,2026-08-13 18:40:00+00:00,2233.5,2235.5,2232.5,2234.0,8737
2026-08-13 21:40:00,2026-08-13 18:40:00+00:00,2026-08-13 18:50:00+00:00,2234.0,2234.5,2231.0,2232.0,3532
2026-08-13 21:50:00,2026-08-13 18:50:00+00:00,2026-08-13 19:00:00+00:00,2231.5,2232.0,2230.0,2230.0,3598
2026-08-13 22:00:00,2026-08-13 19:00:00+00:00,2026-08-13 19:10:00+00:00,2230.5,2231.0,2228.5,2228.5,4280
2026-08-13 22:10:00,2026-08-13 19:10:00+00:00,2026-08-13 19:20:00+00:00,2228.5,2230.0,2223.5,2226.0,18441
2026-08-13 22:20:00,2026-08-13 19:20:00+00:00,2026-08-13 19:30:00+00:00,2226.5,2229.5,2225.0,2228.0,19636
2026-08-13 22:30:00,2026-08-13 19:30:00+00:00,2026-08-13 19:40:00+00:00,2228.0,2229.5,2225.5,2225.5,7067
2026-08-13 22:40:00,2026-08-13 19:40:00+00:00,2026-08-13 19:50:00+00:00,2225.5,2227.0,2224.5,2225.0,7444
2026-08-13 22:50:00,2026-08-13 19:50:00+00:00,2026-08-13 20:00:00+00:00,2225.5,2226.5,2225.5,2225.5,4181
2026-08-13 23:00:00,2026-08-13 20:00:00+00:00,2026-08-13 20:10:00+00:00,2225.5,2227.5,2225.5,2226.0,7339
2026-08-13 23:10:00,2026-08-13 20:10:00+00:00,2026-08-13 20:20:00+00:00,2225.5,2226.5,2220.5,2221.5,17782
2026-08-13 23:20:00,2026-08-13 20:20:00+00:00,2026-08-13 20:30:00+00:00,2221.5,2222.5,2220.5,2220.5,7320
2026-08-13 23:30:00,2026-08-13 20:30:00+00:00,2026-08-13 20:40:00+00:00,2221.0,2221.5,2220.0,2221.5,8703
2026-08-13 23:40:00,2026-08-13 20:40:00+00:00,2026-08-13 20:50:00+00:00,2221.0,2223.0,2220.5,2222.0,9102
2026-08-14 06:50:00,2026-08-14 03:50:00+00:00,2026-08-14 04:00:00+00:00,2221.5,2221.5,2221.5,2221.5,15
2026-08-14 07:00:00,2026-08-14 04:00:00+00:00,2026-08-14 04:10:00+00:00,2221.5,2231.0,2218.5,2224.5,20842
2026-08-14 07:10:00,2026-08-14 04:10:00+00:00,2026-08-14 04:20:00+00:00,2225.0,2229.0,2222.5,2222.5,8138
2026-08-14 07:20:00,2026-08-14 04:20:00+00:00,2026-08-14 04:30:00+00:00,2222.5,2226.0,2222.0,2225.5,5108
2026-08-14 07:30:00,2026-08-14 04:30:00+00:00,2026-08-14 04:40:00+00:00,2226.0,2226.0,2222.0,2224.0,3272
2026-08-14 07:40:00,2026-08-14 04:40:00+00:00,2026-08-14 04:50:00+00:00,2224.5,2228.0,2224.0,2228.0,5623
2026-08-14 07:50:00,2026-08-14 04:50:00+00:00,2026-08-14 05:00:00+00:00,2227.5,2233.0,2227.0,2233.0,10703
2026-08-14 08:00:00,2026-08-14 05:00:00+00:00,2026-08-14 05:10:00+00:00,2233.0,2235.0,2231.5,2232.5,13021
2026-08-14 08:10:00,2026-08-14 05:10:00+00:00,2026-08-14 05:20:00+00:00,2232.5,2238.0,2230.0,2237.0,15454
2026-08-14 08:20:00,2026-08-14 05:20:00+00:00,2026-08-14 05:30:00+00:00,2237.5,2238.0,2233.5,2234.0,8814
2026-08-14 08:30:00,2026-08-14 05:30:00+00:00,2026-08-14 05:40:00+00:00,2233.5,2235.5,2231.0,2232.0,8157
2026-08-14 08:40:00,2026-08-14 05:40:00+00:00,2026-08-14 05:50:00+00:00,2231.0,2233.5,2228.5,2229.5,8286
2026-08-14 08:50:00,2026-08-14 05:50:00+00:00,2026-08-14 06:00:00+00:00,2229.5,2229.5,2225.5,2229.0,6708
2026-08-14 09:00:00,2026-08-14 06:00:00+00:00,2026-08-14 06:10:00+00:00,2229.0,2229.0,2225.0,2225.0,6678
2026-08-14 09:10:00,2026-08-14 06:10:00+00:00,2026-08-14 06:20:00+00:00,2225.5,2234.0,2225.5,2230.0,8005
2026-08-14 09:20:00,2026-08-14 06:20:00+00:00,2026-08-14 06:30:00+00:00,2230.5,2231.5,2226.5,2227.0,6333
2026-08-14 09:30:00,2026-08-14 06:30:00+00:00,2026-08-14 06:40:00+00:00,2227.5,2231.5,2227.0,2230.0,8127
2026-08-14 09:40:00,2026-08-14 06:40:00+00:00,2026-08-14 06:50:00+00:00,2230.5,2235.0,2230.0,2233.0,9272
2026-08-14 09:50:00,2026-08-14 06:50:00+00:00,2026-08-14 07:00:00+00:00,2233.5,2235.5,2232.0,2233.5,8288
2026-08-14 10:00:00,2026-08-14 07:00:00+00:00,2026-08-14 07:10:00+00:00,2233.0,2236.0,2229.0,2235.0,16216
2026-08-14 10:10:00,2026-08-14 07:10:00+00:00,2026-08-14 07:20:00+00:00,2235.0,2246.0,2232.5,2243.5,54391
2026-08-14 10:20:00,2026-08-14 07:20:00+00:00,2026-08-14 07:30:00+00:00,2244.0,2247.0,2241.0,2243.0,29269
2026-08-14 10:30:00,2026-08-14 07:30:00+00:00,2026-08-14 07:40:00+00:00,2243.5,2244.5,2232.0,2233.5,26249
2026-08-14 10:40:00,2026-08-14 07:40:00+00:00,2026-08-14 07:50:00+00:00,2233.5,2238.0,2231.5,2237.5,13944
2026-08-14 10:50:00,2026-08-14 07:50:00+00:00,2026-08-14 08:00:00+00:00,2237.5,2239.5,2235.0,2238.0,13063
2026-08-14 11:00:00,2026-08-14 08:00:00+00:00,2026-08-14 08:10:00+00:00,2238.0,2242.0,2235.5,2241.0,11885
2026-08-14 11:10:00,2026-08-14 08:10:00+00:00,2026-08-14 08:20:00+00:00,2241.5,2242.0,2235.5,2237.0,8902
2026-08-14 11:20:00,2026-08-14 08:20:00+00:00,2026-08-14 08:30:00+00:00,2236.5,2237.0,2210.5,2213.5,82523
2026-08-14 11:30:00,2026-08-14 08:30:00+00:00,2026-08-14 08:40:00+00:00,2213.0,2217.5,2208.0,2217.0,65793
2026-08-14 11:40:00,2026-08-14 08:40:00+00:00,2026-08-14 08:50:00+00:00,2217.0,2217.0,2204.5,2207.0,57462
2026-08-14 11:50:00,2026-08-14 08:50:00+00:00,2026-08-14 09:00:00+00:00,2206.5,2207.5,2201.5,2204.0,50560
2026-08-14 12:00:00,2026-08-14 09:00:00+00:00,2026-08-14 09:10:00+00:00,2203.5,2207.5,2201.5,2202.5,31715
2026-08-14 12:10:00,2026-08-14 09:10:00+00:00,2026-08-14 09:20:00+00:00,2203.0,2204.0,2193.5,2198.5,56157
2026-08-14 12:20:00,2026-08-14 09:20:00+00:00,2026-08-14 09:30:00+00:00,2198.0,2200.5,2183.0,2185.0,57742
2026-08-14 12:30:00,2026-08-14 09:30:00+00:00,2026-08-14 09:40:00+00:00,2185.0,2188.5,2179.5,2187.0,82598
2026-08-14 12:40:00,2026-08-14 09:40:00+00:00,2026-08-14 09:50:00+00:00,2186.5,2189.5,2184.0,2188.5,33611
2026-08-14 12:50:00,2026-08-14 09:50:00+00:00,2026-08-14 10:00:00+00:00,2188.5,2188.5,2183.0,2185.0,27348
2026-08-14 13:00:00,2026-08-14 10:00:00+00:00,2026-08-14 10:10:00+00:00,2185.0,2185.0,2173.0,2177.5,64784
2026-08-14 13:10:00,2026-08-14 10:10:00+00:00,2026-08-14 10:20:00+00:00,2177.5,2178.5,2167.0,2168.5,47438
2026-08-14 13:20:00,2026-08-14 10:20:00+00:00,2026-08-14 10:30:00+00:00,2169.0,2176.5,2167.0,2173.5,46894
2026-08-14 13:30:00,2026-08-14 10:30:00+00:00,2026-08-14 10:40:00+00:00,2173.5,2177.5,2173.5,2175.0,18297
2026-08-14 13:40:00,2026-08-14 10:40:00+00:00,2026-08-14 10:50:00+00:00,2175.5,2176.5,2160.0,2161.5,59928
2026-08-14 13:50:00,2026-08-14 10:50:00+00:00,2026-08-14 11:00:00+00:00,2162.0,2166.5,2156.5,2157.0,55766
2026-08-14 14:00:00,2026-08-14 11:00:00+00:00,2026-08-14 11:10:00+00:00,2157.0,2160.5,2152.0,2157.0,65282
2026-08-14 14:10:00,2026-08-14 11:10:00+00:00,2026-08-14 11:20:00+00:00,2157.0,2166.0,2152.0,2160.0,62997
2026-08-14 14:20:00,2026-08-14 11:20:00+00:00,2026-08-14 11:30:00+00:00,2160.5,2169.0,2160.0,2168.0,32423
2026-08-14 14:30:00,2026-08-14 11:30:00+00:00,2026-08-14 11:40:00+00:00,2168.5,2177.0,2165.0,2165.0,98322
2026-08-14 14:40:00,2026-08-14 11:40:00+00:00,2026-08-14 11:50:00+00:00,2164.5,2165.0,2158.0,2159.5,30975
2026-08-14 14:50:00,2026-08-14 11:50:00+00:00,2026-08-14 12:00:00+00:00,2160.0,2160.5,2153.0,2158.0,37565
2026-08-14 15:00:00,2026-08-14 12:00:00+00:00,2026-08-14 12:10:00+00:00,2157.5,2166.5,2156.0,2165.5,30215
2026-08-14 15:10:00,2026-08-14 12:10:00+00:00,2026-08-14 12:20:00+00:00,2165.0,2171.5,2162.0,2164.5,35906
2026-08-14 15:20:00,2026-08-14 12:20:00+00:00,2026-08-14 12:30:00+00:00,2164.5,2167.5,2164.0,2165.0,10016
2026-08-14 15:30:00,2026-08-14 12:30:00+00:00,2026-08-14 12:40:00+00:00,2164.5,2167.5,2157.5,2159.0,24011
2026-08-14 15:40:00,2026-08-14 12:40:00+00:00,2026-08-14 12:50:00+00:00,2158.5,2163.5,2158.0,2162.5,12351
2026-08-14 15:50:00,2026-08-14 12:50:00+00:00,2026-08-14 13:00:00+00:00,2162.5,2165.0,2144.5,2144.5,62238
2026-08-14 16:00:00,2026-08-14 13:00:00+00:00,2026-08-14 13:10:00+00:00,2145.0,2149.5,2138.5,2140.0,71443
2026-08-14 16:10:00,2026-08-14 13:10:00+00:00,2026-08-14 13:20:00+00:00,2140.0,2144.5,2133.0,2134.5,69763
2026-08-14 16:20:00,2026-08-14 13:20:00+00:00,2026-08-14 13:30:00+00:00,2134.5,2141.0,2131.0,2135.0,65573
2026-08-14 16:30:00,2026-08-14 13:30:00+00:00,2026-08-14 13:40:00+00:00,2135.5,2136.0,2130.0,2135.0,39051
2026-08-14 16:40:00,2026-08-14 13:40:00+00:00,2026-08-14 13:50:00+00:00,2135.5,2139.0,2130.0,2135.5,49665
2026-08-14 16:50:00,2026-08-14 13:50:00+00:00,2026-08-14 14:00:00+00:00,2135.0,2136.0,2131.0,2133.0,22701
2026-08-14 17:00:00,2026-08-14 14:00:00+00:00,2026-08-14 14:10:00+00:00,2132.0,2138.5,2131.0,2138.5,31403
2026-08-14 17:10:00,2026-08-14 14:10:00+00:00,2026-08-14 14:20:00+00:00,2138.0,2145.0,2137.5,2137.5,47638
2026-08-14 17:20:00,2026-08-14 14:20:00+00:00,2026-08-14 14:30:00+00:00,2138.0,2148.0,2137.0,2145.5,50809
2026-08-14 17:30:00,2026-08-14 14:30:00+00:00,2026-08-14 14:40:00+00:00,2145.0,2145.5,2141.5,2142.0,15517
2026-08-14 17:40:00,2026-08-14 14:40:00+00:00,2026-08-14 14:50:00+00:00,2142.0,2152.0,2140.5,2147.5,35897
2026-08-14 17:50:00,2026-08-14 14:50:00+00:00,2026-08-14 15:00:00+00:00,2147.0,2152.0,2145.0,2149.5,17936
2026-08-14 18:00:00,2026-08-14 15:00:00+00:00,2026-08-14 15:10:00+00:00,2150.0,2150.0,2137.5,2139.5,38740
2026-08-14 18:10:00,2026-08-14 15:10:00+00:00,2026-08-14 15:20:00+00:00,2139.5,2142.0,2137.0,2141.5,13652
2026-08-14 18:20:00,2026-08-14 15:20:00+00:00,2026-08-14 15:30:00+00:00,2141.0,2141.5,2133.5,2135.0,32969
2026-08-14 18:30:00,2026-08-14 15:30:00+00:00,2026-08-14 15:40:00+00:00,2135.0,2139.5,2134.5,2136.5,11310
2026-08-14 18:40:00,2026-08-14 15:40:00+00:00,2026-08-14 15:50:00+00:00,2136.5,2139.0,2136.0,2136.5,5096
2026-08-14 18:50:00,2026-08-14 15:50:00+00:00,2026-08-14 16:00:00+00:00,2136.5,2138.0,2135.0,2135.5,9490
2026-08-14 19:00:00,2026-08-14 16:00:00+00:00,2026-08-14 16:10:00+00:00,2136.0,2142.0,2136.0,2141.0,14269
2026-08-14 19:10:00,2026-08-14 16:10:00+00:00,2026-08-14 16:20:00+00:00,2141.5,2143.5,2139.0,2140.5,10576
2026-08-14 19:20:00,2026-08-14 16:20:00+00:00,2026-08-14 16:30:00+00:00,2140.5,2142.0,2139.5,2139.5,4079
2026-08-14 19:30:00,2026-08-14 16:30:00+00:00,2026-08-14 16:40:00+00:00,2139.5,2143.0,2137.5,2141.0,8263
2026-08-14 19:40:00,2026-08-14 16:40:00+00:00,2026-08-14 16:50:00+00:00,2141.0,2142.0,2138.0,2138.5,5308
2026-08-14 19:50:00,2026-08-14 16:50:00+00:00,2026-08-14 17:00:00+00:00,2139.0,2139.0,2136.5,2137.5,5122
2026-08-14 20:00:00,2026-08-14 17:00:00+00:00,2026-08-14 17:10:00+00:00,2138.0,2139.5,2137.5,2139.0,1946
2026-08-14 20:10:00,2026-08-14 17:10:00+00:00,2026-08-14 17:20:00+00:00,2139.0,2140.0,2138.5,2139.5,1973
2026-08-14 20:20:00,2026-08-14 17:20:00+00:00,2026-08-14 17:30:00+00:00,2139.5,2140.0,2137.0,2138.5,5728
2026-08-14 20:30:00,2026-08-14 17:30:00+00:00,2026-08-14 17:40:00+00:00,2138.0,2139.5,2138.0,2139.0,2562
2026-08-14 20:40:00,2026-08-14 17:40:00+00:00,2026-08-14 17:50:00+00:00,2138.5,2139.5,2138.0,2138.5,2968
2026-08-14 20:50:00,2026-08-14 17:50:00+00:00,2026-08-14 18:00:00+00:00,2138.5,2139.5,2137.5,2138.5,2949
2026-08-14 21:00:00,2026-08-14 18:00:00+00:00,2026-08-14 18:10:00+00:00,2138.5,2140.0,2138.0,2138.5,3495
2026-08-14 21:10:00,2026-08-14 18:10:00+00:00,2026-08-14 18:20:00+00:00,2138.5,2141.5,2138.5,2140.0,5158
2026-08-14 21:20:00,2026-08-14 18:20:00+00:00,2026-08-14 18:30:00+00:00,2139.5,2144.5,2139.5,2144.0,6281
2026-08-14 21:30:00,2026-08-14 18:30:00+00:00,2026-08-14 18:40:00+00:00,2144.0,2144.0,2142.0,2142.5,5566
2026-08-14 21:40:00,2026-08-14 18:40:00+00:00,2026-08-14 18:50:00+00:00,2142.5,2143.0,2142.0,2142.5,1579
2026-08-14 21:50:00,2026-08-14 18:50:00+00:00,2026-08-14 19:00:00+00:00,2142.5,2144.0,2142.5,2142.5,2468
2026-08-14 22:00:00,2026-08-14 19:00:00+00:00,2026-08-14 19:10:00+00:00,2142.5,2146.0,2142.0,2145.0,6822
2026-08-14 22:10:00,2026-08-14 19:10:00+00:00,2026-08-14 19:20:00+00:00,2145.0,2145.5,2142.5,2142.5,2107
2026-08-14 22:20:00,2026-08-14 19:20:00+00:00,2026-08-14 19:30:00+00:00,2143.0,2143.0,2141.0,2142.5,3442
2026-08-14 22:30:00,2026-08-14 19:30:00+00:00,2026-08-14 19:40:00+00:00,2142.5,2143.0,2142.0,2142.0,1597
2026-08-14 22:40:00,2026-08-14 19:40:00+00:00,2026-08-14 19:50:00+00:00,2143.0,2143.5,2142.0,2142.5,2150
2026-08-14 22:50:00,2026-08-14 19:50:00+00:00,2026-08-14 20:00:00+00:00,2142.5,2144.0,2142.0,2143.0,2526
2026-08-14 23:00:00,2026-08-14 20:00:00+00:00,2026-08-14 20:10:00+00:00,2142.5,2144.5,2142.5,2144.0,3197
2026-08-14 23:10:00,2026-08-14 20:10:00+00:00,2026-08-14 20:20:00+00:00,2144.0,2144.5,2142.0,2142.0,2786
2026-08-14 23:20:00,2026-08-14 20:20:00+00:00,2026-08-14 20:30:00+00:00,2142.5,2142.5,2139.0,2140.5,7335
2026-08-14 23:30:00,2026-08-14 20:30:00+00:00,2026-08-14 20:40:00+00:00,2141.0,2141.5,2138.0,2139.0,6506
2026-08-14 23:40:00,2026-08-14 20:40:00+00:00,2026-08-14 20:50:00+00:00,2139.0,2140.5,2137.5,2140.5,8821
2026-08-17 06:50:00,2026-08-17 03:50:00+00:00,2026-08-17 04:00:00+00:00,2136.5,2136.5,2136.5,2136.5,83
2026-08-17 07:00:00,2026-08-17 04:00:00+00:00,2026-08-17 04:10:00+00:00,2136.5,2137.5,2068.0,2110.5,102303
2026-08-17 07:10:00,2026-08-17 04:10:00+00:00,2026-08-17 04:20:00+00:00,2109.5,2116.5,2105.0,2112.0,44734
2026-08-17 07:20:00,2026-08-17 04:20:00+00:00,2026-08-17 04:30:00+00:00,2112.0,2116.0,2102.5,2106.0,38171
2026-08-17 07:30:00,2026-08-17 04:30:00+00:00,2026-08-17 04:40:00+00:00,2106.0,2114.0,2106.0,2112.5,15507
2026-08-17 07:40:00,2026-08-17 04:40:00+00:00,2026-08-17 04:50:00+00:00,2112.0,2113.5,2109.0,2113.0,13293
2026-08-17 07:50:00,2026-08-17 04:50:00+00:00,2026-08-17 05:00:00+00:00,2113.0,2115.0,2110.0,2110.0,10545
2026-08-17 08:00:00,2026-08-17 05:00:00+00:00,2026-08-17 05:10:00+00:00,2110.0,2116.0,2109.5,2112.5,10604
2026-08-17 08:10:00,2026-08-17 05:10:00+00:00,2026-08-17 05:20:00+00:00,2113.0,2113.5,2101.5,2102.5,22706
2026-08-17 08:20:00,2026-08-17 05:20:00+00:00,2026-08-17 05:30:00+00:00,2103.0,2103.5,2086.5,2093.0,77628
2026-08-17 08:30:00,2026-08-17 05:30:00+00:00,2026-08-17 05:40:00+00:00,2093.0,2098.5,2090.5,2096.0,33319
2026-08-17 08:40:00,2026-08-17 05:40:00+00:00,2026-08-17 05:50:00+00:00,2096.5,2101.5,2094.5,2101.0,22129
2026-08-17 08:50:00,2026-08-17 05:50:00+00:00,2026-08-17 06:00:00+00:00,2101.0,2101.5,2095.0,2097.0,17066
2026-08-17 09:00:00,2026-08-17 06:00:00+00:00,2026-08-17 06:10:00+00:00,2096.0,2101.0,2093.0,2095.0,26723
2026-08-17 09:10:00,2026-08-17 06:10:00+00:00,2026-08-17 06:20:00+00:00,2095.5,2097.0,2080.5,2096.0,192426
2026-08-17 09:20:00,2026-08-17 06:20:00+00:00,2026-08-17 06:30:00+00:00,2096.5,2130.0,2096.0,2099.5,242837
2026-08-17 09:30:00,2026-08-17 06:30:00+00:00,2026-08-17 06:40:00+00:00,2100.5,2115.5,2100.0,2115.0,43785
2026-08-17 09:40:00,2026-08-17 06:40:00+00:00,2026-08-17 06:50:00+00:00,2115.5,2119.0,2099.5,2102.0,62268
2026-08-17 09:50:00,2026-08-17 06:50:00+00:00,2026-08-17 07:00:00+00:00,2102.0,2109.5,2098.5,2106.5,23640
2026-08-17 10:00:00,2026-08-17 07:00:00+00:00,2026-08-17 07:10:00+00:00,2107.0,2122.0,2104.5,2117.0,69875
2026-08-17 10:10:00,2026-08-17 07:10:00+00:00,2026-08-17 07:20:00+00:00,2117.0,2126.0,2115.5,2117.0,53625
2026-08-17 10:20:00,2026-08-17 07:20:00+00:00,2026-08-17 07:30:00+00:00,2117.5,2124.5,2111.5,2116.5,36187
2026-08-17 10:30:00,2026-08-17 07:30:00+00:00,2026-08-17 07:40:00+00:00,2116.0,2129.0,2112.0,2125.0,77815
2026-08-17 10:40:00,2026-08-17 07:40:00+00:00,2026-08-17 07:50:00+00:00,2125.0,2141.0,2121.5,2140.5,67925
2026-08-17 10:50:00,2026-08-17 07:50:00+00:00,2026-08-17 08:00:00+00:00,2140.5,2140.5,2128.5,2128.5,47873
2026-08-17 11:00:00,2026-08-17 08:00:00+00:00,2026-08-17 08:10:00+00:00,2129.0,2130.5,2100.0,2104.5,83864
2026-08-17 11:10:00,2026-08-17 08:10:00+00:00,2026-08-17 08:20:00+00:00,2104.5,2116.5,2101.5,2108.5,81791
2026-08-17 11:20:00,2026-08-17 08:20:00+00:00,2026-08-17 08:30:00+00:00,2108.5,2112.0,2093.0,2099.0,63661
2026-08-17 11:30:00,2026-08-17 08:30:00+00:00,2026-08-17 08:40:00+00:00,2099.0,2107.5,2098.0,2102.5,44798
2026-08-17 11:40:00,2026-08-17 08:40:00+00:00,2026-08-17 08:50:00+00:00,2102.5,2111.0,2088.0,2110.0,79952
2026-08-17 11:50:00,2026-08-17 08:50:00+00:00,2026-08-17 09:00:00+00:00,2110.0,2112.5,2103.0,2109.5,22996
2026-08-17 12:00:00,2026-08-17 09:00:00+00:00,2026-08-17 09:10:00+00:00,2109.5,2111.0,2095.0,2104.0,63040
2026-08-17 12:10:00,2026-08-17 09:10:00+00:00,2026-08-17 09:20:00+00:00,2104.5,2107.5,2095.5,2098.5,26009
2026-08-17 12:20:00,2026-08-17 09:20:00+00:00,2026-08-17 09:30:00+00:00,2098.0,2111.0,2094.5,2105.0,45676
2026-08-17 12:30:00,2026-08-17 09:30:00+00:00,2026-08-17 09:40:00+00:00,2105.0,2113.0,2102.0,2110.5,29010
2026-08-17 12:40:00,2026-08-17 09:40:00+00:00,2026-08-17 09:50:00+00:00,2110.0,2118.0,2107.5,2111.0,38984
2026-08-17 12:50:00,2026-08-17 09:50:00+00:00,2026-08-17 10:00:00+00:00,2111.0,2122.5,2110.0,2116.0,52726
2026-08-17 13:00:00,2026-08-17 10:00:00+00:00,2026-08-17 10:10:00+00:00,2116.0,2125.0,2114.5,2120.5,29175
2026-08-17 13:10:00,2026-08-17 10:10:00+00:00,2026-08-17 10:20:00+00:00,2120.0,2124.0,2112.5,2113.5,27493
2026-08-17 13:20:00,2026-08-17 10:20:00+00:00,2026-08-17 10:30:00+00:00,2113.5,2118.5,2112.0,2114.5,17892
2026-08-17 13:30:00,2026-08-17 10:30:00+00:00,2026-08-17 10:40:00+00:00,2114.5,2116.5,2108.0,2111.5,31716
2026-08-17 13:40:00,2026-08-17 10:40:00+00:00,2026-08-17 10:50:00+00:00,2111.0,2113.0,2102.0,2104.0,34512
2026-08-17 13:50:00,2026-08-17 10:50:00+00:00,2026-08-17 11:00:00+00:00,2104.5,2105.5,2100.0,2103.5,21970
2026-08-17 14:00:00,2026-08-17 11:00:00+00:00,2026-08-17 11:10:00+00:00,2103.5,2107.5,2098.0,2107.5,26117
2026-08-17 14:10:00,2026-08-17 11:10:00+00:00,2026-08-17 11:20:00+00:00,2106.5,2113.0,2104.5,2109.5,29876
2026-08-17 14:20:00,2026-08-17 11:20:00+00:00,2026-08-17 11:30:00+00:00,2108.5,2109.0,2103.5,2106.0,9006
2026-08-17 14:30:00,2026-08-17 11:30:00+00:00,2026-08-17 11:40:00+00:00,2106.0,2110.5,2104.0,2107.0,5200
2026-08-17 14:40:00,2026-08-17 11:40:00+00:00,2026-08-17 11:50:00+00:00,2107.5,2119.0,2106.5,2115.5,26042
2026-08-17 14:50:00,2026-08-17 11:50:00+00:00,2026-08-17 12:00:00+00:00,2115.5,2116.5,2109.0,2111.0,10589
2026-08-17 15:00:00,2026-08-17 12:00:00+00:00,2026-08-17 12:10:00+00:00,2111.0,2113.5,2107.0,2107.5,13330
2026-08-17 15:10:00,2026-08-17 12:10:00+00:00,2026-08-17 12:20:00+00:00,2107.5,2108.5,2103.5,2105.0,14071
2026-08-17 15:20:00,2026-08-17 12:20:00+00:00,2026-08-17 12:30:00+00:00,2105.0,2118.5,2102.0,2117.0,42622
2026-08-17 15:30:00,2026-08-17 12:30:00+00:00,2026-08-17 12:40:00+00:00,2117.0,2121.0,2111.0,2113.5,25779
2026-08-17 15:40:00,2026-08-17 12:40:00+00:00,2026-08-17 12:50:00+00:00,2113.5,2119.0,2111.0,2119.0,18141
2026-08-17 15:50:00,2026-08-17 12:50:00+00:00,2026-08-17 13:00:00+00:00,2118.5,2119.0,2113.5,2114.0,9711
2026-08-17 16:00:00,2026-08-17 13:00:00+00:00,2026-08-17 13:10:00+00:00,2114.5,2116.5,2107.0,2115.5,21474
2026-08-17 16:10:00,2026-08-17 13:10:00+00:00,2026-08-17 13:20:00+00:00,2115.0,2118.5,2112.5,2114.5,20881
2026-08-17 16:20:00,2026-08-17 13:20:00+00:00,2026-08-17 13:30:00+00:00,2114.5,2120.0,2113.5,2117.5,10706
2026-08-17 16:30:00,2026-08-17 13:30:00+00:00,2026-08-17 13:40:00+00:00,2117.5,2123.5,2114.5,2116.0,26136
2026-08-17 16:40:00,2026-08-17 13:40:00+00:00,2026-08-17 13:50:00+00:00,2116.5,2117.0,2110.5,2110.5,18126
2026-08-17 16:50:00,2026-08-17 13:50:00+00:00,2026-08-17 14:00:00+00:00,2111.0,2114.5,2108.5,2111.5,10043
2026-08-17 17:00:00,2026-08-17 14:00:00+00:00,2026-08-17 14:10:00+00:00,2111.5,2118.5,2110.5,2116.0,12356
2026-08-17 17:10:00,2026-08-17 14:10:00+00:00,2026-08-17 14:20:00+00:00,2116.0,2120.5,2114.5,2115.5,9971
2026-08-17 17:20:00,2026-08-17 14:20:00+00:00,2026-08-17 14:30:00+00:00,2116.0,2116.5,2101.0,2105.0,42731
2026-08-17 17:30:00,2026-08-17 14:30:00+00:00,2026-08-17 14:40:00+00:00,2105.5,2107.0,2094.5,2100.5,51137
2026-08-17 17:40:00,2026-08-17 14:40:00+00:00,2026-08-17 14:50:00+00:00,2100.5,2106.5,2096.5,2101.0,27024
2026-08-17 17:50:00,2026-08-17 14:50:00+00:00,2026-08-17 15:00:00+00:00,2101.5,2106.5,2101.0,2103.5,14432
2026-08-17 18:00:00,2026-08-17 15:00:00+00:00,2026-08-17 15:10:00+00:00,2103.0,2103.0,2096.0,2096.5,22873
2026-08-17 18:10:00,2026-08-17 15:10:00+00:00,2026-08-17 15:20:00+00:00,2096.0,2097.5,2084.0,2090.5,50962
2026-08-17 18:20:00,2026-08-17 15:20:00+00:00,2026-08-17 15:30:00+00:00,2090.5,2093.5,2085.5,2091.5,23419
2026-08-17 18:30:00,2026-08-17 15:30:00+00:00,2026-08-17 15:40:00+00:00,2091.5,2093.5,2088.0,2089.0,13825
2026-08-17 18:40:00,2026-08-17 15:40:00+00:00,2026-08-17 15:50:00+00:00,2089.0,2098.0,2088.5,2093.5,25695
2026-08-17 18:50:00,2026-08-17 15:50:00+00:00,2026-08-17 16:00:00+00:00,2093.0,2094.5,2089.5,2090.0,14680
2026-08-17 19:00:00,2026-08-17 16:00:00+00:00,2026-08-17 16:10:00+00:00,2090.0,2096.0,2090.0,2094.5,12645
2026-08-17 19:10:00,2026-08-17 16:10:00+00:00,2026-08-17 16:20:00+00:00,2094.0,2097.0,2093.5,2095.5,7847
2026-08-17 19:20:00,2026-08-17 16:20:00+00:00,2026-08-17 16:30:00+00:00,2096.0,2102.0,2093.5,2098.5,14925
2026-08-17 19:30:00,2026-08-17 16:30:00+00:00,2026-08-17 16:40:00+00:00,2098.0,2100.0,2096.0,2096.5,5028
2026-08-17 19:40:00,2026-08-17 16:40:00+00:00,2026-08-17 16:50:00+00:00,2097.0,2097.0,2090.5,2091.5,12483
2026-08-17 19:50:00,2026-08-17 16:50:00+00:00,2026-08-17 17:00:00+00:00,2092.0,2093.5,2090.5,2092.5,6814
2026-08-17 20:00:00,2026-08-17 17:00:00+00:00,2026-08-17 17:10:00+00:00,2092.0,2095.0,2091.5,2093.5,6128
2026-08-17 20:10:00,2026-08-17 17:10:00+00:00,2026-08-17 17:20:00+00:00,2093.5,2098.5,2093.0,2097.0,8356
2026-08-17 20:20:00,2026-08-17 17:20:00+00:00,2026-08-17 17:30:00+00:00,2097.0,2098.5,2096.0,2098.5,6817
2026-08-17 20:30:00,2026-08-17 17:30:00+00:00,2026-08-17 17:40:00+00:00,2098.5,2101.0,2097.0,2098.5,12751
2026-08-17 20:40:00,2026-08-17 17:40:00+00:00,2026-08-17 17:50:00+00:00,2098.0,2098.5,2094.5,2096.0,10118
2026-08-17 20:50:00,2026-08-17 17:50:00+00:00,2026-08-17 18:00:00+00:00,2096.0,2105.0,2096.0,2102.0,14377
2026-08-17 21:00:00,2026-08-17 18:00:00+00:00,2026-08-17 18:10:00+00:00,2102.0,2104.0,2099.0,2103.5,8325
2026-08-17 21:10:00,2026-08-17 18:10:00+00:00,2026-08-17 18:20:00+00:00,2103.5,2104.0,2100.5,2101.0,5831
2026-08-17 21:20:00,2026-08-17 18:20:00+00:00,2026-08-17 18:30:00+00:00,2101.0,2104.0,2100.0,2103.5,6178
2026-08-17 21:30:00,2026-08-17 18:30:00+00:00,2026-08-17 18:40:00+00:00,2103.0,2105.0,2102.0,2103.5,4813
2026-08-17 21:40:00,2026-08-17 18:40:00+00:00,2026-08-17 18:50:00+00:00,2103.0,2103.0,2101.0,2102.0,1846
2026-08-17 21:50:00,2026-08-17 18:50:00+00:00,2026-08-17 19:00:00+00:00,2102.0,2103.0,2100.5,2102.0,2670
2026-08-17 22:00:00,2026-08-17 19:00:00+00:00,2026-08-17 19:10:00+00:00,2102.0,2105.0,2101.5,2104.5,3086
2026-08-17 22:10:00,2026-08-17 19:10:00+00:00,2026-08-17 19:20:00+00:00,2104.5,2105.0,2099.5,2101.5,6993
2026-08-17 22:20:00,2026-08-17 19:20:00+00:00,2026-08-17 19:30:00+00:00,2101.0,2102.0,2099.0,2099.5,2980
2026-08-17 22:30:00,2026-08-17 19:30:00+00:00,2026-08-17 19:40:00+00:00,2100.0,2102.5,2100.0,2101.5,2686
2026-08-17 22:40:00,2026-08-17 19:40:00+00:00,2026-08-17 19:50:00+00:00,2101.5,2104.0,2101.5,2103.0,4304
2026-08-17 22:50:00,2026-08-17 19:50:00+00:00,2026-08-17 20:00:00+00:00,2103.5,2103.5,2102.0,2103.0,2054
2026-08-17 23:00:00,2026-08-17 20:00:00+00:00,2026-08-17 20:10:00+00:00,2103.5,2106.0,2103.5,2104.5,6740
2026-08-17 23:10:00,2026-08-17 20:10:00+00:00,2026-08-17 20:20:00+00:00,2104.5,2105.0,2103.0,2104.0,3138
2026-08-17 23:20:00,2026-08-17 20:20:00+00:00,2026-08-17 20:30:00+00:00,2104.0,2104.0,2101.0,2101.5,6941
2026-08-17 23:30:00,2026-08-17 20:30:00+00:00,2026-08-17 20:40:00+00:00,2102.0,2103.0,2101.0,2101.5,5696
2026-08-17 23:40:00,2026-08-17 20:40:00+00:00,2026-08-17 20:50:00+00:00,2101.0,2104.5,2100.5,2104.0,4237
2026-08-18 06:50:00,2026-08-18 03:50:00+00:00,2026-08-18 04:00:00+00:00,2099.5,2099.5,2099.5,2099.5,413
2026-08-18 07:00:00,2026-08-18 04:00:00+00:00,2026-08-18 04:10:00+00:00,2100.0,2124.0,2100.0,2110.5,40173
2026-08-18 07:10:00,2026-08-18 04:10:00+00:00,2026-08-18 04:20:00+00:00,2111.0,2117.5,2109.5,2111.5,14023
2026-08-18 07:20:00,2026-08-18 04:20:00+00:00,2026-08-18 04:30:00+00:00,2111.5,2112.0,2107.5,2110.5,8410
2026-08-18 07:30:00,2026-08-18 04:30:00+00:00,2026-08-18 04:40:00+00:00,2110.5,2114.0,2108.0,2109.5,9461
2026-08-18 07:40:00,2026-08-18 04:40:00+00:00,2026-08-18 04:50:00+00:00,2110.0,2111.0,2106.5,2110.0,5185
2026-08-18 07:50:00,2026-08-18 04:50:00+00:00,2026-08-18 05:00:00+00:00,2111.0,2112.5,2108.5,2110.5,5881
2026-08-18 08:00:00,2026-08-18 05:00:00+00:00,2026-08-18 05:10:00+00:00,2111.0,2116.0,2109.5,2114.5,14283
2026-08-18 08:10:00,2026-08-18 05:10:00+00:00,2026-08-18 05:20:00+00:00,2114.0,2120.0,2114.0,2116.0,16632
2026-08-18 08:20:00,2026-08-18 05:20:00+00:00,2026-08-18 05:30:00+00:00,2116.0,2117.5,2115.0,2117.0,4578
2026-08-18 08:30:00,2026-08-18 05:30:00+00:00,2026-08-18 05:40:00+00:00,2117.0,2117.5,2114.5,2115.5,6324
2026-08-18 08:40:00,2026-08-18 05:40:00+00:00,2026-08-18 05:50:00+00:00,2115.0,2118.5,2114.5,2117.0,5742
2026-08-18 08:50:00,2026-08-18 05:50:00+00:00,2026-08-18 06:00:00+00:00,2117.5,2118.0,2112.5,2112.5,8573
2026-08-18 09:00:00,2026-08-18 06:00:00+00:00,2026-08-18 06:10:00+00:00,2112.5,2115.5,2111.0,2111.5,8185
2026-08-18 09:10:00,2026-08-18 06:10:00+00:00,2026-08-18 06:20:00+00:00,2112.0,2112.5,2107.0,2109.0,16480
2026-08-18 09:20:00,2026-08-18 06:20:00+00:00,2026-08-18 06:30:00+00:00,2109.0,2113.0,2108.5,2112.0,6795
2026-08-18 09:30:00,2026-08-18 06:30:00+00:00,2026-08-18 06:40:00+00:00,2112.0,2116.5,2108.5,2116.0,7772
2026-08-18 09:40:00,2026-08-18 06:40:00+00:00,2026-08-18 06:50:00+00:00,2116.0,2119.5,2113.5,2115.0,15045
2026-08-18 09:50:00,2026-08-18 06:50:00+00:00,2026-08-18 07:00:00+00:00,2114.5,2116.5,2113.0,2113.5,7805
2026-08-18 10:00:00,2026-08-18 07:00:00+00:00,2026-08-18 07:10:00+00:00,2113.5,2115.0,2108.5,2113.5,19091
2026-08-18 10:10:00,2026-08-18 07:10:00+00:00,2026-08-18 07:20:00+00:00,2114.0,2117.0,2110.5,2114.5,15605
2026-08-18 10:20:00,2026-08-18 07:20:00+00:00,2026-08-18 07:30:00+00:00,2114.5,2119.0,2113.0,2113.5,23483
2026-08-18 10:30:00,2026-08-18 07:30:00+00:00,2026-08-18 07:40:00+00:00,2114.0,2116.5,2105.0,2106.5,30398
2026-08-18 10:40:00,2026-08-18 07:40:00+00:00,2026-08-18 07:50:00+00:00,2106.5,2107.5,2099.0,2104.5,40426
2026-08-18 10:50:00,2026-08-18 07:50:00+00:00,2026-08-18 08:00:00+00:00,2104.5,2109.5,2104.5,2106.5,18152
2026-08-18 11:00:00,2026-08-18 08:00:00+00:00,2026-08-18 08:10:00+00:00,2106.0,2109.0,2102.5,2104.5,19860
2026-08-18 11:10:00,2026-08-18 08:10:00+00:00,2026-08-18 08:20:00+00:00,2104.0,2116.5,2102.5,2115.5,20208
2026-08-18 11:20:00,2026-08-18 08:20:00+00:00,2026-08-18 08:30:00+00:00,2116.0,2116.5,2110.5,2113.5,23049
2026-08-18 11:30:00,2026-08-18 08:30:00+00:00,2026-08-18 08:40:00+00:00,2114.0,2118.0,2113.5,2117.0,25515
2026-08-18 11:40:00,2026-08-18 08:40:00+00:00,2026-08-18 08:50:00+00:00,2117.0,2137.0,2115.5,2134.0,148996
2026-08-18 11:50:00,2026-08-18 08:50:00+00:00,2026-08-18 09:00:00+00:00,2134.0,2144.0,2133.5,2141.0,99991
2026-08-18 12:00:00,2026-08-18 09:00:00+00:00,2026-08-18 09:10:00+00:00,2140.5,2142.5,2134.0,2136.0,38748
2026-08-18 12:10:00,2026-08-18 09:10:00+00:00,2026-08-18 09:20:00+00:00,2136.0,2143.0,2134.5,2141.5,40890
2026-08-18 12:20:00,2026-08-18 09:20:00+00:00,2026-08-18 09:30:00+00:00,2141.0,2157.0,2137.5,2150.5,120037
2026-08-18 12:30:00,2026-08-18 09:30:00+00:00,2026-08-18 09:40:00+00:00,2151.0,2159.5,2150.5,2159.0,69844
2026-08-18 12:40:00,2026-08-18 09:40:00+00:00,2026-08-18 09:50:00+00:00,2159.0,2159.5,2153.5,2155.0,42008
2026-08-18 12:50:00,2026-08-18 09:50:00+00:00,2026-08-18 10:00:00+00:00,2154.5,2155.5,2148.5,2149.5,35484
2026-08-18 13:00:00,2026-08-18 10:00:00+00:00,2026-08-18 10:10:00+00:00,2149.0,2152.5,2145.0,2150.0,54852
2026-08-18 13:10:00,2026-08-18 10:10:00+00:00,2026-08-18 10:20:00+00:00,2149.5,2151.5,2145.5,2149.5,24220
2026-08-18 13:20:00,2026-08-18 10:20:00+00:00,2026-08-18 10:30:00+00:00,2149.5,2151.0,2145.5,2146.5,11889
2026-08-18 13:30:00,2026-08-18 10:30:00+00:00,2026-08-18 10:40:00+00:00,2146.5,2155.0,2146.0,2153.5,27410
2026-08-18 13:40:00,2026-08-18 10:40:00+00:00,2026-08-18 10:50:00+00:00,2153.5,2158.5,2151.5,2155.0,36590
2026-08-18 13:50:00,2026-08-18 10:50:00+00:00,2026-08-18 11:00:00+00:00,2155.0,2155.5,2146.5,2146.5,21547
2026-08-18 14:00:00,2026-08-18 11:00:00+00:00,2026-08-18 11:10:00+00:00,2146.5,2152.5,2146.5,2151.5,23110
2026-08-18 14:10:00,2026-08-18 11:10:00+00:00,2026-08-18 11:20:00+00:00,2151.0,2157.0,2150.5,2156.0,24343
2026-08-18 14:20:00,2026-08-18 11:20:00+00:00,2026-08-18 11:30:00+00:00,2156.0,2158.0,2150.5,2155.0,24419
2026-08-18 14:30:00,2026-08-18 11:30:00+00:00,2026-08-18 11:40:00+00:00,2155.5,2159.5,2151.5,2155.0,26790
2026-08-18 14:40:00,2026-08-18 11:40:00+00:00,2026-08-18 11:50:00+00:00,2154.5,2155.0,2151.5,2151.5,8439
2026-08-18 14:50:00,2026-08-18 11:50:00+00:00,2026-08-18 12:00:00+00:00,2151.5,2153.0,2149.5,2152.0,11050
2026-08-18 15:00:00,2026-08-18 12:00:00+00:00,2026-08-18 12:10:00+00:00,2152.5,2156.0,2152.5,2155.0,13286
2026-08-18 15:10:00,2026-08-18 12:10:00+00:00,2026-08-18 12:20:00+00:00,2154.5,2166.5,2154.5,2164.0,68174
2026-08-18 15:20:00,2026-08-18 12:20:00+00:00,2026-08-18 12:30:00+00:00,2163.5,2165.5,2160.5,2161.0,32362
2026-08-18 15:30:00,2026-08-18 12:30:00+00:00,2026-08-18 12:40:00+00:00,2161.0,2162.5,2138.5,2143.0,120351
2026-08-18 15:40:00,2026-08-18 12:40:00+00:00,2026-08-18 12:50:00+00:00,2142.5,2142.5,2131.0,2133.0,86879
2026-08-18 15:50:00,2026-08-18 12:50:00+00:00,2026-08-18 13:00:00+00:00,2133.0,2142.5,2133.0,2137.0,34420
2026-08-18 16:00:00,2026-08-18 13:00:00+00:00,2026-08-18 13:10:00+00:00,2137.0,2140.5,2131.5,2136.5,22512
2026-08-18 16:10:00,2026-08-18 13:10:00+00:00,2026-08-18 13:20:00+00:00,2136.5,2152.0,2135.5,2143.5,56361
2026-08-18 16:20:00,2026-08-18 13:20:00+00:00,2026-08-18 13:30:00+00:00,2143.0,2145.0,2139.0,2144.0,19837
2026-08-18 16:30:00,2026-08-18 13:30:00+00:00,2026-08-18 13:40:00+00:00,2144.0,2146.0,2141.5,2145.0,10677
2026-08-18 16:40:00,2026-08-18 13:40:00+00:00,2026-08-18 13:50:00+00:00,2145.0,2146.0,2132.0,2132.5,41333
2026-08-18 16:50:00,2026-08-18 13:50:00+00:00,2026-08-18 14:00:00+00:00,2132.5,2141.0,2131.5,2138.0,30984
2026-08-18 17:00:00,2026-08-18 14:00:00+00:00,2026-08-18 14:10:00+00:00,2138.5,2146.5,2135.5,2137.0,39521
2026-08-18 17:10:00,2026-08-18 14:10:00+00:00,2026-08-18 14:20:00+00:00,2137.0,2137.5,2133.5,2135.5,22396
2026-08-18 17:20:00,2026-08-18 14:20:00+00:00,2026-08-18 14:30:00+00:00,2134.5,2137.5,2123.5,2125.5,43430
2026-08-18 17:30:00,2026-08-18 14:30:00+00:00,2026-08-18 14:40:00+00:00,2126.0,2129.5,2124.0,2125.0,34077
2026-08-18 17:40:00,2026-08-18 14:40:00+00:00,2026-08-18 14:50:00+00:00,2124.5,2128.5,2123.5,2125.5,20024
2026-08-18 17:50:00,2026-08-18 14:50:00+00:00,2026-08-18 15:00:00+00:00,2125.5,2130.5,2125.5,2129.5,14513
2026-08-18 18:00:00,2026-08-18 15:00:00+00:00,2026-08-18 15:10:00+00:00,2129.5,2133.0,2127.5,2132.5,20824
2026-08-18 18:10:00,2026-08-18 15:10:00+00:00,2026-08-18 15:20:00+00:00,2132.0,2137.0,2131.0,2134.0,25922
2026-08-18 18:20:00,2026-08-18 15:20:00+00:00,2026-08-18 15:30:00+00:00,2134.0,2135.5,2130.5,2131.5,3763
2026-08-18 18:30:00,2026-08-18 15:30:00+00:00,2026-08-18 15:40:00+00:00,2131.5,2144.5,2131.5,2142.5,32477
2026-08-18 18:40:00,2026-08-18 15:40:00+00:00,2026-08-18 15:50:00+00:00,2142.5,2148.5,2141.5,2144.0,31039
2026-08-18 18:50:00,2026-08-18 15:50:00+00:00,2026-08-18 16:00:00+00:00,2144.5,2162.0,2144.0,2156.5,63279
2026-08-18 19:00:00,2026-08-18 16:00:00+00:00,2026-08-18 16:10:00+00:00,2156.5,2156.5,2149.5,2152.0,31016
2026-08-18 19:10:00,2026-08-18 16:10:00+00:00,2026-08-18 16:20:00+00:00,2151.5,2154.0,2149.0,2149.5,12092
2026-08-18 19:20:00,2026-08-18 16:20:00+00:00,2026-08-18 16:30:00+00:00,2149.5,2152.5,2148.5,2150.5,14381
2026-08-18 19:30:00,2026-08-18 16:30:00+00:00,2026-08-18 16:40:00+00:00,2150.5,2154.0,2146.0,2146.5,19396
2026-08-18 19:40:00,2026-08-18 16:40:00+00:00,2026-08-18 16:50:00+00:00,2146.5,2149.0,2143.5,2149.0,21477
2026-08-18 19:50:00,2026-08-18 16:50:00+00:00,2026-08-18 17:00:00+00:00,2149.0,2151.5,2146.0,2147.0,8005
2026-08-18 20:00:00,2026-08-18 17:00:00+00:00,2026-08-18 17:10:00+00:00,2147.0,2153.0,2146.5,2151.0,11831
2026-08-18 20:10:00,2026-08-18 17:10:00+00:00,2026-08-18 17:20:00+00:00,2151.0,2152.5,2148.0,2148.5,4557
2026-08-18 20:20:00,2026-08-18 17:20:00+00:00,2026-08-18 17:30:00+00:00,2148.5,2151.5,2147.5,2150.5,2927
2026-08-18 20:30:00,2026-08-18 17:30:00+00:00,2026-08-18 17:40:00+00:00,2150.0,2156.0,2150.0,2153.0,13398
2026-08-18 20:40:00,2026-08-18 17:40:00+00:00,2026-08-18 17:50:00+00:00,2153.0,2153.5,2150.5,2152.0,9743
2026-08-18 20:50:00,2026-08-18 17:50:00+00:00,2026-08-18 18:00:00+00:00,2152.0,2156.0,2152.0,2153.5,4054
2026-08-18 21:00:00,2026-08-18 18:00:00+00:00,2026-08-18 18:10:00+00:00,2153.5,2154.5,2152.0,2152.5,3305
2026-08-18 21:10:00,2026-08-18 18:10:00+00:00,2026-08-18 18:20:00+00:00,2152.5,2159.5,2152.5,2156.0,16503
2026-08-18 21:20:00,2026-08-18 18:20:00+00:00,2026-08-18 18:30:00+00:00,2156.0,2161.5,2155.5,2161.0,16510
2026-08-18 21:30:00,2026-08-18 18:30:00+00:00,2026-08-18 18:40:00+00:00,2161.0,2161.0,2157.0,2157.5,4712
2026-08-18 21:40:00,2026-08-18 18:40:00+00:00,2026-08-18 18:50:00+00:00,2157.0,2165.0,2157.0,2162.0,20451
2026-08-18 21:50:00,2026-08-18 18:50:00+00:00,2026-08-18 19:00:00+00:00,2162.0,2163.0,2160.0,2160.5,5447
2026-08-18 22:00:00,2026-08-18 19:00:00+00:00,2026-08-18 19:10:00+00:00,2160.5,2162.0,2159.5,2160.0,3784
2026-08-18 22:10:00,2026-08-18 19:10:00+00:00,2026-08-18 19:20:00+00:00,2160.5,2164.5,2160.0,2164.0,6186
2026-08-18 22:20:00,2026-08-18 19:20:00+00:00,2026-08-18 19:30:00+00:00,2163.5,2167.5,2162.5,2167.5,21367
2026-08-18 22:30:00,2026-08-18 19:30:00+00:00,2026-08-18 19:40:00+00:00,2167.5,2168.5,2162.0,2164.0,20926
2026-08-18 22:40:00,2026-08-18 19:40:00+00:00,2026-08-18 19:50:00+00:00,2164.5,2165.0,2162.5,2162.5,6671
2026-08-18 22:50:00,2026-08-18 19:50:00+00:00,2026-08-18 20:00:00+00:00,2162.0,2163.5,2161.5,2162.5,4902
2026-08-18 23:00:00,2026-08-18 20:00:00+00:00,2026-08-18 20:10:00+00:00,2162.5,2164.0,2162.0,2163.0,6375
2026-08-18 23:10:00,2026-08-18 20:10:00+00:00,2026-08-18 20:20:00+00:00,2163.5,2164.5,2163.0,2164.5,2085
2026-08-18 23:20:00,2026-08-18 20:20:00+00:00,2026-08-18 20:30:00+00:00,2164.0,2165.5,2163.0,2165.0,7606
2026-08-18 23:30:00,2026-08-18 20:30:00+00:00,2026-08-18 20:40:00+00:00,2164.5,2167.0,2163.0,2166.5,12446
2026-08-18 23:40:00,2026-08-18 20:40:00+00:00,2026-08-18 20:50:00+00:00,2166.0,2169.0,2165.5,2168.0,10783
2026-08-19 06:50:00,2026-08-19 03:50:00+00:00,2026-08-19 04:00:00+00:00,2170.0,2170.0,2170.0,2170.0,220
2026-08-19 07:00:00,2026-08-19 04:00:00+00:00,2026-08-19 04:10:00+00:00,2170.0,2171.5,2159.5,2162.0,21881
2026-08-19 07:10:00,2026-08-19 04:10:00+00:00,2026-08-19 04:20:00+00:00,2161.5,2175.0,2161.5,2170.5,34824
2026-08-19 07:20:00,2026-08-19 04:20:00+00:00,2026-08-19 04:30:00+00:00,2170.5,2172.5,2164.5,2170.0,13989
2026-08-19 07:30:00,2026-08-19 04:30:00+00:00,2026-08-19 04:40:00+00:00,2170.0,2170.0,2163.5,2165.5,9127
2026-08-19 07:40:00,2026-08-19 04:40:00+00:00,2026-08-19 04:50:00+00:00,2165.5,2167.5,2164.5,2164.5,4198
2026-08-19 07:50:00,2026-08-19 04:50:00+00:00,2026-08-19 05:00:00+00:00,2164.0,2166.5,2158.0,2163.5,19978
2026-08-19 08:00:00,2026-08-19 05:00:00+00:00,2026-08-19 05:10:00+00:00,2163.5,2165.0,2161.0,2161.5,3983
2026-08-19 08:10:00,2026-08-19 05:10:00+00:00,2026-08-19 05:20:00+00:00,2162.0,2164.0,2156.0,2157.5,11112
2026-08-19 08:20:00,2026-08-19 05:20:00+00:00,2026-08-19 05:30:00+00:00,2157.5,2160.0,2153.0,2159.5,16759
2026-08-19 08:30:00,2026-08-19 05:30:00+00:00,2026-08-19 05:40:00+00:00,2159.5,2159.5,2155.0,2157.0,7623
2026-08-19 08:40:00,2026-08-19 05:40:00+00:00,2026-08-19 05:50:00+00:00,2157.0,2168.0,2157.0,2168.0,13200
2026-08-19 08:50:00,2026-08-19 05:50:00+00:00,2026-08-19 06:00:00+00:00,2167.0,2169.5,2164.5,2165.0,15871
2026-08-19 09:00:00,2026-08-19 06:00:00+00:00,2026-08-19 06:10:00+00:00,2164.5,2167.0,2155.0,2157.5,19245
2026-08-19 09:10:00,2026-08-19 06:10:00+00:00,2026-08-19 06:20:00+00:00,2157.5,2162.5,2155.5,2161.5,14009
2026-08-19 09:20:00,2026-08-19 06:20:00+00:00,2026-08-19 06:30:00+00:00,2161.5,2164.0,2160.0,2162.0,6262
2026-08-19 09:30:00,2026-08-19 06:30:00+00:00,2026-08-19 06:40:00+00:00,2162.0,2168.0,2160.5,2167.0,10292
2026-08-19 09:40:00,2026-08-19 06:40:00+00:00,2026-08-19 06:50:00+00:00,2168.0,2168.0,2162.5,2163.0,6664
2026-08-19 09:50:00,2026-08-19 06:50:00+00:00,2026-08-19 07:00:00+00:00,2162.5,2164.0,2161.5,2163.0,5844
2026-08-19 10:00:00,2026-08-19 07:00:00+00:00,2026-08-19 07:10:00+00:00,2163.0,2163.5,2154.5,2160.0,23695
2026-08-19 10:10:00,2026-08-19 07:10:00+00:00,2026-08-19 07:20:00+00:00,2159.5,2159.5,2151.5,2153.0,22538
2026-08-19 10:20:00,2026-08-19 07:20:00+00:00,2026-08-19 07:30:00+00:00,2153.0,2156.0,2150.0,2151.0,25135
2026-08-19 10:30:00,2026-08-19 07:30:00+00:00,2026-08-19 07:40:00+00:00,2151.0,2154.0,2146.5,2148.0,30628
2026-08-19 10:40:00,2026-08-19 07:40:00+00:00,2026-08-19 07:50:00+00:00,2148.0,2152.5,2146.0,2152.0,16133
2026-08-19 10:50:00,2026-08-19 07:50:00+00:00,2026-08-19 08:00:00+00:00,2152.0,2154.5,2151.5,2153.0,14704
2026-08-19 11:00:00,2026-08-19 08:00:00+00:00,2026-08-19 08:10:00+00:00,2153.0,2157.0,2141.0,2142.0,41255
2026-08-19 11:10:00,2026-08-19 08:10:00+00:00,2026-08-19 08:20:00+00:00,2142.0,2145.0,2137.0,2139.5,30799
2026-08-19 11:20:00,2026-08-19 08:20:00+00:00,2026-08-19 08:30:00+00:00,2140.0,2144.0,2139.0,2141.5,22975
2026-08-19 11:30:00,2026-08-19 08:30:00+00:00,2026-08-19 08:40:00+00:00,2141.5,2148.0,2140.0,2147.0,26363
2026-08-19 11:40:00,2026-08-19 08:40:00+00:00,2026-08-19 08:50:00+00:00,2147.0,2147.5,2139.0,2143.5,18658
2026-08-19 11:50:00,2026-08-19 08:50:00+00:00,2026-08-19 09:00:00+00:00,2143.0,2156.0,2141.0,2152.5,50331
2026-08-19 12:00:00,2026-08-19 09:00:00+00:00,2026-08-19 09:10:00+00:00,2152.5,2158.0,2150.5,2151.0,29855
2026-08-19 12:10:00,2026-08-19 09:10:00+00:00,2026-08-19 09:20:00+00:00,2151.0,2152.5,2144.5,2146.5,33695
2026-08-19 12:20:00,2026-08-19 09:20:00+00:00,2026-08-19 09:30:00+00:00,2146.5,2148.5,2142.0,2144.0,11748
2026-08-19 12:30:00,2026-08-19 09:30:00+00:00,2026-08-19 09:40:00+00:00,2144.0,2145.0,2141.0,2143.0,15772
2026-08-19 12:40:00,2026-08-19 09:40:00+00:00,2026-08-19 09:50:00+00:00,2143.0,2144.0,2138.0,2139.5,22518
2026-08-19 12:50:00,2026-08-19 09:50:00+00:00,2026-08-19 10:00:00+00:00,2139.0,2139.5,2133.5,2139.5,39291
2026-08-19 13:00:00,2026-08-19 10:00:00+00:00,2026-08-19 10:10:00+00:00,2139.5,2145.0,2136.5,2143.0,25303
2026-08-19 13:10:00,2026-08-19 10:10:00+00:00,2026-08-19 10:20:00+00:00,2143.0,2148.0,2141.5,2146.0,17652
2026-08-19 13:20:00,2026-08-19 10:20:00+00:00,2026-08-19 10:30:00+00:00,2146.5,2146.5,2143.0,2146.5,9921
2026-08-19 13:30:00,2026-08-19 10:30:00+00:00,2026-08-19 10:40:00+00:00,2146.5,2146.5,2143.0,2144.5,6181
2026-08-19 13:40:00,2026-08-19 10:40:00+00:00,2026-08-19 10:50:00+00:00,2144.0,2147.5,2141.5,2145.0,10468
2026-08-19 13:50:00,2026-08-19 10:50:00+00:00,2026-08-19 11:00:00+00:00,2145.0,2145.0,2137.0,2141.0,22733
2026-08-19 14:00:00,2026-08-19 11:00:00+00:00,2026-08-19 11:10:00+00:00,2141.0,2148.0,2138.5,2148.0,17189
2026-08-19 14:10:00,2026-08-19 11:10:00+00:00,2026-08-19 11:20:00+00:00,2148.0,2151.0,2145.5,2146.5,17175
2026-08-19 14:20:00,2026-08-19 11:20:00+00:00,2026-08-19 11:30:00+00:00,2146.5,2148.0,2141.5,2142.5,8427
2026-08-19 14:30:00,2026-08-19 11:30:00+00:00,2026-08-19 11:40:00+00:00,2142.0,2147.5,2139.0,2144.5,15585
2026-08-19 14:40:00,2026-08-19 11:40:00+00:00,2026-08-19 11:50:00+00:00,2144.5,2150.0,2143.5,2148.5,17671
2026-08-19 14:50:00,2026-08-19 11:50:00+00:00,2026-08-19 12:00:00+00:00,2148.0,2149.0,2145.5,2147.0,4071
2026-08-19 15:00:00,2026-08-19 12:00:00+00:00,2026-08-19 12:10:00+00:00,2147.0,2153.0,2146.0,2152.0,26161
2026-08-19 15:10:00,2026-08-19 12:10:00+00:00,2026-08-19 12:20:00+00:00,2152.0,2164.0,2152.0,2161.5,54672
2026-08-19 15:20:00,2026-08-19 12:20:00+00:00,2026-08-19 12:30:00+00:00,2162.0,2165.0,2160.0,2163.5,30449
2026-08-19 15:30:00,2026-08-19 12:30:00+00:00,2026-08-19 12:40:00+00:00,2163.5,2165.0,2156.0,2157.0,28691
2026-08-19 15:40:00,2026-08-19 12:40:00+00:00,2026-08-19 12:50:00+00:00,2157.0,2160.5,2156.5,2158.5,11715
2026-08-19 15:50:00,2026-08-19 12:50:00+00:00,2026-08-19 13:00:00+00:00,2158.5,2162.0,2157.0,2159.5,11454
2026-08-19 16:00:00,2026-08-19 13:00:00+00:00,2026-08-19 13:10:00+00:00,2160.0,2165.0,2159.0,2160.0,16801
2026-08-19 16:10:00,2026-08-19 13:10:00+00:00,2026-08-19 13:20:00+00:00,2159.5,2160.5,2149.5,2150.0,33824
2026-08-19 16:20:00,2026-08-19 13:20:00+00:00,2026-08-19 13:30:00+00:00,2150.0,2156.5,2149.5,2154.5,15521
2026-08-19 16:30:00,2026-08-19 13:30:00+00:00,2026-08-19 13:40:00+00:00,2154.5,2160.0,2152.5,2152.5,23048
2026-08-19 16:40:00,2026-08-19 13:40:00+00:00,2026-08-19 13:50:00+00:00,2153.0,2157.5,2152.0,2154.0,9244
2026-08-19 16:50:00,2026-08-19 13:50:00+00:00,2026-08-19 14:00:00+00:00,2154.0,2154.5,2150.5,2153.0,7167
2026-08-19 17:00:00,2026-08-19 14:00:00+00:00,2026-08-19 14:10:00+00:00,2153.0,2162.0,2153.0,2162.0,20255
2026-08-19 17:10:00,2026-08-19 14:10:00+00:00,2026-08-19 14:20:00+00:00,2162.5,2163.0,2158.0,2159.0,11464
2026-08-19 17:20:00,2026-08-19 14:20:00+00:00,2026-08-19 14:30:00+00:00,2159.0,2166.0,2158.0,2165.0,15647
2026-08-19 17:30:00,2026-08-19 14:30:00+00:00,2026-08-19 14:40:00+00:00,2164.5,2177.0,2164.0,2174.5,70547
2026-08-19 17:40:00,2026-08-19 14:40:00+00:00,2026-08-19 14:50:00+00:00,2175.5,2176.0,2171.5,2172.0,25673
2026-08-19 17:50:00,2026-08-19 14:50:00+00:00,2026-08-19 15:00:00+00:00,2172.0,2174.5,2169.5,2173.0,19131
2026-08-19 18:00:00,2026-08-19 15:00:00+00:00,2026-08-19 15:10:00+00:00,2173.5,2176.0,2168.0,2170.0,21377
2026-08-19 18:10:00,2026-08-19 15:10:00+00:00,2026-08-19 15:20:00+00:00,2170.0,2181.0,2169.5,2180.5,25681
2026-08-19 18:20:00,2026-08-19 15:20:00+00:00,2026-08-19 15:30:00+00:00,2181.0,2181.5,2174.0,2179.0,38965
2026-08-19 18:30:00,2026-08-19 15:30:00+00:00,2026-08-19 15:40:00+00:00,2179.0,2179.5,2175.0,2177.5,17440
2026-08-19 18:40:00,2026-08-19 15:40:00+00:00,2026-08-19 15:50:00+00:00,2177.5,2177.5,2172.5,2173.5,17214
2026-08-19 18:50:00,2026-08-19 15:50:00+00:00,2026-08-19 16:00:00+00:00,2174.5,2175.5,2172.5,2173.5,15894
2026-08-19 19:00:00,2026-08-19 16:00:00+00:00,2026-08-19 16:10:00+00:00,2174.0,2177.0,2167.5,2167.5,30112
2026-08-19 19:10:00,2026-08-19 16:10:00+00:00,2026-08-19 16:20:00+00:00,2168.0,2171.5,2166.5,2171.5,17655
2026-08-19 19:20:00,2026-08-19 16:20:00+00:00,2026-08-19 16:30:00+00:00,2171.0,2172.5,2168.5,2169.5,6119
2026-08-19 19:30:00,2026-08-19 16:30:00+00:00,2026-08-19 16:40:00+00:00,2170.0,2170.5,2167.0,2167.5,8164
2026-08-19 19:40:00,2026-08-19 16:40:00+00:00,2026-08-19 16:50:00+00:00,2167.5,2168.0,2165.0,2167.5,8704
2026-08-19 19:50:00,2026-08-19 16:50:00+00:00,2026-08-19 17:00:00+00:00,2167.5,2170.0,2167.0,2168.5,4707
2026-08-19 20:00:00,2026-08-19 17:00:00+00:00,2026-08-19 17:10:00+00:00,2167.5,2170.0,2167.5,2169.0,3794
2026-08-19 20:10:00,2026-08-19 17:10:00+00:00,2026-08-19 17:20:00+00:00,2169.5,2172.5,2169.0,2169.5,6129
2026-08-19 20:20:00,2026-08-19 17:20:00+00:00,2026-08-19 17:30:00+00:00,2169.5,2172.5,2169.5,2169.5,3307
2026-08-19 20:30:00,2026-08-19 17:30:00+00:00,2026-08-19 17:40:00+00:00,2170.0,2170.0,2164.0,2166.0,12971
2026-08-19 20:40:00,2026-08-19 17:40:00+00:00,2026-08-19 17:50:00+00:00,2166.0,2167.5,2165.5,2167.0,1870
2026-08-19 20:50:00,2026-08-19 17:50:00+00:00,2026-08-19 18:00:00+00:00,2167.0,2167.5,2166.0,2166.0,1750
2026-08-19 21:00:00,2026-08-19 18:00:00+00:00,2026-08-19 18:10:00+00:00,2166.5,2168.0,2165.0,2168.0,3635
2026-08-19 21:10:00,2026-08-19 18:10:00+00:00,2026-08-19 18:20:00+00:00,2167.5,2170.5,2167.5,2168.5,4903
2026-08-19 21:20:00,2026-08-19 18:20:00+00:00,2026-08-19 18:30:00+00:00,2168.5,2168.5,2166.5,2166.5,867
2026-08-19 21:30:00,2026-08-19 18:30:00+00:00,2026-08-19 18:40:00+00:00,2167.5,2169.0,2167.0,2168.5,3071
2026-08-19 21:40:00,2026-08-19 18:40:00+00:00,2026-08-19 18:50:00+00:00,2168.5,2171.0,2168.5,2169.5,5776
2026-08-19 21:50:00,2026-08-19 18:50:00+00:00,2026-08-19 19:00:00+00:00,2169.5,2171.0,2169.5,2170.5,1021
2026-08-19 22:00:00,2026-08-19 19:00:00+00:00,2026-08-19 19:10:00+00:00,2171.0,2174.0,2170.0,2173.5,5938
2026-08-19 22:10:00,2026-08-19 19:10:00+00:00,2026-08-19 19:20:00+00:00,2173.5,2174.0,2171.0,2172.5,5239
2026-08-19 22:20:00,2026-08-19 19:20:00+00:00,2026-08-19 19:30:00+00:00,2172.5,2174.0,2172.5,2172.5,2250
2026-08-19 22:30:00,2026-08-19 19:30:00+00:00,2026-08-19 19:40:00+00:00,2172.5,2173.0,2168.0,2168.0,7147
2026-08-19 22:40:00,2026-08-19 19:40:00+00:00,2026-08-19 19:50:00+00:00,2168.5,2169.5,2168.0,2169.0,5083
2026-08-19 22:50:00,2026-08-19 19:50:00+00:00,2026-08-19 20:00:00+00:00,2169.0,2169.5,2167.0,2169.5,7869
2026-08-19 23:00:00,2026-08-19 20:00:00+00:00,2026-08-19 20:10:00+00:00,2169.5,2170.5,2168.5,2169.5,1280
2026-08-19 23:10:00,2026-08-19 20:10:00+00:00,2026-08-19 20:20:00+00:00,2170.0,2170.0,2167.5,2168.0,3336
2026-08-19 23:20:00,2026-08-19 20:20:00+00:00,2026-08-19 20:30:00+00:00,2168.0,2171.0,2167.5,2170.0,4026
2026-08-19 23:30:00,2026-08-19 20:30:00+00:00,2026-08-19 20:40:00+00:00,2170.0,2170.0,2168.0,2168.0,2505
2026-08-19 23:40:00,2026-08-19 20:40:00+00:00,2026-08-19 20:50:00+00:00,2168.5,2169.5,2167.5,2168.5,5080
2026-08-20 06:50:00,2026-08-20 03:50:00+00:00,2026-08-20 04:00:00+00:00,2168.5,2168.5,2168.5,2168.5,26
2026-08-20 07:00:00,2026-08-20 04:00:00+00:00,2026-08-20 04:10:00+00:00,2168.5,2171.0,2160.5,2163.0,21804
2026-08-20 07:10:00,2026-08-20 04:10:00+00:00,2026-08-20 04:20:00+00:00,2162.5,2168.5,2161.0,2162.5,25089
2026-08-20 07:20:00,2026-08-20 04:20:00+00:00,2026-08-20 04:30:00+00:00,2162.0,2167.0,2162.0,2167.0,4000
2026-08-20 07:30:00,2026-08-20 04:30:00+00:00,2026-08-20 04:40:00+00:00,2167.0,2167.0,2163.5,2163.5,3994
2026-08-20 07:40:00,2026-08-20 04:40:00+00:00,2026-08-20 04:50:00+00:00,2164.5,2166.5,2163.0,2164.5,4609
2026-08-20 07:50:00,2026-08-20 04:50:00+00:00,2026-08-20 05:00:00+00:00,2164.5,2165.5,2163.0,2165.0,2056
2026-08-20 08:00:00,2026-08-20 05:00:00+00:00,2026-08-20 05:10:00+00:00,2165.5,2165.5,2162.5,2162.5,3126
2026-08-20 08:10:00,2026-08-20 05:10:00+00:00,2026-08-20 05:20:00+00:00,2162.5,2163.5,2156.5,2157.0,17291
2026-08-20 08:20:00,2026-08-20 05:20:00+00:00,2026-08-20 05:30:00+00:00,2156.5,2160.0,2156.0,2159.0,7771
2026-08-20 08:30:00,2026-08-20 05:30:00+00:00,2026-08-20 05:40:00+00:00,2158.5,2162.5,2158.5,2161.5,5307
2026-08-20 08:40:00,2026-08-20 05:40:00+00:00,2026-08-20 05:50:00+00:00,2162.0,2163.0,2159.0,2162.5,5934
2026-08-20 08:50:00,2026-08-20 05:50:00+00:00,2026-08-20 06:00:00+00:00,2163.0,2168.0,2162.5,2167.0,9319
2026-08-20 09:00:00,2026-08-20 06:00:00+00:00,2026-08-20 06:10:00+00:00,2167.0,2172.5,2164.0,2171.5,26831
2026-08-20 09:10:00,2026-08-20 06:10:00+00:00,2026-08-20 06:20:00+00:00,2172.0,2174.5,2169.0,2172.0,13682
2026-08-20 09:20:00,2026-08-20 06:20:00+00:00,2026-08-20 06:30:00+00:00,2172.0,2172.0,2168.5,2169.5,6186
2026-08-20 09:30:00,2026-08-20 06:30:00+00:00,2026-08-20 06:40:00+00:00,2169.5,2170.5,2168.0,2168.5,5452
2026-08-20 09:40:00,2026-08-20 06:40:00+00:00,2026-08-20 06:50:00+00:00,2168.5,2171.0,2166.5,2170.5,7266
2026-08-20 09:50:00,2026-08-20 06:50:00+00:00,2026-08-20 07:00:00+00:00,2170.5,2174.5,2169.0,2170.0,10932
2026-08-20 10:00:00,2026-08-20 07:00:00+00:00,2026-08-20 07:10:00+00:00,2170.0,2173.0,2165.5,2172.5,14602
2026-08-20 10:10:00,2026-08-20 07:10:00+00:00,2026-08-20 07:20:00+00:00,2172.0,2183.5,2172.0,2180.0,58414
2026-08-20 10:20:00,2026-08-20 07:20:00+00:00,2026-08-20 07:30:00+00:00,2179.5,2182.0,2176.0,2178.5,26857
2026-08-20 10:30:00,2026-08-20 07:30:00+00:00,2026-08-20 07:40:00+00:00,2178.5,2182.5,2177.5,2180.0,20204
2026-08-20 10:40:00,2026-08-20 07:40:00+00:00,2026-08-20 07:50:00+00:00,2179.5,2180.5,2175.5,2178.0,15648
2026-08-20 10:50:00,2026-08-20 07:50:00+00:00,2026-08-20 08:00:00+00:00,2177.5,2189.0,2177.5,2186.5,37502
2026-08-20 11:00:00,2026-08-20 08:00:00+00:00,2026-08-20 08:10:00+00:00,2187.0,2188.5,2184.0,2184.0,17353
2026-08-20 11:10:00,2026-08-20 08:10:00+00:00,2026-08-20 08:20:00+00:00,2184.5,2186.5,2180.5,2186.0,17685
2026-08-20 11:20:00,2026-08-20 08:20:00+00:00,2026-08-20 08:30:00+00:00,2185.5,2187.0,2182.0,2184.5,18403
2026-08-20 11:30:00,2026-08-20 08:30:00+00:00,2026-08-20 08:40:00+00:00,2185.0,2190.0,2183.5,2189.0,21928
2026-08-20 11:40:00,2026-08-20 08:40:00+00:00,2026-08-20 08:50:00+00:00,2189.0,2189.0,2177.0,2177.0,26392
2026-08-20 11:50:00,2026-08-20 08:50:00+00:00,2026-08-20 09:00:00+00:00,2177.0,2180.0,2177.0,2178.5,22777
2026-08-20 12:00:00,2026-08-20 09:00:00+00:00,2026-08-20 09:10:00+00:00,2179.0,2183.5,2175.0,2180.5,26056
2026-08-20 12:10:00,2026-08-20 09:10:00+00:00,2026-08-20 09:20:00+00:00,2181.0,2184.5,2177.5,2179.5,16583
2026-08-20 12:20:00,2026-08-20 09:20:00+00:00,2026-08-20 09:30:00+00:00,2179.5,2180.0,2174.0,2177.0,25997
2026-08-20 12:30:00,2026-08-20 09:30:00+00:00,2026-08-20 09:40:00+00:00,2176.5,2176.5,2167.5,2170.0,33901
2026-08-20 12:40:00,2026-08-20 09:40:00+00:00,2026-08-20 09:50:00+00:00,2169.5,2171.5,2166.5,2168.5,28623
2026-08-20 12:50:00,2026-08-20 09:50:00+00:00,2026-08-20 10:00:00+00:00,2168.5,2172.5,2168.0,2170.5,23395
2026-08-20 13:00:00,2026-08-20 10:00:00+00:00,2026-08-20 10:10:00+00:00,2170.5,2170.5,2153.5,2157.5,109012
2026-08-20 13:10:00,2026-08-20 10:10:00+00:00,2026-08-20 10:20:00+00:00,2157.0,2157.0,2140.5,2143.0,101211
2026-08-20 13:20:00,2026-08-20 10:20:00+00:00,2026-08-20 10:30:00+00:00,2142.5,2147.5,2137.5,2144.5,57381
2026-08-20 13:30:00,2026-08-20 10:30:00+00:00,2026-08-20 10:40:00+00:00,2144.5,2146.5,2137.0,2144.0,37184
2026-08-20 13:40:00,2026-08-20 10:40:00+00:00,2026-08-20 10:50:00+00:00,2144.0,2149.0,2143.0,2147.0,27788
2026-08-20 13:50:00,2026-08-20 10:50:00+00:00,2026-08-20 11:00:00+00:00,2147.5,2148.0,2142.5,2146.5,10792
2026-08-20 14:00:00,2026-08-20 11:00:00+00:00,2026-08-20 11:10:00+00:00,2146.0,2146.5,2131.0,2136.5,68957
2026-08-20 14:10:00,2026-08-20 11:10:00+00:00,2026-08-20 11:20:00+00:00,2136.5,2137.5,2128.0,2131.0,36190
2026-08-20 14:20:00,2026-08-20 11:20:00+00:00,2026-08-20 11:30:00+00:00,2130.5,2140.5,2128.5,2138.0,32039
2026-08-20 14:30:00,2026-08-20 11:30:00+00:00,2026-08-20 11:40:00+00:00,2137.5,2141.5,2136.0,2138.5,12948
2026-08-20 14:40:00,2026-08-20 11:40:00+00:00,2026-08-20 11:50:00+00:00,2139.0,2142.0,2133.5,2138.0,26654
2026-08-20 14:50:00,2026-08-20 11:50:00+00:00,2026-08-20 12:00:00+00:00,2138.0,2141.5,2136.5,2137.5,10711
2026-08-20 15:00:00,2026-08-20 12:00:00+00:00,2026-08-20 12:10:00+00:00,2137.0,2139.0,2134.0,2137.0,16827
2026-08-20 15:10:00,2026-08-20 12:10:00+00:00,2026-08-20 12:20:00+00:00,2136.5,2147.0,2136.0,2143.0,36830
2026-08-20 15:20:00,2026-08-20 12:20:00+00:00,2026-08-20 12:30:00+00:00,2143.0,2145.0,2141.0,2141.5,9357
2026-08-20 15:30:00,2026-08-20 12:30:00+00:00,2026-08-20 12:40:00+00:00,2141.0,2145.5,2141.0,2143.5,8923
2026-08-20 15:40:00,2026-08-20 12:40:00+00:00,2026-08-20 12:50:00+00:00,2143.0,2148.5,2141.5,2146.5,12667
2026-08-20 15:50:00,2026-08-20 12:50:00+00:00,2026-08-20 13:00:00+00:00,2146.0,2148.5,2144.0,2145.0,12287
2026-08-20 16:00:00,2026-08-20 13:00:00+00:00,2026-08-20 13:10:00+00:00,2145.0,2154.0,2145.0,2152.0,37607
2026-08-20 16:10:00,2026-08-20 13:10:00+00:00,2026-08-20 13:20:00+00:00,2151.5,2152.0,2146.0,2148.5,30526
2026-08-20 16:20:00,2026-08-20 13:20:00+00:00,2026-08-20 13:30:00+00:00,2148.5,2150.0,2135.0,2137.5,51932
2026-08-20 16:30:00,2026-08-20 13:30:00+00:00,2026-08-20 13:40:00+00:00,2137.0,2141.0,2134.5,2140.5,22613
2026-08-20 16:40:00,2026-08-20 13:40:00+00:00,2026-08-20 13:50:00+00:00,2140.0,2142.0,2138.0,2139.5,9684
2026-08-20 16:50:00,2026-08-20 13:50:00+00:00,2026-08-20 14:00:00+00:00,2139.0,2140.0,2131.5,2132.0,24217
2026-08-20 17:00:00,2026-08-20 14:00:00+00:00,2026-08-20 14:10:00+00:00,2132.0,2134.5,2125.0,2127.5,50203
2026-08-20 17:10:00,2026-08-20 14:10:00+00:00,2026-08-20 14:20:00+00:00,2127.5,2129.5,2122.5,2129.0,51886
2026-08-20 17:20:00,2026-08-20 14:20:00+00:00,2026-08-20 14:30:00+00:00,2128.0,2130.0,2125.5,2128.5,19830
2026-08-20 17:30:00,2026-08-20 14:30:00+00:00,2026-08-20 14:40:00+00:00,2128.5,2129.0,2115.5,2123.5,62180
2026-08-20 17:40:00,2026-08-20 14:40:00+00:00,2026-08-20 14:50:00+00:00,2123.5,2123.5,2114.0,2115.5,47387
2026-08-20 17:50:00,2026-08-20 14:50:00+00:00,2026-08-20 15:00:00+00:00,2116.0,2124.5,2114.0,2122.5,35394
2026-08-20 18:00:00,2026-08-20 15:00:00+00:00,2026-08-20 15:10:00+00:00,2122.5,2123.5,2118.0,2121.0,14872
2026-08-20 18:10:00,2026-08-20 15:10:00+00:00,2026-08-20 15:20:00+00:00,2121.0,2127.5,2120.0,2126.0,31301
2026-08-20 18:20:00,2026-08-20 15:20:00+00:00,2026-08-20 15:30:00+00:00,2126.5,2126.5,2119.5,2125.0,16256
2026-08-20 18:30:00,2026-08-20 15:30:00+00:00,2026-08-20 15:40:00+00:00,2124.5,2131.0,2123.5,2130.0,19018
2026-08-20 18:40:00,2026-08-20 15:40:00+00:00,2026-08-20 15:50:00+00:00,2130.0,2130.0,2120.5,2123.0,21881
2026-08-20 18:50:00,2026-08-20 15:50:00+00:00,2026-08-20 16:00:00+00:00,2122.5,2125.5,2119.0,2121.0,17637
2026-08-20 19:00:00,2026-08-20 16:00:00+00:00,2026-08-20 16:10:00+00:00,2120.5,2123.5,2120.0,2123.0,8085
2026-08-20 19:10:00,2026-08-20 16:10:00+00:00,2026-08-20 16:20:00+00:00,2122.5,2124.0,2115.0,2117.0,16950
2026-08-20 19:20:00,2026-08-20 16:20:00+00:00,2026-08-20 16:30:00+00:00,2117.5,2120.0,2114.5,2119.5,14427
2026-08-20 19:30:00,2026-08-20 16:30:00+00:00,2026-08-20 16:40:00+00:00,2119.5,2124.5,2118.0,2123.5,13346
2026-08-20 19:40:00,2026-08-20 16:40:00+00:00,2026-08-20 16:50:00+00:00,2123.5,2124.0,2121.5,2122.5,5236
2026-08-20 19:50:00,2026-08-20 16:50:00+00:00,2026-08-20 17:00:00+00:00,2122.5,2123.5,2120.5,2121.0,4786
2026-08-20 20:00:00,2026-08-20 17:00:00+00:00,2026-08-20 17:10:00+00:00,2120.5,2121.0,2116.0,2118.5,10659
2026-08-20 20:10:00,2026-08-20 17:10:00+00:00,2026-08-20 17:20:00+00:00,2118.5,2123.0,2118.0,2121.0,5767
2026-08-20 20:20:00,2026-08-20 17:20:00+00:00,2026-08-20 17:30:00+00:00,2121.0,2124.0,2121.0,2123.5,4656
2026-08-20 20:30:00,2026-08-20 17:30:00+00:00,2026-08-20 17:40:00+00:00,2123.5,2126.5,2123.5,2125.0,7284
2026-08-20 20:40:00,2026-08-20 17:40:00+00:00,2026-08-20 17:50:00+00:00,2125.0,2126.0,2124.0,2125.5,2962
2026-08-20 20:50:00,2026-08-20 17:50:00+00:00,2026-08-20 18:00:00+00:00,2125.5,2127.0,2123.0,2124.0,3832
2026-08-20 21:00:00,2026-08-20 18:00:00+00:00,2026-08-20 18:10:00+00:00,2123.5,2124.5,2121.0,2122.0,6601
2026-08-20 21:10:00,2026-08-20 18:10:00+00:00,2026-08-20 18:20:00+00:00,2122.0,2124.5,2122.0,2123.5,3821
2026-08-20 21:20:00,2026-08-20 18:20:00+00:00,2026-08-20 18:30:00+00:00,2123.5,2124.5,2122.5,2124.0,2072
2026-08-20 21:30:00,2026-08-20 18:30:00+00:00,2026-08-20 18:40:00+00:00,2124.0,2125.5,2121.5,2122.0,7053
2026-08-20 21:40:00,2026-08-20 18:40:00+00:00,2026-08-20 18:50:00+00:00,2122.0,2124.0,2121.5,2122.0,3469
2026-08-20 21:50:00,2026-08-20 18:50:00+00:00,2026-08-20 19:00:00+00:00,2122.5,2124.5,2122.0,2124.0,4710
2026-08-20 22:00:00,2026-08-20 19:00:00+00:00,2026-08-20 19:10:00+00:00,2124.0,2124.0,2122.0,2122.5,3257
2026-08-20 22:10:00,2026-08-20 19:10:00+00:00,2026-08-20 19:20:00+00:00,2122.0,2123.0,2119.0,2120.5,5902
2026-08-20 22:20:00,2026-08-20 19:20:00+00:00,2026-08-20 19:30:00+00:00,2120.5,2122.0,2119.0,2121.5,3182
2026-08-20 22:30:00,2026-08-20 19:30:00+00:00,2026-08-20 19:40:00+00:00,2120.5,2122.5,2120.5,2121.5,2772
2026-08-20 22:40:00,2026-08-20 19:40:00+00:00,2026-08-20 19:50:00+00:00,2122.0,2123.0,2121.5,2122.5,1443
2026-08-20 22:50:00,2026-08-20 19:50:00+00:00,2026-08-20 20:00:00+00:00,2123.0,2123.0,2121.5,2123.0,2287
2026-08-20 23:00:00,2026-08-20 20:00:00+00:00,2026-08-20 20:10:00+00:00,2123.0,2123.5,2120.0,2120.0,2267
2026-08-20 23:10:00,2026-08-20 20:10:00+00:00,2026-08-20 20:20:00+00:00,2120.0,2121.0,2118.0,2120.5,3379
2026-08-20 23:20:00,2026-08-20 20:20:00+00:00,2026-08-20 20:30:00+00:00,2121.0,2121.5,2119.0,2119.5,7301
2026-08-20 23:30:00,2026-08-20 20:30:00+00:00,2026-08-20 20:40:00+00:00,2120.0,2122.0,2119.5,2121.5,4406
2026-08-20 23:40:00,2026-08-20 20:40:00+00:00,2026-08-20 20:50:00+00:00,2121.5,2122.5,2118.5,2118.5,6405
2026-08-21 06:50:00,2026-08-21 03:50:00+00:00,2026-08-21 04:00:00+00:00,2119.0,2119.0,2119.0,2119.0,242
2026-08-21 07:00:00,2026-08-21 04:00:00+00:00,2026-08-21 04:10:00+00:00,2119.5,2122.0,2110.0,2118.5,29380
2026-08-21 07:10:00,2026-08-21 04:10:00+00:00,2026-08-21 04:20:00+00:00,2118.0,2125.5,2117.0,2121.5,12987
2026-08-21 07:20:00,2026-08-21 04:20:00+00:00,2026-08-21 04:30:00+00:00,2121.5,2129.0,2120.5,2125.0,16512
2026-08-21 07:30:00,2026-08-21 04:30:00+00:00,2026-08-21 04:40:00+00:00,2125.5,2125.5,2121.0,2123.0,3777
2026-08-21 07:40:00,2026-08-21 04:40:00+00:00,2026-08-21 04:50:00+00:00,2123.0,2128.0,2122.5,2127.0,5051
2026-08-21 07:50:00,2026-08-21 04:50:00+00:00,2026-08-21 05:00:00+00:00,2127.0,2127.0,2124.5,2124.5,2922
2026-08-21 08:00:00,2026-08-21 05:00:00+00:00,2026-08-21 05:10:00+00:00,2125.0,2128.5,2124.5,2128.0,4846
2026-08-21 08:10:00,2026-08-21 05:10:00+00:00,2026-08-21 05:20:00+00:00,2128.0,2128.5,2125.0,2125.0,3298
2026-08-21 08:20:00,2026-08-21 05:20:00+00:00,2026-08-21 05:30:00+00:00,2125.5,2128.0,2122.0,2122.5,5338
2026-08-21 08:30:00,2026-08-21 05:30:00+00:00,2026-08-21 05:40:00+00:00,2122.5,2124.0,2116.5,2119.0,15838
2026-08-21 08:40:00,2026-08-21 05:40:00+00:00,2026-08-21 05:50:00+00:00,2119.5,2122.0,2118.0,2121.0,3349
2026-08-21 08:50:00,2026-08-21 05:50:00+00:00,2026-08-21 06:00:00+00:00,2121.5,2122.5,2119.5,2122.5,3398
2026-08-21 09:00:00,2026-08-21 06:00:00+00:00,2026-08-21 06:10:00+00:00,2122.0,2123.0,2119.5,2121.0,4291
2026-08-21 09:10:00,2026-08-21 06:10:00+00:00,2026-08-21 06:20:00+00:00,2121.0,2125.5,2120.0,2124.0,6705
2026-08-21 09:20:00,2026-08-21 06:20:00+00:00,2026-08-21 06:30:00+00:00,2124.0,2127.5,2123.0,2126.5,5252
2026-08-21 09:30:00,2026-08-21 06:30:00+00:00,2026-08-21 06:40:00+00:00,2126.0,2129.0,2125.5,2127.0,10627
2026-08-21 09:40:00,2026-08-21 06:40:00+00:00,2026-08-21 06:50:00+00:00,2127.0,2130.0,2125.5,2126.0,13494
2026-08-21 09:50:00,2026-08-21 06:50:00+00:00,2026-08-21 07:00:00+00:00,2126.5,2127.5,2124.5,2125.5,8318
2026-08-21 10:00:00,2026-08-21 07:00:00+00:00,2026-08-21 07:10:00+00:00,2125.0,2133.0,2120.5,2130.5,27453
2026-08-21 10:10:00,2026-08-21 07:10:00+00:00,2026-08-21 07:20:00+00:00,2130.5,2131.5,2118.0,2120.5,27062
2026-08-21 10:20:00,2026-08-21 07:20:00+00:00,2026-08-21 07:30:00+00:00,2120.5,2121.0,2105.5,2111.0,78349
2026-08-21 10:30:00,2026-08-21 07:30:00+00:00,2026-08-21 07:40:00+00:00,2111.0,2114.0,2105.5,2111.0,35200
2026-08-21 10:40:00,2026-08-21 07:40:00+00:00,2026-08-21 07:50:00+00:00,2111.5,2116.0,2106.5,2107.5,34574
2026-08-21 10:50:00,2026-08-21 07:50:00+00:00,2026-08-21 08:00:00+00:00,2108.0,2110.5,2103.0,2105.0,50498
2026-08-21 11:00:00,2026-08-21 08:00:00+00:00,2026-08-21 08:10:00+00:00,2105.5,2112.0,2104.0,2110.5,22067
2026-08-21 11:10:00,2026-08-21 08:10:00+00:00,2026-08-21 08:20:00+00:00,2110.0,2114.5,2109.5,2111.0,18535
2026-08-21 11:20:00,2026-08-21 08:20:00+00:00,2026-08-21 08:30:00+00:00,2111.5,2112.0,2106.0,2110.5,16795
2026-08-21 11:30:00,2026-08-21 08:30:00+00:00,2026-08-21 08:40:00+00:00,2110.5,2132.5,2108.0,2131.0,65083
2026-08-21 11:40:00,2026-08-21 08:40:00+00:00,2026-08-21 08:50:00+00:00,2131.0,2142.5,2126.0,2136.0,118295
2026-08-21 11:50:00,2026-08-21 08:50:00+00:00,2026-08-21 09:00:00+00:00,2135.5,2136.5,2125.0,2130.5,46047
2026-08-21 12:00:00,2026-08-21 09:00:00+00:00,2026-08-21 09:10:00+00:00,2131.0,2133.5,2122.5,2126.5,46591
2026-08-21 12:10:00,2026-08-21 09:10:00+00:00,2026-08-21 09:20:00+00:00,2126.5,2149.5,2125.0,2144.5,89806
2026-08-21 12:20:00,2026-08-21 09:20:00+00:00,2026-08-21 09:30:00+00:00,2145.0,2147.0,2140.0,2141.5,41648
2026-08-21 12:30:00,2026-08-21 09:30:00+00:00,2026-08-21 09:40:00+00:00,2142.0,2143.0,2139.0,2139.5,12787
2026-08-21 12:40:00,2026-08-21 09:40:00+00:00,2026-08-21 09:50:00+00:00,2140.0,2142.0,2138.0,2141.0,12304
2026-08-21 12:50:00,2026-08-21 09:50:00+00:00,2026-08-21 10:00:00+00:00,2141.0,2143.5,2138.0,2140.5,13108
2026-08-21 13:00:00,2026-08-21 10:00:00+00:00,2026-08-21 10:10:00+00:00,2140.5,2150.5,2138.0,2145.0,29447
2026-08-21 13:10:00,2026-08-21 10:10:00+00:00,2026-08-21 10:20:00+00:00,2145.0,2147.5,2129.5,2134.5,74653
2026-08-21 13:20:00,2026-08-21 10:20:00+00:00,2026-08-21 10:30:00+00:00,2133.5,2136.5,2130.0,2134.0,21814
2026-08-21 13:30:00,2026-08-21 10:30:00+00:00,2026-08-21 10:40:00+00:00,2134.0,2134.5,2126.5,2130.0,23672
2026-08-21 13:40:00,2026-08-21 10:40:00+00:00,2026-08-21 10:50:00+00:00,2129.5,2131.0,2127.0,2129.0,9129
2026-08-21 13:50:00,2026-08-21 10:50:00+00:00,2026-08-21 11:00:00+00:00,2129.5,2138.0,2128.5,2131.5,36381
2026-08-21 14:00:00,2026-08-21 11:00:00+00:00,2026-08-21 11:10:00+00:00,2132.0,2138.5,2130.0,2136.0,14093
2026-08-21 14:10:00,2026-08-21 11:10:00+00:00,2026-08-21 11:20:00+00:00,2135.5,2136.5,2132.0,2134.0,6615
2026-08-21 14:20:00,2026-08-21 11:20:00+00:00,2026-08-21 11:30:00+00:00,2133.5,2133.5,2123.5,2124.5,24035
2026-08-21 14:30:00,2026-08-21 11:30:00+00:00,2026-08-21 11:40:00+00:00,2125.0,2130.5,2124.5,2129.0,10032
2026-08-21 14:40:00,2026-08-21 11:40:00+00:00,2026-08-21 11:50:00+00:00,2129.0,2132.0,2127.0,2131.5,7322
2026-08-21 14:50:00,2026-08-21 11:50:00+00:00,2026-08-21 12:00:00+00:00,2131.5,2135.0,2129.0,2133.0,14484
2026-08-21 15:00:00,2026-08-21 12:00:00+00:00,2026-08-21 12:10:00+00:00,2133.0,2135.0,2130.0,2133.5,8814
2026-08-21 15:10:00,2026-08-21 12:10:00+00:00,2026-08-21 12:20:00+00:00,2133.5,2134.0,2124.5,2126.0,14592
2026-08-21 15:20:00,2026-08-21 12:20:00+00:00,2026-08-21 12:30:00+00:00,2125.5,2129.0,2124.0,2127.5,9654
2026-08-21 15:30:00,2026-08-21 12:30:00+00:00,2026-08-21 12:40:00+00:00,2127.5,2128.5,2126.0,2127.0,4143
2026-08-21 15:40:00,2026-08-21 12:40:00+00:00,2026-08-21 12:50:00+00:00,2127.5,2134.0,2127.0,2132.0,12166
2026-08-21 15:50:00,2026-08-21 12:50:00+00:00,2026-08-21 13:00:00+00:00,2132.0,2134.5,2130.0,2130.5,6644
2026-08-21 16:00:00,2026-08-21 13:00:00+00:00,2026-08-21 13:10:00+00:00,2130.5,2132.5,2129.0,2130.0,2344
2026-08-21 16:10:00,2026-08-21 13:10:00+00:00,2026-08-21 13:20:00+00:00,2130.0,2135.0,2129.0,2135.0,6049
2026-08-21 16:20:00,2026-08-21 13:20:00+00:00,2026-08-21 13:30:00+00:00,2135.0,2141.0,2133.5,2138.5,18187
2026-08-21 16:30:00,2026-08-21 13:30:00+00:00,2026-08-21 13:40:00+00:00,2138.0,2139.0,2120.5,2122.5,56365
2026-08-21 16:40:00,2026-08-21 13:40:00+00:00,2026-08-21 13:50:00+00:00,2123.0,2129.5,2122.0,2127.0,21093
2026-08-21 16:50:00,2026-08-21 13:50:00+00:00,2026-08-21 14:00:00+00:00,2126.5,2128.5,2125.5,2126.5,9682
2026-08-21 17:00:00,2026-08-21 14:00:00+00:00,2026-08-21 14:10:00+00:00,2127.0,2127.5,2122.5,2127.0,11999
2026-08-21 17:10:00,2026-08-21 14:10:00+00:00,2026-08-21 14:20:00+00:00,2127.5,2130.0,2122.0,2126.5,21380
2026-08-21 17:20:00,2026-08-21 14:20:00+00:00,2026-08-21 14:30:00+00:00,2126.5,2129.5,2125.5,2129.0,8913
2026-08-21 17:30:00,2026-08-21 14:30:00+00:00,2026-08-21 14:40:00+00:00,2129.5,2133.0,2128.5,2128.5,11746
2026-08-21 17:40:00,2026-08-21 14:40:00+00:00,2026-08-21 14:50:00+00:00,2128.5,2132.5,2128.5,2130.0,4990
2026-08-21 17:50:00,2026-08-21 14:50:00+00:00,2026-08-21 15:00:00+00:00,2129.5,2130.5,2127.5,2130.5,2915
2026-08-21 18:00:00,2026-08-21 15:00:00+00:00,2026-08-21 15:10:00+00:00,2130.5,2132.0,2128.0,2130.0,5337
2026-08-21 18:10:00,2026-08-21 15:10:00+00:00,2026-08-21 15:20:00+00:00,2129.5,2131.5,2128.0,2130.5,2440
2026-08-21 18:20:00,2026-08-21 15:20:00+00:00,2026-08-21 15:30:00+00:00,2130.5,2132.5,2129.5,2130.0,4691
2026-08-21 18:30:00,2026-08-21 15:30:00+00:00,2026-08-21 15:40:00+00:00,2130.5,2137.0,2130.5,2135.0,14568
2026-08-21 18:40:00,2026-08-21 15:40:00+00:00,2026-08-21 15:50:00+00:00,2134.5,2140.0,2133.5,2136.5,15141
2026-08-21 18:50:00,2026-08-21 15:50:00+00:00,2026-08-21 16:00:00+00:00,2136.5,2138.0,2135.5,2137.5,3177
2026-08-21 19:00:00,2026-08-21 16:00:00+00:00,2026-08-21 16:10:00+00:00,2137.5,2139.5,2136.5,2138.5,4747
2026-08-21 19:10:00,2026-08-21 16:10:00+00:00,2026-08-21 16:20:00+00:00,2138.5,2144.5,2138.5,2143.0,17677
2026-08-21 19:20:00,2026-08-21 16:20:00+00:00,2026-08-21 16:30:00+00:00,2143.5,2143.5,2139.0,2141.5,6367
2026-08-21 19:30:00,2026-08-21 16:30:00+00:00,2026-08-21 16:40:00+00:00,2142.0,2143.5,2140.0,2141.5,3582
2026-08-21 19:40:00,2026-08-21 16:40:00+00:00,2026-08-21 16:50:00+00:00,2141.0,2144.5,2140.0,2143.5,6471
2026-08-21 19:50:00,2026-08-21 16:50:00+00:00,2026-08-21 17:00:00+00:00,2143.5,2145.5,2143.0,2145.0,7698
2026-08-21 20:00:00,2026-08-21 17:00:00+00:00,2026-08-21 17:10:00+00:00,2145.0,2147.5,2143.0,2144.0,14385
2026-08-21 20:10:00,2026-08-21 17:10:00+00:00,2026-08-21 17:20:00+00:00,2144.5,2145.0,2142.5,2144.5,6105
2026-08-21 20:20:00,2026-08-21 17:20:00+00:00,2026-08-21 17:30:00+00:00,2144.5,2148.0,2144.5,2147.0,8377
2026-08-21 20:30:00,2026-08-21 17:30:00+00:00,2026-08-21 17:40:00+00:00,2147.0,2148.0,2145.0,2145.0,5854
2026-08-21 20:40:00,2026-08-21 17:40:00+00:00,2026-08-21 17:50:00+00:00,2145.5,2147.0,2144.5,2147.0,3840
2026-08-21 20:50:00,2026-08-21 17:50:00+00:00,2026-08-21 18:00:00+00:00,2147.0,2147.5,2144.0,2144.5,2459
2026-08-21 21:00:00,2026-08-21 18:00:00+00:00,2026-08-21 18:10:00+00:00,2145.0,2145.0,2143.0,2143.0,4517
2026-08-21 21:10:00,2026-08-21 18:10:00+00:00,2026-08-21 18:20:00+00:00,2143.0,2145.0,2142.5,2144.5,3291
2026-08-21 21:20:00,2026-08-21 18:20:00+00:00,2026-08-21 18:30:00+00:00,2144.5,2145.5,2143.0,2143.0,1958
2026-08-21 21:30:00,2026-08-21 18:30:00+00:00,2026-08-21 18:40:00+00:00,2143.0,2144.5,2143.0,2144.0,749
2026-08-21 21:40:00,2026-08-21 18:40:00+00:00,2026-08-21 18:50:00+00:00,2144.5,2147.0,2144.5,2146.5,3108
2026-08-21 21:50:00,2026-08-21 18:50:00+00:00,2026-08-21 19:00:00+00:00,2146.5,2147.0,2144.0,2144.0,2495
2026-08-21 22:00:00,2026-08-21 19:00:00+00:00,2026-08-21 19:10:00+00:00,2144.5,2146.0,2144.0,2146.0,1382
2026-08-21 22:10:00,2026-08-21 19:10:00+00:00,2026-08-21 19:20:00+00:00,2146.0,2146.5,2145.0,2145.0,2238
2026-08-21 22:20:00,2026-08-21 19:20:00+00:00,2026-08-21 19:30:00+00:00,2145.0,2146.0,2144.5,2145.0,889
2026-08-21 22:30:00,2026-08-21 19:30:00+00:00,2026-08-21 19:40:00+00:00,2145.0,2146.5,2145.0,2146.5,2049
2026-08-21 22:40:00,2026-08-21 19:40:00+00:00,2026-08-21 19:50:00+00:00,2146.0,2146.5,2145.0,2145.5,1763
2026-08-21 22:50:00,2026-08-21 19:50:00+00:00,2026-08-21 20:00:00+00:00,2145.5,2149.0,2145.5,2148.0,10777
2026-08-21 23:00:00,2026-08-21 20:00:00+00:00,2026-08-21 20:10:00+00:00,2148.0,2148.0,2146.0,2147.5,1745
2026-08-21 23:10:00,2026-08-21 20:10:00+00:00,2026-08-21 20:20:00+00:00,2147.5,2148.0,2146.5,2148.0,1987
2026-08-21 23:20:00,2026-08-21 20:20:00+00:00,2026-08-21 20:30:00+00:00,2148.0,2148.5,2147.5,2148.5,1539
2026-08-21 23:30:00,2026-08-21 20:30:00+00:00,2026-08-21 20:40:00+00:00,2148.0,2150.0,2147.5,2149.5,10376
2026-08-21 23:40:00,2026-08-21 20:40:00+00:00,2026-08-21 20:50:00+00:00,2148.5,2152.5,2148.5,2152.5,7111
2026-08-22 09:50:00,2026-08-22 06:50:00+00:00,2026-08-22 07:00:00+00:00,2144.5,2144.5,2144.5,2144.5,776
2026-08-22 10:00:00,2026-08-22 07:00:00+00:00,2026-08-22 07:10:00+00:00,2144.0,2145.5,2140.5,2140.5,15336
2026-08-22 10:10:00,2026-08-22 07:10:00+00:00,2026-08-22 07:20:00+00:00,2140.5,2141.5,2135.5,2137.0,8422
2026-08-22 10:20:00,2026-08-22 07:20:00+00:00,2026-08-22 07:30:00+00:00,2137.5,2141.5,2136.0,2136.5,7781
2026-08-22 10:30:00,2026-08-22 07:30:00+00:00,2026-08-22 07:40:00+00:00,2136.5,2139.0,2136.0,2138.0,2787
2026-08-22 10:40:00,2026-08-22 07:40:00+00:00,2026-08-22 07:50:00+00:00,2137.0,2138.5,2135.0,2137.0,3943
2026-08-22 10:50:00,2026-08-22 07:50:00+00:00,2026-08-22 08:00:00+00:00,2137.0,2139.0,2137.0,2138.0,1538
2026-08-22 11:00:00,2026-08-22 08:00:00+00:00,2026-08-22 08:10:00+00:00,2138.0,2138.5,2136.0,2138.0,1861
2026-08-22 11:10:00,2026-08-22 08:10:00+00:00,2026-08-22 08:20:00+00:00,2137.0,2138.0,2136.0,2137.0,1506
2026-08-22 11:20:00,2026-08-22 08:20:00+00:00,2026-08-22 08:30:00+00:00,2137.0,2138.0,2136.0,2137.5,781
2026-08-22 11:30:00,2026-08-22 08:30:00+00:00,2026-08-22 08:40:00+00:00,2137.5,2137.5,2136.0,2136.5,763
2026-08-22 11:40:00,2026-08-22 08:40:00+00:00,2026-08-22 08:50:00+00:00,2137.5,2137.5,2136.0,2136.0,438
2026-08-22 11:50:00,2026-08-22 08:50:00+00:00,2026-08-22 09:00:00+00:00,2136.0,2137.0,2135.0,2135.0,1126
2026-08-22 12:00:00,2026-08-22 09:00:00+00:00,2026-08-22 09:10:00+00:00,2135.0,2135.5,2135.0,2135.5,1407
2026-08-22 12:10:00,2026-08-22 09:10:00+00:00,2026-08-22 09:20:00+00:00,2135.5,2135.5,2134.5,2134.5,958
2026-08-22 12:20:00,2026-08-22 09:20:00+00:00,2026-08-22 09:30:00+00:00,2134.5,2135.0,2133.5,2134.0,1316
2026-08-22 12:30:00,2026-08-22 09:30:00+00:00,2026-08-22 09:40:00+00:00,2134.0,2135.0,2131.0,2131.5,6980
2026-08-22 12:40:00,2026-08-22 09:40:00+00:00,2026-08-22 09:50:00+00:00,2131.5,2134.0,2131.5,2133.5,1401
2026-08-22 12:50:00,2026-08-22 09:50:00+00:00,2026-08-22 10:00:00+00:00,2134.0,2135.5,2133.5,2135.5,1611
2026-08-22 13:00:00,2026-08-22 10:00:00+00:00,2026-08-22 10:10:00+00:00,2135.5,2135.5,2134.0,2134.5,978
2026-08-22 13:10:00,2026-08-22 10:10:00+00:00,2026-08-22 10:20:00+00:00,2134.0,2135.5,2134.0,2135.0,465
2026-08-22 13:20:00,2026-08-22 10:20:00+00:00,2026-08-22 10:30:00+00:00,2134.5,2135.5,2134.0,2134.0,412
2026-08-22 13:30:00,2026-08-22 10:30:00+00:00,2026-08-22 10:40:00+00:00,2134.0,2135.5,2134.0,2135.0,519
2026-08-22 13:40:00,2026-08-22 10:40:00+00:00,2026-08-22 10:50:00+00:00,2134.5,2135.0,2134.0,2134.5,1288
2026-08-22 13:50:00,2026-08-22 10:50:00+00:00,2026-08-22 11:00:00+00:00,2134.0,2135.0,2134.0,2134.0,1277
2026-08-22 14:00:00,2026-08-22 11:00:00+00:00,2026-08-22 11:10:00+00:00,2134.0,2134.5,2133.5,2134.0,690
2026-08-22 14:10:00,2026-08-22 11:10:00+00:00,2026-08-22 11:20:00+00:00,2134.0,2136.0,2133.5,2134.0,2234
2026-08-22 14:20:00,2026-08-22 11:20:00+00:00,2026-08-22 11:30:00+00:00,2133.5,2134.5,2133.0,2133.0,420
2026-08-22 14:30:00,2026-08-22 11:30:00+00:00,2026-08-22 11:40:00+00:00,2133.0,2134.0,2133.0,2133.0,379
2026-08-22 14:40:00,2026-08-22 11:40:00+00:00,2026-08-22 11:50:00+00:00,2133.0,2133.5,2131.0,2131.0,4154
2026-08-22 14:50:00,2026-08-22 11:50:00+00:00,2026-08-22 12:00:00+00:00,2131.0,2131.5,2128.0,2128.5,5432
2026-08-22 15:00:00,2026-08-22 12:00:00+00:00,2026-08-22 12:10:00+00:00,2128.5,2129.0,2125.5,2127.5,8615
2026-08-22 15:10:00,2026-08-22 12:10:00+00:00,2026-08-22 12:20:00+00:00,2126.5,2128.0,2126.0,2126.5,2320
2026-08-22 15:20:00,2026-08-22 12:20:00+00:00,2026-08-22 12:30:00+00:00,2126.5,2127.0,2125.0,2126.0,4159
2026-08-22 15:30:00,2026-08-22 12:30:00+00:00,2026-08-22 12:40:00+00:00,2125.5,2127.0,2125.0,2126.5,4822
2026-08-22 15:40:00,2026-08-22 12:40:00+00:00,2026-08-22 12:50:00+00:00,2126.5,2127.5,2126.0,2126.5,1026
2026-08-22 15:50:00,2026-08-22 12:50:00+00:00,2026-08-22 13:00:00+00:00,2126.5,2127.5,2126.5,2127.5,303
2026-08-22 16:00:00,2026-08-22 13:00:00+00:00,2026-08-22 13:10:00+00:00,2127.0,2127.5,2127.0,2127.5,776
2026-08-22 16:10:00,2026-08-22 13:10:00+00:00,2026-08-22 13:20:00+00:00,2127.5,2128.0,2127.0,2128.0,1052
2026-08-22 16:20:00,2026-08-22 13:20:00+00:00,2026-08-22 13:30:00+00:00,2128.0,2129.5,2127.5,2129.0,1628
2026-08-22 16:30:00,2026-08-22 13:30:00+00:00,2026-08-22 13:40:00+00:00,2129.0,2129.0,2128.5,2128.5,492
2026-08-22 16:40:00,2026-08-22 13:40:00+00:00,2026-08-22 13:50:00+00:00,2128.5,2130.0,2128.5,2129.0,1298
2026-08-22 16:50:00,2026-08-22 13:50:00+00:00,2026-08-22 14:00:00+00:00,2129.0,2130.0,2129.0,2130.0,549
2026-08-22 17:00:00,2026-08-22 14:00:00+00:00,2026-08-22 14:10:00+00:00,2130.0,2130.5,2129.5,2129.5,2790
2026-08-22 17:10:00,2026-08-22 14:10:00+00:00,2026-08-22 14:20:00+00:00,2129.5,2131.0,2129.5,2130.0,1580
2026-08-22 17:20:00,2026-08-22 14:20:00+00:00,2026-08-22 14:30:00+00:00,2130.0,2130.5,2129.5,2129.5,869
2026-08-22 17:30:00,2026-08-22 14:30:00+00:00,2026-08-22 14:40:00+00:00,2129.5,2130.5,2129.5,2129.5,736
2026-08-22 17:40:00,2026-08-22 14:40:00+00:00,2026-08-22 14:50:00+00:00,2129.5,2130.0,2129.0,2129.5,2295
2026-08-22 17:50:00,2026-08-22 14:50:00+00:00,2026-08-22 15:00:00+00:00,2129.0,2129.5,2128.0,2128.0,1746
2026-08-22 18:00:00,2026-08-22 15:00:00+00:00,2026-08-22 15:10:00+00:00,2128.0,2129.0,2127.5,2128.5,3191
2026-08-22 18:10:00,2026-08-22 15:10:00+00:00,2026-08-22 15:20:00+00:00,2128.5,2129.0,2128.0,2129.0,555
2026-08-22 18:20:00,2026-08-22 15:20:00+00:00,2026-08-22 15:30:00+00:00,2129.0,2129.0,2127.5,2127.5,1557
2026-08-22 18:30:00,2026-08-22 15:30:00+00:00,2026-08-22 15:40:00+00:00,2127.5,2128.5,2126.5,2127.0,2019
2026-08-22 18:40:00,2026-08-22 15:40:00+00:00,2026-08-22 15:50:00+00:00,2127.5,2129.0,2127.0,2128.5,1298
2026-08-22 18:50:00,2026-08-22 15:50:00+00:00,2026-08-22 16:00:00+00:00,2129.0,2130.5,2128.0,2128.0,3839
2026-08-23 09:50:00,2026-08-23 06:50:00+00:00,2026-08-23 07:00:00+00:00,2126.0,2126.0,2126.0,2126.0,1029
2026-08-23 10:00:00,2026-08-23 07:00:00+00:00,2026-08-23 07:10:00+00:00,2126.0,2127.0,2120.5,2122.0,12162
2026-08-23 10:10:00,2026-08-23 07:10:00+00:00,2026-08-23 07:20:00+00:00,2122.0,2124.0,2121.0,2123.5,3247
2026-08-23 10:20:00,2026-08-23 07:20:00+00:00,2026-08-23 07:30:00+00:00,2123.0,2123.0,2120.0,2121.0,4317
2026-08-23 10:30:00,2026-08-23 07:30:00+00:00,2026-08-23 07:40:00+00:00,2120.0,2121.0,2118.5,2118.5,6839
2026-08-23 10:40:00,2026-08-23 07:40:00+00:00,2026-08-23 07:50:00+00:00,2118.5,2121.5,2118.5,2120.0,3200
2026-08-23 10:50:00,2026-08-23 07:50:00+00:00,2026-08-23 08:00:00+00:00,2120.0,2120.5,2119.0,2120.5,1462
2026-08-23 11:00:00,2026-08-23 08:00:00+00:00,2026-08-23 08:10:00+00:00,2120.0,2122.0,2119.5,2121.5,1602
2026-08-23 11:10:00,2026-08-23 08:10:00+00:00,2026-08-23 08:20:00+00:00,2121.5,2122.5,2119.5,2119.5,2766
2026-08-23 11:20:00,2026-08-23 08:20:00+00:00,2026-08-23 08:30:00+00:00,2119.5,2119.5,2119.0,2119.0,701
2026-08-23 11:30:00,2026-08-23 08:30:00+00:00,2026-08-23 08:40:00+00:00,2119.0,2121.5,2119.0,2121.0,2220
2026-08-23 11:40:00,2026-08-23 08:40:00+00:00,2026-08-23 08:50:00+00:00,2121.5,2122.0,2121.0,2121.0,820
2026-08-23 11:50:00,2026-08-23 08:50:00+00:00,2026-08-23 09:00:00+00:00,2122.0,2123.0,2121.0,2121.5,2148
2026-08-23 12:00:00,2026-08-23 09:00:00+00:00,2026-08-23 09:10:00+00:00,2121.0,2121.5,2120.0,2120.0,399
2026-08-23 12:10:00,2026-08-23 09:10:00+00:00,2026-08-23 09:20:00+00:00,2120.0,2121.0,2120.0,2120.5,365
2026-08-23 12:20:00,2026-08-23 09:20:00+00:00,2026-08-23 09:30:00+00:00,2121.0,2122.0,2120.0,2120.0,1058
2026-08-23 12:30:00,2026-08-23 09:30:00+00:00,2026-08-23 09:40:00+00:00,2120.0,2121.0,2119.5,2120.5,507
2026-08-23 12:40:00,2026-08-23 09:40:00+00:00,2026-08-23 09:50:00+00:00,2120.0,2120.5,2119.0,2119.0,580
2026-08-23 12:50:00,2026-08-23 09:50:00+00:00,2026-08-23 10:00:00+00:00,2119.5,2120.0,2117.5,2119.5,2433
2026-08-23 13:00:00,2026-08-23 10:00:00+00:00,2026-08-23 10:10:00+00:00,2119.0,2121.0,2119.0,2120.0,576
2026-08-23 13:10:00,2026-08-23 10:10:00+00:00,2026-08-23 10:20:00+00:00,2120.5,2121.0,2119.5,2119.5,452
2026-08-23 13:20:00,2026-08-23 10:20:00+00:00,2026-08-23 10:30:00+00:00,2119.5,2120.5,2119.5,2120.5,53
2026-08-23 13:30:00,2026-08-23 10:30:00+00:00,2026-08-23 10:40:00+00:00,2120.0,2120.0,2119.0,2120.0,532
2026-08-23 13:40:00,2026-08-23 10:40:00+00:00,2026-08-23 10:50:00+00:00,2120.0,2120.0,2119.5,2119.5,504
2026-08-23 13:50:00,2026-08-23 10:50:00+00:00,2026-08-23 11:00:00+00:00,2120.0,2120.0,2119.0,2120.0,1088
2026-08-23 14:00:00,2026-08-23 11:00:00+00:00,2026-08-23 11:10:00+00:00,2120.0,2120.0,2119.5,2120.0,356
2026-08-23 14:10:00,2026-08-23 11:10:00+00:00,2026-08-23 11:20:00+00:00,2119.5,2120.5,2119.0,2120.5,480
2026-08-23 14:20:00,2026-08-23 11:20:00+00:00,2026-08-23 11:30:00+00:00,2120.0,2120.5,2119.5,2120.5,222
2026-08-23 14:30:00,2026-08-23 11:30:00+00:00,2026-08-23 11:40:00+00:00,2120.0,2120.5,2119.5,2120.0,86
2026-08-23 14:40:00,2026-08-23 11:40:00+00:00,2026-08-23 11:50:00+00:00,2120.0,2120.5,2120.0,2120.0,195
2026-08-23 14:50:00,2026-08-23 11:50:00+00:00,2026-08-23 12:00:00+00:00,2120.0,2121.0,2120.0,2120.0,606
2026-08-23 15:00:00,2026-08-23 12:00:00+00:00,2026-08-23 12:10:00+00:00,2120.0,2121.5,2120.0,2120.0,644
2026-08-23 15:10:00,2026-08-23 12:10:00+00:00,2026-08-23 12:20:00+00:00,2120.5,2121.5,2120.0,2120.5,356
2026-08-23 15:20:00,2026-08-23 12:20:00+00:00,2026-08-23 12:30:00+00:00,2121.0,2121.5,2120.0,2120.0,700
2026-08-23 15:30:00,2026-08-23 12:30:00+00:00,2026-08-23 12:40:00+00:00,2120.5,2120.5,2119.0,2119.0,1230
2026-08-23 15:40:00,2026-08-23 12:40:00+00:00,2026-08-23 12:50:00+00:00,2119.5,2119.5,2110.5,2114.0,11916
2026-08-23 15:50:00,2026-08-23 12:50:00+00:00,2026-08-23 13:00:00+00:00,2114.0,2116.0,2114.0,2115.5,3625
2026-08-23 16:00:00,2026-08-23 13:00:00+00:00,2026-08-23 13:10:00+00:00,2115.0,2115.5,2113.0,2114.0,1816
2026-08-23 16:10:00,2026-08-23 13:10:00+00:00,2026-08-23 13:20:00+00:00,2114.5,2114.5,2110.0,2110.5,7101
2026-08-23 16:20:00,2026-08-23 13:20:00+00:00,2026-08-23 13:30:00+00:00,2110.5,2114.0,2107.5,2109.0,8136
2026-08-23 16:30:00,2026-08-23 13:30:00+00:00,2026-08-23 13:40:00+00:00,2108.5,2109.5,2107.0,2108.0,3868
2026-08-23 16:40:00,2026-08-23 13:40:00+00:00,2026-08-23 13:50:00+00:00,2108.5,2110.0,2108.0,2109.5,2326
2026-08-23 16:50:00,2026-08-23 13:50:00+00:00,2026-08-23 14:00:00+00:00,2109.0,2110.5,2109.0,2110.0,3164
2026-08-23 17:00:00,2026-08-23 14:00:00+00:00,2026-08-23 14:10:00+00:00,2110.0,2111.0,2110.0,2110.0,2507
2026-08-23 17:10:00,2026-08-23 14:10:00+00:00,2026-08-23 14:20:00+00:00,2110.0,2111.0,2109.0,2109.5,3467
2026-08-23 17:20:00,2026-08-23 14:20:00+00:00,2026-08-23 14:30:00+00:00,2109.0,2110.0,2108.5,2110.0,2611
2026-08-23 17:30:00,2026-08-23 14:30:00+00:00,2026-08-23 14:40:00+00:00,2110.5,2111.0,2109.5,2109.5,2203
2026-08-23 17:40:00,2026-08-23 14:40:00+00:00,2026-08-23 14:50:00+00:00,2110.0,2110.5,2108.0,2108.0,3470
2026-08-23 17:50:00,2026-08-23 14:50:00+00:00,2026-08-23 15:00:00+00:00,2108.0,2109.5,2107.5,2109.0,2260
2026-08-23 18:00:00,2026-08-23 15:00:00+00:00,2026-08-23 15:10:00+00:00,2109.0,2110.5,2108.0,2110.5,1811
2026-08-23 18:10:00,2026-08-23 15:10:00+00:00,2026-08-23 15:20:00+00:00,2110.0,2110.5,2108.5,2108.5,2186
2026-08-23 18:20:00,2026-08-23 15:20:00+00:00,2026-08-23 15:30:00+00:00,2109.0,2109.5,2108.5,2109.0,3057
2026-08-23 18:30:00,2026-08-23 15:30:00+00:00,2026-08-23 15:40:00+00:00,2109.0,2109.5,2108.0,2108.5,1645
2026-08-23 18:40:00,2026-08-23 15:40:00+00:00,2026-08-23 15:50:00+00:00,2108.5,2109.5,2108.0,2109.0,3423
2026-08-23 18:50:00,2026-08-23 15:50:00+00:00,2026-08-23 16:00:00+00:00,2109.0,2110.5,2108.0,2109.0,3470
2026-08-24 06:50:00,2026-08-24 03:50:00+00:00,2026-08-24 04:00:00+00:00,2108.0,2108.0,2108.0,2108.0,1719
2026-08-24 07:00:00,2026-08-24 04:00:00+00:00,2026-08-24 04:10:00+00:00,2108.0,2109.0,2096.0,2099.0,45648
2026-08-24 07:10:00,2026-08-24 04:10:00+00:00,2026-08-24 04:20:00+00:00,2099.5,2103.0,2094.0,2094.0,34018
2026-08-24 07:20:00,2026-08-24 04:20:00+00:00,2026-08-24 04:30:00+00:00,2094.0,2101.5,2092.0,2100.0,37156
2026-08-24 07:30:00,2026-08-24 04:30:00+00:00,2026-08-24 04:40:00+00:00,2101.0,2101.5,2095.5,2098.0,11963
2026-08-24 07:40:00,2026-08-24 04:40:00+00:00,2026-08-24 04:50:00+00:00,2098.5,2099.0,2094.5,2097.0,7867
2026-08-24 07:50:00,2026-08-24 04:50:00+00:00,2026-08-24 05:00:00+00:00,2097.5,2100.0,2097.0,2098.0,4587
2026-08-24 08:00:00,2026-08-24 05:00:00+00:00,2026-08-24 05:10:00+00:00,2097.5,2099.0,2094.0,2098.5,12421
2026-08-24 08:10:00,2026-08-24 05:10:00+00:00,2026-08-24 05:20:00+00:00,2098.5,2105.5,2098.5,2100.5,31102
2026-08-24 08:20:00,2026-08-24 05:20:00+00:00,2026-08-24 05:30:00+00:00,2100.5,2104.0,2100.0,2102.0,7963
2026-08-24 08:30:00,2026-08-24 05:30:00+00:00,2026-08-24 05:40:00+00:00,2101.0,2102.5,2099.5,2100.0,6390
2026-08-24 08:40:00,2026-08-24 05:40:00+00:00,2026-08-24 05:50:00+00:00,2100.5,2103.0,2099.0,2101.5,6734
2026-08-24 08:50:00,2026-08-24 05:50:00+00:00,2026-08-24 06:00:00+00:00,2101.5,2102.0,2098.0,2098.5,9014
2026-08-24 09:00:00,2026-08-24 06:00:00+00:00,2026-08-24 06:10:00+00:00,2099.0,2100.0,2082.5,2085.0,51179
2026-08-24 09:10:00,2026-08-24 06:10:00+00:00,2026-08-24 06:20:00+00:00,2085.0,2087.5,2081.0,2082.5,43139
2026-08-24 09:20:00,2026-08-24 06:20:00+00:00,2026-08-24 06:30:00+00:00,2082.5,2092.0,2079.5,2088.0,47937
2026-08-24 09:30:00,2026-08-24 06:30:00+00:00,2026-08-24 06:40:00+00:00,2088.0,2092.5,2085.0,2089.0,19855
2026-08-24 09:40:00,2026-08-24 06:40:00+00:00,2026-08-24 06:50:00+00:00,2089.0,2091.5,2083.5,2084.5,21011
2026-08-24 09:50:00,2026-08-24 06:50:00+00:00,2026-08-24 07:00:00+00:00,2085.0,2094.0,2084.0,2088.5,23060
2026-08-24 10:00:00,2026-08-24 07:00:00+00:00,2026-08-24 07:10:00+00:00,2088.0,2089.5,2070.0,2073.5,95133
2026-08-24 10:10:00,2026-08-24 07:10:00+00:00,2026-08-24 07:20:00+00:00,2073.5,2080.5,2072.5,2072.5,66070
2026-08-24 10:20:00,2026-08-24 07:20:00+00:00,2026-08-24 07:30:00+00:00,2072.5,2085.5,2067.0,2082.0,151722
2026-08-24 10:30:00,2026-08-24 07:30:00+00:00,2026-08-24 07:40:00+00:00,2081.0,2085.0,2071.0,2075.5,122645
2026-08-24 10:40:00,2026-08-24 07:40:00+00:00,2026-08-24 07:50:00+00:00,2075.0,2080.0,2074.0,2077.0,23447
2026-08-24 10:50:00,2026-08-24 07:50:00+00:00,2026-08-24 08:00:00+00:00,2077.0,2084.0,2073.5,2081.0,40053
2026-08-24 11:00:00,2026-08-24 08:00:00+00:00,2026-08-24 08:10:00+00:00,2081.0,2092.0,2079.0,2085.0,58611
2026-08-24 11:10:00,2026-08-24 08:10:00+00:00,2026-08-24 08:20:00+00:00,2084.5,2089.5,2079.5,2080.0,32761
2026-08-24 11:20:00,2026-08-24 08:20:00+00:00,2026-08-24 08:30:00+00:00,2080.5,2083.0,2075.5,2077.0,22616
2026-08-24 11:30:00,2026-08-24 08:30:00+00:00,2026-08-24 08:40:00+00:00,2077.0,2082.0,2075.5,2079.5,18785
2026-08-24 11:40:00,2026-08-24 08:40:00+00:00,2026-08-24 08:50:00+00:00,2079.5,2088.5,2077.0,2081.0,41924
2026-08-24 11:50:00,2026-08-24 08:50:00+00:00,2026-08-24 09:00:00+00:00,2080.5,2081.5,2075.0,2077.0,21796
2026-08-24 12:00:00,2026-08-24 09:00:00+00:00,2026-08-24 09:10:00+00:00,2077.5,2083.5,2077.0,2080.5,15179
2026-08-24 12:10:00,2026-08-24 09:10:00+00:00,2026-08-24 09:20:00+00:00,2081.0,2081.5,2075.5,2076.0,17101
2026-08-24 12:20:00,2026-08-24 09:20:00+00:00,2026-08-24 09:30:00+00:00,2076.0,2084.5,2073.5,2083.0,27093
2026-08-24 12:30:00,2026-08-24 09:30:00+00:00,2026-08-24 09:40:00+00:00,2083.5,2087.5,2081.0,2084.5,27590
2026-08-24 12:40:00,2026-08-24 09:40:00+00:00,2026-08-24 09:50:00+00:00,2085.0,2085.0,2079.5,2081.5,9119
2026-08-24 12:50:00,2026-08-24 09:50:00+00:00,2026-08-24 10:00:00+00:00,2082.0,2082.5,2079.0,2079.5,7681
2026-08-24 13:00:00,2026-08-24 10:00:00+00:00,2026-08-24 10:10:00+00:00,2079.5,2085.0,2079.5,2080.5,13572
2026-08-24 13:10:00,2026-08-24 10:10:00+00:00,2026-08-24 10:20:00+00:00,2080.5,2082.5,2079.5,2081.5,6627
2026-08-24 13:20:00,2026-08-24 10:20:00+00:00,2026-08-24 10:30:00+00:00,2081.5,2081.5,2075.5,2077.5,20098
2026-08-24 13:30:00,2026-08-24 10:30:00+00:00,2026-08-24 10:40:00+00:00,2077.5,2079.0,2072.0,2073.0,17901
2026-08-24 13:40:00,2026-08-24 10:40:00+00:00,2026-08-24 10:50:00+00:00,2073.0,2087.0,2072.0,2085.5,37151
2026-08-24 13:50:00,2026-08-24 10:50:00+00:00,2026-08-24 11:00:00+00:00,2085.5,2086.0,2080.0,2081.5,24191
2026-08-24 14:00:00,2026-08-24 11:00:00+00:00,2026-08-24 11:10:00+00:00,2081.5,2084.0,2078.5,2079.0,11264
2026-08-24 14:10:00,2026-08-24 11:10:00+00:00,2026-08-24 11:20:00+00:00,2079.0,2081.0,2077.5,2078.0,10563
2026-08-24 14:20:00,2026-08-24 11:20:00+00:00,2026-08-24 11:30:00+00:00,2078.0,2079.0,2076.0,2076.5,8621
2026-08-24 14:30:00,2026-08-24 11:30:00+00:00,2026-08-24 11:40:00+00:00,2077.0,2081.0,2075.0,2077.5,20243
2026-08-24 14:40:00,2026-08-24 11:40:00+00:00,2026-08-24 11:50:00+00:00,2077.5,2081.0,2077.0,2080.0,6111
2026-08-24 14:50:00,2026-08-24 11:50:00+00:00,2026-08-24 12:00:00+00:00,2080.0,2083.0,2078.5,2081.0,13338
2026-08-24 15:00:00,2026-08-24 12:00:00+00:00,2026-08-24 12:10:00+00:00,2080.5,2081.5,2078.0,2079.0,6435
2026-08-24 15:10:00,2026-08-24 12:10:00+00:00,2026-08-24 12:20:00+00:00,2079.0,2080.5,2078.0,2078.5,3687
2026-08-24 15:20:00,2026-08-24 12:20:00+00:00,2026-08-24 12:30:00+00:00,2078.5,2080.0,2075.0,2075.5,11951
2026-08-24 15:30:00,2026-08-24 12:30:00+00:00,2026-08-24 12:40:00+00:00,2075.5,2081.0,2074.0,2075.0,16597
2026-08-24 15:40:00,2026-08-24 12:40:00+00:00,2026-08-24 12:50:00+00:00,2074.5,2077.0,2074.0,2076.5,10134
2026-08-24 15:50:00,2026-08-24 12:50:00+00:00,2026-08-24 13:00:00+00:00,2076.5,2078.5,2074.0,2074.5,11734
2026-08-24 16:00:00,2026-08-24 13:00:00+00:00,2026-08-24 13:10:00+00:00,2074.5,2076.0,2066.5,2066.5,43925
2026-08-24 16:10:00,2026-08-24 13:10:00+00:00,2026-08-24 13:20:00+00:00,2066.5,2070.5,2061.5,2064.5,50491
2026-08-24 16:20:00,2026-08-24 13:20:00+00:00,2026-08-24 13:30:00+00:00,2064.5,2067.0,2062.0,2062.5,24493
2026-08-24 16:30:00,2026-08-24 13:30:00+00:00,2026-08-24 13:40:00+00:00,2062.5,2066.0,2061.5,2063.0,19010
2026-08-24 16:40:00,2026-08-24 13:40:00+00:00,2026-08-24 13:50:00+00:00,2063.0,2066.0,2056.0,2056.5,49181
2026-08-24 16:50:00,2026-08-24 13:50:00+00:00,2026-08-24 14:00:00+00:00,2056.5,2060.0,2054.0,2059.0,44183
2026-08-24 17:00:00,2026-08-24 14:00:00+00:00,2026-08-24 14:10:00+00:00,2059.0,2059.0,2052.5,2054.0,36110
2026-08-24 17:10:00,2026-08-24 14:10:00+00:00,2026-08-24 14:20:00+00:00,2054.5,2060.0,2052.5,2059.0,43012
2026-08-24 17:20:00,2026-08-24 14:20:00+00:00,2026-08-24 14:30:00+00:00,2058.5,2064.5,2058.0,2064.0,36750
2026-08-24 17:30:00,2026-08-24 14:30:00+00:00,2026-08-24 14:40:00+00:00,2063.5,2065.5,2063.0,2065.0,13310
2026-08-24 17:40:00,2026-08-24 14:40:00+00:00,2026-08-24 14:50:00+00:00,2065.0,2071.0,2057.5,2067.0,51768
2026-08-24 17:50:00,2026-08-24 14:50:00+00:00,2026-08-24 15:00:00+00:00,2067.0,2087.5,2063.5,2082.5,122483
2026-08-24 18:00:00,2026-08-24 15:00:00+00:00,2026-08-24 15:10:00+00:00,2082.5,2093.0,2076.5,2076.5,124411
2026-08-24 18:10:00,2026-08-24 15:10:00+00:00,2026-08-24 15:20:00+00:00,2076.5,2079.5,2074.5,2078.5,31713
2026-08-24 18:20:00,2026-08-24 15:20:00+00:00,2026-08-24 15:30:00+00:00,2078.5,2087.5,2078.5,2081.5,46142
2026-08-24 18:30:00,2026-08-24 15:30:00+00:00,2026-08-24 15:40:00+00:00,2081.5,2081.5,2077.5,2078.5,16677
2026-08-24 18:40:00,2026-08-24 15:40:00+00:00,2026-08-24 15:50:00+00:00,2078.0,2078.0,2068.5,2070.0,34405
2026-08-24 18:50:00,2026-08-24 15:50:00+00:00,2026-08-24 16:00:00+00:00,2069.5,2072.5,2069.5,2071.0,9627
2026-08-24 19:00:00,2026-08-24 16:00:00+00:00,2026-08-24 16:10:00+00:00,2071.0,2077.0,2070.0,2076.5,18162
2026-08-24 19:10:00,2026-08-24 16:10:00+00:00,2026-08-24 16:20:00+00:00,2076.0,2079.0,2074.5,2078.5,11289
2026-08-24 19:20:00,2026-08-24 16:20:00+00:00,2026-08-24 16:30:00+00:00,2078.5,2082.5,2076.0,2081.5,16108
2026-08-24 19:30:00,2026-08-24 16:30:00+00:00,2026-08-24 16:40:00+00:00,2082.0,2084.5,2081.5,2084.0,16877
2026-08-24 19:40:00,2026-08-24 16:40:00+00:00,2026-08-24 16:50:00+00:00,2083.0,2088.0,2083.0,2084.0,16885
2026-08-24 19:50:00,2026-08-24 16:50:00+00:00,2026-08-24 17:00:00+00:00,2084.5,2089.5,2084.5,2087.5,11253
2026-08-24 20:00:00,2026-08-24 17:00:00+00:00,2026-08-24 17:10:00+00:00,2087.0,2088.5,2083.5,2084.0,10191
2026-08-24 20:10:00,2026-08-24 17:10:00+00:00,2026-08-24 17:20:00+00:00,2084.0,2085.5,2082.5,2082.5,5960
2026-08-24 20:20:00,2026-08-24 17:20:00+00:00,2026-08-24 17:30:00+00:00,2082.5,2083.5,2078.5,2082.0,12564
2026-08-24 20:30:00,2026-08-24 17:30:00+00:00,2026-08-24 17:40:00+00:00,2082.0,2089.0,2080.0,2087.5,11785
2026-08-24 20:40:00,2026-08-24 17:40:00+00:00,2026-08-24 17:50:00+00:00,2087.5,2088.5,2085.5,2086.5,3993
2026-08-24 20:50:00,2026-08-24 17:50:00+00:00,2026-08-24 18:00:00+00:00,2087.0,2088.0,2081.0,2082.0,11661
2026-08-24 21:00:00,2026-08-24 18:00:00+00:00,2026-08-24 18:10:00+00:00,2082.5,2086.0,2082.5,2084.0,13650
2026-08-24 21:10:00,2026-08-24 18:10:00+00:00,2026-08-24 18:20:00+00:00,2084.0,2084.5,2081.0,2082.0,2545
2026-08-24 21:20:00,2026-08-24 18:20:00+00:00,2026-08-24 18:30:00+00:00,2082.5,2085.0,2082.0,2084.0,2093
2026-08-24 21:30:00,2026-08-24 18:30:00+00:00,2026-08-24 18:40:00+00:00,2084.5,2084.5,2081.5,2082.0,3565
2026-08-24 21:40:00,2026-08-24 18:40:00+00:00,2026-08-24 18:50:00+00:00,2082.5,2083.0,2081.0,2082.5,3009
2026-08-24 21:50:00,2026-08-24 18:50:00+00:00,2026-08-24 19:00:00+00:00,2082.0,2083.0,2081.5,2082.0,1487
2026-08-24 22:00:00,2026-08-24 19:00:00+00:00,2026-08-24 19:10:00+00:00,2083.0,2084.0,2080.5,2081.0,5525
2026-08-24 22:10:00,2026-08-24 19:10:00+00:00,2026-08-24 19:20:00+00:00,2081.0,2081.5,2078.5,2080.5,4133
2026-08-24 22:20:00,2026-08-24 19:20:00+00:00,2026-08-24 19:30:00+00:00,2080.0,2082.0,2078.5,2081.5,3271
2026-08-24 22:30:00,2026-08-24 19:30:00+00:00,2026-08-24 19:40:00+00:00,2082.0,2082.0,2077.5,2078.5,4401
2026-08-24 22:40:00,2026-08-24 19:40:00+00:00,2026-08-24 19:50:00+00:00,2078.5,2079.0,2076.5,2076.5,4836
2026-08-24 22:50:00,2026-08-24 19:50:00+00:00,2026-08-24 20:00:00+00:00,2076.5,2079.5,2075.0,2077.0,4738
2026-08-24 23:00:00,2026-08-24 20:00:00+00:00,2026-08-24 20:10:00+00:00,2077.5,2079.0,2077.5,2078.0,2363
2026-08-24 23:10:00,2026-08-24 20:10:00+00:00,2026-08-24 20:20:00+00:00,2078.0,2079.0,2073.5,2074.0,4071
2026-08-24 23:20:00,2026-08-24 20:20:00+00:00,2026-08-24 20:30:00+00:00,2074.0,2076.5,2073.5,2075.5,4080
2026-08-24 23:30:00,2026-08-24 20:30:00+00:00,2026-08-24 20:40:00+00:00,2075.5,2078.5,2075.5,2078.0,4012
2026-08-24 23:40:00,2026-08-24 20:40:00+00:00,2026-08-24 20:50:00+00:00,2078.0,2078.5,2072.0,2075.0,8020
2026-08-25 06:50:00,2026-08-25 03:50:00+00:00,2026-08-25 04:00:00+00:00,2076.5,2076.5,2076.5,2076.5,120
2026-08-25 07:00:00,2026-08-25 04:00:00+00:00,2026-08-25 04:10:00+00:00,2077.5,2089.0,2077.0,2086.5,22880
2026-08-25 07:10:00,2026-08-25 04:10:00+00:00,2026-08-25 04:20:00+00:00,2086.5,2099.5,2084.0,2093.5,31238
2026-08-25 07:20:00,2026-08-25 04:20:00+00:00,2026-08-25 04:30:00+00:00,2092.5,2096.0,2091.0,2092.0,16126
2026-08-25 07:30:00,2026-08-25 04:30:00+00:00,2026-08-25 04:40:00+00:00,2092.0,2092.5,2088.5,2091.0,7920
2026-08-25 07:40:00,2026-08-25 04:40:00+00:00,2026-08-25 04:50:00+00:00,2090.0,2094.0,2089.0,2093.5,5845
2026-08-25 07:50:00,2026-08-25 04:50:00+00:00,2026-08-25 05:00:00+00:00,2094.0,2095.0,2090.0,2090.5,7818
2026-08-25 08:00:00,2026-08-25 05:00:00+00:00,2026-08-25 05:10:00+00:00,2090.5,2094.5,2089.5,2093.5,8622
2026-08-25 08:10:00,2026-08-25 05:10:00+00:00,2026-08-25 05:20:00+00:00,2093.0,2095.5,2092.5,2093.5,7036
2026-08-25 08:20:00,2026-08-25 05:20:00+00:00,2026-08-25 05:30:00+00:00,2093.0,2095.0,2091.0,2095.0,4691
2026-08-25 08:30:00,2026-08-25 05:30:00+00:00,2026-08-25 05:40:00+00:00,2095.0,2095.5,2092.0,2093.5,6348
2026-08-25 08:40:00,2026-08-25 05:40:00+00:00,2026-08-25 05:50:00+00:00,2093.0,2094.0,2091.0,2093.0,4842
2026-08-25 08:50:00,2026-08-25 05:50:00+00:00,2026-08-25 06:00:00+00:00,2093.0,2095.0,2092.5,2093.0,4737
2026-08-25 09:00:00,2026-08-25 06:00:00+00:00,2026-08-25 06:10:00+00:00,2093.5,2095.5,2089.0,2091.0,15252
2026-08-25 09:10:00,2026-08-25 06:10:00+00:00,2026-08-25 06:20:00+00:00,2091.5,2095.0,2091.5,2092.0,10231
2026-08-25 09:20:00,2026-08-25 06:20:00+00:00,2026-08-25 06:30:00+00:00,2092.0,2092.0,2086.5,2088.5,20052
2026-08-25 09:30:00,2026-08-25 06:30:00+00:00,2026-08-25 06:40:00+00:00,2088.5,2091.5,2088.0,2091.0,4246
2026-08-25 09:40:00,2026-08-25 06:40:00+00:00,2026-08-25 06:50:00+00:00,2091.0,2095.0,2091.0,2093.5,9905
2026-08-25 09:50:00,2026-08-25 06:50:00+00:00,2026-08-25 07:00:00+00:00,2093.5,2095.5,2091.5,2094.0,8228
2026-08-25 10:00:00,2026-08-25 07:00:00+00:00,2026-08-25 07:10:00+00:00,2093.5,2099.0,2091.0,2095.0,28767
2026-08-25 10:10:00,2026-08-25 07:10:00+00:00,2026-08-25 07:20:00+00:00,2095.0,2104.0,2092.0,2099.5,46778
2026-08-25 10:20:00,2026-08-25 07:20:00+00:00,2026-08-25 07:30:00+00:00,2100.0,2100.0,2081.5,2082.5,71644
2026-08-25 10:30:00,2026-08-25 07:30:00+00:00,2026-08-25 07:40:00+00:00,2083.0,2086.5,2079.5,2084.5,46782
2026-08-25 10:40:00,2026-08-25 07:40:00+00:00,2026-08-25 07:50:00+00:00,2085.0,2085.0,2079.0,2081.5,19455
2026-08-25 10:50:00,2026-08-25 07:50:00+00:00,2026-08-25 08:00:00+00:00,2081.5,2084.0,2081.0,2082.0,12144
2026-08-25 11:00:00,2026-08-25 08:00:00+00:00,2026-08-25 08:10:00+00:00,2082.5,2085.0,2081.0,2081.0,22111
2026-08-25 11:10:00,2026-08-25 08:10:00+00:00,2026-08-25 08:20:00+00:00,2081.0,2081.5,2073.5,2080.0,55658
2026-08-25 11:20:00,2026-08-25 08:20:00+00:00,2026-08-25 08:30:00+00:00,2080.0,2080.0,2063.0,2069.5,94363
2026-08-25 11:30:00,2026-08-25 08:30:00+00:00,2026-08-25 08:40:00+00:00,2069.0,2072.5,2067.5,2068.0,20719
2026-08-25 11:40:00,2026-08-25 08:40:00+00:00,2026-08-25 08:50:00+00:00,2068.0,2072.0,2067.5,2069.0,15070
2026-08-25 11:50:00,2026-08-25 08:50:00+00:00,2026-08-25 09:00:00+00:00,2069.5,2089.5,2068.5,2085.0,126539
2026-08-25 12:00:00,2026-08-25 09:00:00+00:00,2026-08-25 09:10:00+00:00,2085.0,2087.0,2080.0,2081.5,46637
2026-08-25 12:10:00,2026-08-25 09:10:00+00:00,2026-08-25 09:20:00+00:00,2082.0,2083.5,2080.5,2081.5,12872
2026-08-25 12:20:00,2026-08-25 09:20:00+00:00,2026-08-25 09:30:00+00:00,2081.0,2085.0,2078.5,2084.5,15702
2026-08-25 12:30:00,2026-08-25 09:30:00+00:00,2026-08-25 09:40:00+00:00,2084.5,2086.0,2077.5,2081.0,16881
2026-08-25 12:40:00,2026-08-25 09:40:00+00:00,2026-08-25 09:50:00+00:00,2080.5,2081.0,2063.0,2069.5,80925
2026-08-25 12:50:00,2026-08-25 09:50:00+00:00,2026-08-25 10:00:00+00:00,2069.5,2073.0,2067.5,2072.0,18274
2026-08-25 13:00:00,2026-08-25 10:00:00+00:00,2026-08-25 10:10:00+00:00,2071.5,2074.0,2070.5,2071.5,11711
2026-08-25 13:10:00,2026-08-25 10:10:00+00:00,2026-08-25 10:20:00+00:00,2071.5,2077.0,2070.0,2075.0,18730
2026-08-25 13:20:00,2026-08-25 10:20:00+00:00,2026-08-25 10:30:00+00:00,2075.0,2076.5,2071.0,2073.0,12443
2026-08-25 13:30:00,2026-08-25 10:30:00+00:00,2026-08-25 10:40:00+00:00,2072.5,2077.5,2070.0,2075.5,13346
2026-08-25 13:40:00,2026-08-25 10:40:00+00:00,2026-08-25 10:50:00+00:00,2075.0,2076.5,2072.5,2075.0,10708
2026-08-25 13:50:00,2026-08-25 10:50:00+00:00,2026-08-25 11:00:00+00:00,2074.0,2076.0,2071.0,2073.0,6508
2026-08-25 14:00:00,2026-08-25 11:00:00+00:00,2026-08-25 11:10:00+00:00,2073.0,2080.0,2072.5,2075.5,19775
2026-08-25 14:10:00,2026-08-25 11:10:00+00:00,2026-08-25 11:20:00+00:00,2076.0,2079.0,2074.0,2078.0,7754
2026-08-25 14:20:00,2026-08-25 11:20:00+00:00,2026-08-25 11:30:00+00:00,2078.0,2084.5,2076.5,2080.0,19950
2026-08-25 14:30:00,2026-08-25 11:30:00+00:00,2026-08-25 11:40:00+00:00,2080.0,2085.0,2078.0,2081.5,20516
2026-08-25 14:40:00,2026-08-25 11:40:00+00:00,2026-08-25 11:50:00+00:00,2081.0,2086.0,2079.0,2079.5,16715
2026-08-25 14:50:00,2026-08-25 11:50:00+00:00,2026-08-25 12:00:00+00:00,2080.0,2082.5,2078.0,2081.5,10111
2026-08-25 15:00:00,2026-08-25 12:00:00+00:00,2026-08-25 12:10:00+00:00,2082.0,2089.0,2081.5,2088.5,33933
2026-08-25 15:10:00,2026-08-25 12:10:00+00:00,2026-08-25 12:20:00+00:00,2088.5,2088.5,2083.5,2086.0,15813
2026-08-25 15:20:00,2026-08-25 12:20:00+00:00,2026-08-25 12:30:00+00:00,2086.0,2086.5,2082.5,2084.0,8349
2026-08-25 15:30:00,2026-08-25 12:30:00+00:00,2026-08-25 12:40:00+00:00,2083.5,2094.0,2083.5,2090.0,38657
2026-08-25 15:40:00,2026-08-25 12:40:00+00:00,2026-08-25 12:50:00+00:00,2090.5,2094.0,2089.5,2090.5,15398
2026-08-25 15:50:00,2026-08-25 12:50:00+00:00,2026-08-25 13:00:00+00:00,2091.0,2096.0,2088.5,2089.0,28967
2026-08-25 16:00:00,2026-08-25 13:00:00+00:00,2026-08-25 13:10:00+00:00,2089.5,2091.0,2086.5,2089.5,12956
2026-08-25 16:10:00,2026-08-25 13:10:00+00:00,2026-08-25 13:20:00+00:00,2090.0,2095.5,2089.5,2093.5,15345
2026-08-25 16:20:00,2026-08-25 13:20:00+00:00,2026-08-25 13:30:00+00:00,2093.5,2094.5,2090.5,2090.5,8209
2026-08-25 16:30:00,2026-08-25 13:30:00+00:00,2026-08-25 13:40:00+00:00,2091.0,2092.0,2088.5,2090.0,9132
2026-08-25 16:40:00,2026-08-25 13:40:00+00:00,2026-08-25 13:50:00+00:00,2091.0,2091.5,2082.5,2083.0,30135
2026-08-25 16:50:00,2026-08-25 13:50:00+00:00,2026-08-25 14:00:00+00:00,2083.0,2085.5,2081.5,2083.5,12703
2026-08-25 17:00:00,2026-08-25 14:00:00+00:00,2026-08-25 14:10:00+00:00,2083.5,2086.0,2081.0,2084.5,13948
2026-08-25 17:10:00,2026-08-25 14:10:00+00:00,2026-08-25 14:20:00+00:00,2085.5,2093.5,2084.5,2090.0,31350
2026-08-25 17:20:00,2026-08-25 14:20:00+00:00,2026-08-25 14:30:00+00:00,2090.5,2094.5,2089.5,2093.0,17651
2026-08-25 17:30:00,2026-08-25 14:30:00+00:00,2026-08-25 14:40:00+00:00,2093.5,2125.0,2093.5,2117.5,199656
2026-08-25 17:40:00,2026-08-25 14:40:00+00:00,2026-08-25 14:50:00+00:00,2118.0,2137.0,2116.5,2127.5,166952
2026-08-25 17:50:00,2026-08-25 14:50:00+00:00,2026-08-25 15:00:00+00:00,2128.0,2144.0,2125.0,2142.0,122420
2026-08-25 18:00:00,2026-08-25 15:00:00+00:00,2026-08-25 15:10:00+00:00,2142.0,2147.5,2134.5,2141.0,105932
2026-08-25 18:10:00,2026-08-25 15:10:00+00:00,2026-08-25 15:20:00+00:00,2140.5,2144.5,2134.5,2135.5,43989
2026-08-25 18:20:00,2026-08-25 15:20:00+00:00,2026-08-25 15:30:00+00:00,2135.5,2137.0,2127.5,2129.5,40893
2026-08-25 18:30:00,2026-08-25 15:30:00+00:00,2026-08-25 15:40:00+00:00,2129.5,2138.0,2129.5,2131.5,30972
2026-08-25 18:40:00,2026-08-25 15:40:00+00:00,2026-08-25 15:50:00+00:00,2131.5,2132.0,2114.0,2117.5,77101
2026-08-25 18:50:00,2026-08-25 15:50:00+00:00,2026-08-25 16:00:00+00:00,2117.0,2123.5,2113.0,2120.5,52598
2026-08-25 19:00:00,2026-08-25 16:00:00+00:00,2026-08-25 16:10:00+00:00,2120.0,2140.5,2118.5,2133.5,73047
2026-08-25 19:10:00,2026-08-25 16:10:00+00:00,2026-08-25 16:20:00+00:00,2133.0,2136.0,2122.0,2125.0,47962
2026-08-25 19:20:00,2026-08-25 16:20:00+00:00,2026-08-25 16:30:00+00:00,2125.0,2129.0,2123.5,2126.5,17467
2026-08-25 19:30:00,2026-08-25 16:30:00+00:00,2026-08-25 16:40:00+00:00,2127.0,2129.5,2123.5,2127.0,10572
2026-08-25 19:40:00,2026-08-25 16:40:00+00:00,2026-08-25 16:50:00+00:00,2127.0,2128.0,2121.0,2121.5,15429
2026-08-25 19:50:00,2026-08-25 16:50:00+00:00,2026-08-25 17:00:00+00:00,2121.5,2122.0,2110.0,2110.0,71247
2026-08-25 20:00:00,2026-08-25 17:00:00+00:00,2026-08-25 17:10:00+00:00,2110.0,2119.0,2110.0,2118.5,30702
2026-08-25 20:10:00,2026-08-25 17:10:00+00:00,2026-08-25 17:20:00+00:00,2118.0,2121.5,2115.5,2119.5,21259
2026-08-25 20:20:00,2026-08-25 17:20:00+00:00,2026-08-25 17:30:00+00:00,2119.0,2120.0,2117.0,2118.0,9012
2026-08-25 20:30:00,2026-08-25 17:30:00+00:00,2026-08-25 17:40:00+00:00,2118.5,2122.5,2117.5,2121.0,7086
2026-08-25 20:40:00,2026-08-25 17:40:00+00:00,2026-08-25 17:50:00+00:00,2121.0,2122.0,2116.0,2117.5,10135
2026-08-25 20:50:00,2026-08-25 17:50:00+00:00,2026-08-25 18:00:00+00:00,2117.5,2122.0,2117.5,2119.5,6586
2026-08-25 21:00:00,2026-08-25 18:00:00+00:00,2026-08-25 18:10:00+00:00,2119.5,2122.5,2117.5,2118.0,6558
2026-08-25 21:10:00,2026-08-25 18:10:00+00:00,2026-08-25 18:20:00+00:00,2117.5,2118.5,2114.0,2117.0,9780
2026-08-25 21:20:00,2026-08-25 18:20:00+00:00,2026-08-25 18:30:00+00:00,2117.0,2119.5,2116.0,2118.0,4238
2026-08-25 21:30:00,2026-08-25 18:30:00+00:00,2026-08-25 18:40:00+00:00,2118.0,2118.5,2112.0,2113.5,10935
2026-08-25 21:40:00,2026-08-25 18:40:00+00:00,2026-08-25 18:50:00+00:00,2113.5,2116.5,2113.5,2115.5,2799
2026-08-25 21:50:00,2026-08-25 18:50:00+00:00,2026-08-25 19:00:00+00:00,2115.0,2120.0,2112.5,2118.5,10875
2026-08-25 22:00:00,2026-08-25 19:00:00+00:00,2026-08-25 19:10:00+00:00,2119.0,2119.0,2117.0,2117.5,3318
2026-08-25 22:10:00,2026-08-25 19:10:00+00:00,2026-08-25 19:20:00+00:00,2117.5,2121.5,2117.5,2119.0,8565
2026-08-25 22:20:00,2026-08-25 19:20:00+00:00,2026-08-25 19:30:00+00:00,2118.5,2120.5,2117.5,2117.5,5111
2026-08-25 22:30:00,2026-08-25 19:30:00+00:00,2026-08-25 19:40:00+00:00,2118.0,2118.5,2116.0,2117.5,5308
2026-08-25 22:40:00,2026-08-25 19:40:00+00:00,2026-08-25 19:50:00+00:00,2117.0,2118.0,2116.0,2117.0,2876
2026-08-25 22:50:00,2026-08-25 19:50:00+00:00,2026-08-25 20:00:00+00:00,2117.5,2119.0,2115.5,2117.0,5715
2026-08-25 23:00:00,2026-08-25 20:00:00+00:00,2026-08-25 20:10:00+00:00,2116.5,2117.0,2112.0,2114.5,7529
2026-08-25 23:10:00,2026-08-25 20:10:00+00:00,2026-08-25 20:20:00+00:00,2114.5,2115.5,2113.5,2114.0,1760
2026-08-25 23:20:00,2026-08-25 20:20:00+00:00,2026-08-25 20:30:00+00:00,2114.0,2114.5,2112.0,2112.0,3884
2026-08-25 23:30:00,2026-08-25 20:30:00+00:00,2026-08-25 20:40:00+00:00,2112.0,2113.5,2112.0,2113.0,7926
2026-08-25 23:40:00,2026-08-25 20:40:00+00:00,2026-08-25 20:50:00+00:00,2112.5,2116.0,2112.0,2115.0,9044
2026-08-26 06:50:00,2026-08-26 03:50:00+00:00,2026-08-26 04:00:00+00:00,2109.0,2109.0,2109.0,2109.0,942
2026-08-26 07:00:00,2026-08-26 04:00:00+00:00,2026-08-26 04:10:00+00:00,2109.0,2109.5,2095.0,2099.5,66778
2026-08-26 07:10:00,2026-08-26 04:10:00+00:00,2026-08-26 04:20:00+00:00,2099.5,2101.0,2096.5,2100.0,15373
2026-08-26 07:20:00,2026-08-26 04:20:00+00:00,2026-08-26 04:30:00+00:00,2100.5,2101.5,2098.0,2101.0,7937
2026-08-26 07:30:00,2026-08-26 04:30:00+00:00,2026-08-26 04:40:00+00:00,2100.5,2102.5,2100.0,2102.5,5861
2026-08-26 07:40:00,2026-08-26 04:40:00+00:00,2026-08-26 04:50:00+00:00,2102.5,2103.5,2094.0,2095.0,17151
2026-08-26 07:50:00,2026-08-26 04:50:00+00:00,2026-08-26 05:00:00+00:00,2094.5,2099.0,2094.5,2096.5,6520
2026-08-26 08:00:00,2026-08-26 05:00:00+00:00,2026-08-26 05:10:00+00:00,2096.5,2100.0,2095.5,2097.5,6989
2026-08-26 08:10:00,2026-08-26 05:10:00+00:00,2026-08-26 05:20:00+00:00,2098.0,2098.0,2090.0,2092.0,18601
2026-08-26 08:20:00,2026-08-26 05:20:00+00:00,2026-08-26 05:30:00+00:00,2092.0,2095.5,2090.5,2095.5,8661
2026-08-26 08:30:00,2026-08-26 05:30:00+00:00,2026-08-26 05:40:00+00:00,2095.0,2098.0,2095.0,2096.0,10149
2026-08-26 08:40:00,2026-08-26 05:40:00+00:00,2026-08-26 05:50:00+00:00,2096.0,2097.5,2095.0,2095.5,4414
2026-08-26 08:50:00,2026-08-26 05:50:00+00:00,2026-08-26 06:00:00+00:00,2095.5,2098.0,2094.0,2094.5,6922
2026-08-26 09:00:00,2026-08-26 06:00:00+00:00,2026-08-26 06:10:00+00:00,2094.5,2095.5,2090.5,2094.5,12734
2026-08-26 09:10:00,2026-08-26 06:10:00+00:00,2026-08-26 06:20:00+00:00,2094.0,2098.0,2093.5,2098.0,8033
2026-08-26 09:20:00,2026-08-26 06:20:00+00:00,2026-08-26 06:30:00+00:00,2097.5,2102.0,2097.5,2100.0,15128
2026-08-26 09:30:00,2026-08-26 06:30:00+00:00,2026-08-26 06:40:00+00:00,2100.5,2105.0,2099.5,2103.5,13501
2026-08-26 09:40:00,2026-08-26 06:40:00+00:00,2026-08-26 06:50:00+00:00,2103.5,2103.5,2098.0,2098.0,9886
2026-08-26 09:50:00,2026-08-26 06:50:00+00:00,2026-08-26 07:00:00+00:00,2098.5,2098.5,2089.0,2092.5,35984
2026-08-26 10:00:00,2026-08-26 07:00:00+00:00,2026-08-26 07:10:00+00:00,2091.5,2097.5,2087.5,2093.0,36359
2026-08-26 10:10:00,2026-08-26 07:10:00+00:00,2026-08-26 07:20:00+00:00,2093.0,2101.5,2091.0,2096.5,28717
2026-08-26 10:20:00,2026-08-26 07:20:00+00:00,2026-08-26 07:30:00+00:00,2096.5,2099.0,2094.5,2097.0,15177
2026-08-26 10:30:00,2026-08-26 07:30:00+00:00,2026-08-26 07:40:00+00:00,2096.5,2100.5,2092.0,2100.0,18493
2026-08-26 10:40:00,2026-08-26 07:40:00+00:00,2026-08-26 07:50:00+00:00,2100.0,2100.0,2093.5,2095.5,11355
2026-08-26 10:50:00,2026-08-26 07:50:00+00:00,2026-08-26 08:00:00+00:00,2095.0,2097.0,2091.5,2092.5,7409
2026-08-26 11:00:00,2026-08-26 08:00:00+00:00,2026-08-26 08:10:00+00:00,2092.0,2098.5,2091.5,2098.0,12761
2026-08-26 11:10:00,2026-08-26 08:10:00+00:00,2026-08-26 08:20:00+00:00,2098.0,2099.0,2095.5,2097.0,6449
2026-08-26 11:20:00,2026-08-26 08:20:00+00:00,2026-08-26 08:30:00+00:00,2097.0,2100.0,2096.5,2098.0,10037
2026-08-26 11:30:00,2026-08-26 08:30:00+00:00,2026-08-26 08:40:00+00:00,2098.0,2098.0,2095.0,2096.0,4020
2026-08-26 11:40:00,2026-08-26 08:40:00+00:00,2026-08-26 08:50:00+00:00,2096.0,2098.5,2094.0,2097.5,7034
2026-08-26 11:50:00,2026-08-26 08:50:00+00:00,2026-08-26 09:00:00+00:00,2097.0,2104.0,2096.0,2101.0,21527
2026-08-26 12:00:00,2026-08-26 09:00:00+00:00,2026-08-26 09:10:00+00:00,2101.0,2111.0,2098.5,2105.5,59373
2026-08-26 12:10:00,2026-08-26 09:10:00+00:00,2026-08-26 09:20:00+00:00,2106.0,2107.0,2103.0,2105.5,14332
2026-08-26 12:20:00,2026-08-26 09:20:00+00:00,2026-08-26 09:30:00+00:00,2105.0,2105.5,2101.0,2105.0,14208
2026-08-26 12:30:00,2026-08-26 09:30:00+00:00,2026-08-26 09:40:00+00:00,2105.5,2105.5,2098.0,2099.5,15348
2026-08-26 12:40:00,2026-08-26 09:40:00+00:00,2026-08-26 09:50:00+00:00,2099.0,2104.5,2099.0,2102.0,12904
2026-08-26 12:50:00,2026-08-26 09:50:00+00:00,2026-08-26 10:00:00+00:00,2102.5,2102.5,2095.5,2096.5,13909
2026-08-26 13:00:00,2026-08-26 10:00:00+00:00,2026-08-26 10:10:00+00:00,2096.5,2096.5,2082.0,2083.5,85508
2026-08-26 13:10:00,2026-08-26 10:10:00+00:00,2026-08-26 10:20:00+00:00,2083.5,2088.0,2081.5,2086.0,36463
2026-08-26 13:20:00,2026-08-26 10:20:00+00:00,2026-08-26 10:30:00+00:00,2086.0,2086.0,2083.0,2084.0,13653
2026-08-26 13:30:00,2026-08-26 10:30:00+00:00,2026-08-26 10:40:00+00:00,2084.0,2087.5,2083.0,2085.5,7867
2026-08-26 13:40:00,2026-08-26 10:40:00+00:00,2026-08-26 10:50:00+00:00,2085.5,2089.5,2084.0,2088.5,11454
2026-08-26 13:50:00,2026-08-26 10:50:00+00:00,2026-08-26 11:00:00+00:00,2088.5,2089.0,2085.5,2088.0,8845
2026-08-26 14:00:00,2026-08-26 11:00:00+00:00,2026-08-26 11:10:00+00:00,2088.0,2090.5,2084.5,2087.5,15629
2026-08-26 14:10:00,2026-08-26 11:10:00+00:00,2026-08-26 11:20:00+00:00,2087.5,2088.5,2084.5,2085.0,5590
2026-08-26 14:20:00,2026-08-26 11:20:00+00:00,2026-08-26 11:30:00+00:00,2085.0,2087.5,2084.5,2085.0,8256
2026-08-26 14:30:00,2026-08-26 11:30:00+00:00,2026-08-26 11:40:00+00:00,2084.5,2085.5,2073.5,2076.0,59472
2026-08-26 14:40:00,2026-08-26 11:40:00+00:00,2026-08-26 11:50:00+00:00,2076.5,2077.5,2071.0,2072.5,43137
2026-08-26 14:50:00,2026-08-26 11:50:00+00:00,2026-08-26 12:00:00+00:00,2072.0,2075.0,2069.0,2074.0,45083
2026-08-26 15:00:00,2026-08-26 12:00:00+00:00,2026-08-26 12:10:00+00:00,2073.5,2076.5,2072.0,2075.5,20120
2026-08-26 15:10:00,2026-08-26 12:10:00+00:00,2026-08-26 12:20:00+00:00,2076.0,2076.0,2070.5,2073.0,12473
2026-08-26 15:20:00,2026-08-26 12:20:00+00:00,2026-08-26 12:30:00+00:00,2072.5,2076.5,2071.0,2072.5,11650
2026-08-26 15:30:00,2026-08-26 12:30:00+00:00,2026-08-26 12:40:00+00:00,2072.0,2074.0,2071.0,2074.0,8128
2026-08-26 15:40:00,2026-08-26 12:40:00+00:00,2026-08-26 12:50:00+00:00,2074.0,2074.5,2071.0,2073.0,12741
2026-08-26 15:50:00,2026-08-26 12:50:00+00:00,2026-08-26 13:00:00+00:00,2073.0,2079.0,2066.5,2075.5,59588
2026-08-26 16:00:00,2026-08-26 13:00:00+00:00,2026-08-26 13:10:00+00:00,2075.5,2081.5,2074.5,2075.0,40889
2026-08-26 16:10:00,2026-08-26 13:10:00+00:00,2026-08-26 13:20:00+00:00,2074.5,2099.0,2072.5,2088.5,150051
2026-08-26 16:20:00,2026-08-26 13:20:00+00:00,2026-08-26 13:30:00+00:00,2089.0,2091.5,2083.5,2085.0,39344
2026-08-26 16:30:00,2026-08-26 13:30:00+00:00,2026-08-26 13:40:00+00:00,2085.5,2088.5,2081.5,2082.0,20209
2026-08-26 16:40:00,2026-08-26 13:40:00+00:00,2026-08-26 13:50:00+00:00,2082.5,2088.5,2082.0,2086.0,11368
2026-08-26 16:50:00,2026-08-26 13:50:00+00:00,2026-08-26 14:00:00+00:00,2086.5,2087.5,2081.5,2081.5,16220
2026-08-26 17:00:00,2026-08-26 14:00:00+00:00,2026-08-26 14:10:00+00:00,2082.0,2082.0,2075.5,2078.5,30688
2026-08-26 17:10:00,2026-08-26 14:10:00+00:00,2026-08-26 14:20:00+00:00,2078.0,2086.0,2077.5,2082.5,20327
2026-08-26 17:20:00,2026-08-26 14:20:00+00:00,2026-08-26 14:30:00+00:00,2082.5,2083.0,2074.0,2076.0,19487
2026-08-26 17:30:00,2026-08-26 14:30:00+00:00,2026-08-26 14:40:00+00:00,2075.5,2082.5,2075.5,2080.5,11190
2026-08-26 17:40:00,2026-08-26 14:40:00+00:00,2026-08-26 14:50:00+00:00,2081.0,2082.0,2078.0,2082.0,3574
2026-08-26 17:50:00,2026-08-26 14:50:00+00:00,2026-08-26 15:00:00+00:00,2082.0,2085.0,2081.0,2084.5,8563
2026-08-26 18:00:00,2026-08-26 15:00:00+00:00,2026-08-26 15:10:00+00:00,2084.5,2086.0,2081.5,2084.0,7896
2026-08-26 18:10:00,2026-08-26 15:10:00+00:00,2026-08-26 15:20:00+00:00,2084.0,2085.0,2078.5,2078.5,10268
2026-08-26 18:20:00,2026-08-26 15:20:00+00:00,2026-08-26 15:30:00+00:00,2078.5,2083.0,2078.0,2083.0,5343
2026-08-26 18:30:00,2026-08-26 15:30:00+00:00,2026-08-26 15:40:00+00:00,2082.5,2082.5,2076.5,2080.0,9914
2026-08-26 18:40:00,2026-08-26 15:40:00+00:00,2026-08-26 15:50:00+00:00,2080.5,2082.0,2078.0,2080.0,4338
2026-08-26 18:50:00,2026-08-26 15:50:00+00:00,2026-08-26 16:00:00+00:00,2079.5,2080.5,2057.0,2063.0,95227
2026-08-26 19:00:00,2026-08-26 16:00:00+00:00,2026-08-26 16:10:00+00:00,2062.5,2068.5,2060.5,2067.0,79904
2026-08-26 19:10:00,2026-08-26 16:10:00+00:00,2026-08-26 16:20:00+00:00,2066.5,2068.0,2060.0,2061.0,31261
2026-08-26 19:20:00,2026-08-26 16:20:00+00:00,2026-08-26 16:30:00+00:00,2061.0,2064.5,2060.0,2062.5,13820
2026-08-26 19:30:00,2026-08-26 16:30:00+00:00,2026-08-26 16:40:00+00:00,2062.5,2067.0,2062.0,2065.5,14946
2026-08-26 19:40:00,2026-08-26 16:40:00+00:00,2026-08-26 16:50:00+00:00,2065.0,2068.0,2064.0,2066.5,10671
2026-08-26 19:50:00,2026-08-26 16:50:00+00:00,2026-08-26 17:00:00+00:00,2066.0,2068.0,2063.0,2064.0,11188
2026-08-26 20:00:00,2026-08-26 17:00:00+00:00,2026-08-26 17:10:00+00:00,2064.0,2066.5,2064.0,2065.0,4614
2026-08-26 20:10:00,2026-08-26 17:10:00+00:00,2026-08-26 17:20:00+00:00,2065.0,2065.0,2057.0,2061.0,30993
2026-08-26 20:20:00,2026-08-26 17:20:00+00:00,2026-08-26 17:30:00+00:00,2061.0,2062.0,2057.5,2058.0,16965
2026-08-26 20:30:00,2026-08-26 17:30:00+00:00,2026-08-26 17:40:00+00:00,2057.5,2063.0,2057.5,2061.0,9186
2026-08-26 20:40:00,2026-08-26 17:40:00+00:00,2026-08-26 17:50:00+00:00,2061.5,2062.5,2057.5,2060.0,15253
2026-08-26 20:50:00,2026-08-26 17:50:00+00:00,2026-08-26 18:00:00+00:00,2060.0,2063.0,2058.0,2060.5,8731
2026-08-26 21:00:00,2026-08-26 18:00:00+00:00,2026-08-26 18:10:00+00:00,2060.5,2061.0,2058.0,2059.5,5642
2026-08-26 21:10:00,2026-08-26 18:10:00+00:00,2026-08-26 18:20:00+00:00,2059.5,2059.5,2054.5,2056.5,18328
2026-08-26 21:20:00,2026-08-26 18:20:00+00:00,2026-08-26 18:30:00+00:00,2056.5,2057.5,2055.5,2057.0,6907
2026-08-26 21:30:00,2026-08-26 18:30:00+00:00,2026-08-26 18:40:00+00:00,2057.0,2059.5,2056.5,2058.0,5918
2026-08-26 21:40:00,2026-08-26 18:40:00+00:00,2026-08-26 18:50:00+00:00,2059.0,2059.0,2055.5,2056.5,5118
2026-08-26 21:50:00,2026-08-26 18:50:00+00:00,2026-08-26 19:00:00+00:00,2057.5,2059.0,2056.5,2058.0,3883
2026-08-26 22:00:00,2026-08-26 19:00:00+00:00,2026-08-26 19:10:00+00:00,2058.5,2059.5,2057.0,2058.0,5536
2026-08-26 22:10:00,2026-08-26 19:10:00+00:00,2026-08-26 19:20:00+00:00,2058.0,2059.0,2057.0,2057.5,1949
2026-08-26 22:20:00,2026-08-26 19:20:00+00:00,2026-08-26 19:30:00+00:00,2057.5,2058.0,2056.0,2057.0,5159
2026-08-26 22:30:00,2026-08-26 19:30:00+00:00,2026-08-26 19:40:00+00:00,2057.0,2057.0,2054.0,2054.0,10635
2026-08-26 22:40:00,2026-08-26 19:40:00+00:00,2026-08-26 19:50:00+00:00,2054.5,2056.5,2054.0,2055.5,5611
2026-08-26 22:50:00,2026-08-26 19:50:00+00:00,2026-08-26 20:00:00+00:00,2055.5,2055.5,2053.0,2054.0,5706
2026-08-26 23:00:00,2026-08-26 20:00:00+00:00,2026-08-26 20:10:00+00:00,2054.0,2057.5,2053.0,2056.5,6946
2026-08-26 23:10:00,2026-08-26 20:10:00+00:00,2026-08-26 20:20:00+00:00,2056.5,2058.5,2056.5,2058.0,4170
2026-08-26 23:20:00,2026-08-26 20:20:00+00:00,2026-08-26 20:30:00+00:00,2058.0,2060.5,2057.0,2060.0,8893
2026-08-26 23:30:00,2026-08-26 20:30:00+00:00,2026-08-26 20:40:00+00:00,2060.0,2061.0,2057.5,2058.0,5367
2026-08-26 23:40:00,2026-08-26 20:40:00+00:00,2026-08-26 20:50:00+00:00,2058.0,2059.0,2056.5,2058.5,7781
2026-08-27 06:50:00,2026-08-27 03:50:00+00:00,2026-08-27 04:00:00+00:00,2058.5,2058.5,2058.5,2058.5,506
2026-08-27 07:00:00,2026-08-27 04:00:00+00:00,2026-08-27 04:10:00+00:00,2058.5,2072.5,2056.0,2059.0,35799
2026-08-27 07:10:00,2026-08-27 04:10:00+00:00,2026-08-27 04:20:00+00:00,2059.0,2067.0,2059.0,2066.0,13154
2026-08-27 07:20:00,2026-08-27 04:20:00+00:00,2026-08-27 04:30:00+00:00,2065.5,2067.0,2063.0,2065.5,8134
2026-08-27 07:30:00,2026-08-27 04:30:00+00:00,2026-08-27 04:40:00+00:00,2066.0,2066.0,2057.5,2059.0,11454
2026-08-27 07:40:00,2026-08-27 04:40:00+00:00,2026-08-27 04:50:00+00:00,2059.0,2060.0,2054.5,2057.5,14266
2026-08-27 07:50:00,2026-08-27 04:50:00+00:00,2026-08-27 05:00:00+00:00,2059.0,2063.5,2058.5,2060.5,10359
2026-08-27 08:00:00,2026-08-27 05:00:00+00:00,2026-08-27 05:10:00+00:00,2060.5,2062.5,2058.5,2059.0,3445
2026-08-27 08:10:00,2026-08-27 05:10:00+00:00,2026-08-27 05:20:00+00:00,2059.5,2060.5,2057.0,2059.0,5771
2026-08-27 08:20:00,2026-08-27 05:20:00+00:00,2026-08-27 05:30:00+00:00,2059.0,2059.5,2057.0,2059.0,3393
2026-08-27 08:30:00,2026-08-27 05:30:00+00:00,2026-08-27 05:40:00+00:00,2059.0,2062.0,2058.5,2058.5,4921
2026-08-27 08:40:00,2026-08-27 05:40:00+00:00,2026-08-27 05:50:00+00:00,2059.0,2059.0,2055.5,2055.5,7184
2026-08-27 08:50:00,2026-08-27 05:50:00+00:00,2026-08-27 06:00:00+00:00,2056.0,2058.5,2050.0,2052.0,24855
2026-08-27 09:00:00,2026-08-27 06:00:00+00:00,2026-08-27 06:10:00+00:00,2051.5,2061.0,2050.0,2060.0,34945
2026-08-27 09:10:00,2026-08-27 06:10:00+00:00,2026-08-27 06:20:00+00:00,2060.0,2060.5,2053.5,2055.0,22343
2026-08-27 09:20:00,2026-08-27 06:20:00+00:00,2026-08-27 06:30:00+00:00,2054.0,2063.5,2054.0,2061.0,23699
2026-08-27 09:30:00,2026-08-27 06:30:00+00:00,2026-08-27 06:40:00+00:00,2062.0,2062.5,2059.0,2060.0,14530
2026-08-27 09:40:00,2026-08-27 06:40:00+00:00,2026-08-27 06:50:00+00:00,2059.5,2066.5,2059.5,2063.0,23785
2026-08-27 09:50:00,2026-08-27 06:50:00+00:00,2026-08-27 07:00:00+00:00,2063.5,2065.0,2060.0,2062.5,13724
2026-08-27 10:00:00,2026-08-27 07:00:00+00:00,2026-08-27 07:10:00+00:00,2062.0,2068.5,2058.0,2065.0,45204
2026-08-27 10:10:00,2026-08-27 07:10:00+00:00,2026-08-27 07:20:00+00:00,2065.0,2066.5,2055.0,2059.0,27675
2026-08-27 10:20:00,2026-08-27 07:20:00+00:00,2026-08-27 07:30:00+00:00,2058.5,2068.0,2058.0,2063.0,28292
2026-08-27 10:30:00,2026-08-27 07:30:00+00:00,2026-08-27 07:40:00+00:00,2063.0,2066.5,2059.5,2062.5,19813
2026-08-27 10:40:00,2026-08-27 07:40:00+00:00,2026-08-27 07:50:00+00:00,2062.5,2063.5,2057.0,2059.5,21316
2026-08-27 10:50:00,2026-08-27 07:50:00+00:00,2026-08-27 08:00:00+00:00,2059.5,2068.0,2057.0,2067.5,25486
2026-08-27 11:00:00,2026-08-27 08:00:00+00:00,2026-08-27 08:10:00+00:00,2066.5,2076.0,2065.0,2070.0,66550
2026-08-27 11:10:00,2026-08-27 08:10:00+00:00,2026-08-27 08:20:00+00:00,2070.5,2074.0,2065.5,2068.5,22567
2026-08-27 11:20:00,2026-08-27 08:20:00+00:00,2026-08-27 08:30:00+00:00,2068.0,2091.0,2065.5,2083.0,110104
2026-08-27 11:30:00,2026-08-27 08:30:00+00:00,2026-08-27 08:40:00+00:00,2083.0,2097.0,2082.0,2093.0,150880
2026-08-27 11:40:00,2026-08-27 08:40:00+00:00,2026-08-27 08:50:00+00:00,2094.0,2096.5,2086.5,2087.5,67206
2026-08-27 11:50:00,2026-08-27 08:50:00+00:00,2026-08-27 09:00:00+00:00,2088.0,2088.0,2079.0,2081.5,58112
2026-08-27 12:00:00,2026-08-27 09:00:00+00:00,2026-08-27 09:10:00+00:00,2082.0,2086.5,2080.0,2086.0,33741
2026-08-27 12:10:00,2026-08-27 09:10:00+00:00,2026-08-27 09:20:00+00:00,2086.0,2086.5,2071.5,2073.5,54587
2026-08-27 12:20:00,2026-08-27 09:20:00+00:00,2026-08-27 09:30:00+00:00,2074.0,2079.5,2071.0,2078.0,39813
2026-08-27 12:30:00,2026-08-27 09:30:00+00:00,2026-08-27 09:40:00+00:00,2077.5,2083.5,2077.5,2081.5,18050
2026-08-27 12:40:00,2026-08-27 09:40:00+00:00,2026-08-27 09:50:00+00:00,2082.0,2085.0,2079.0,2084.5,24061
2026-08-27 12:50:00,2026-08-27 09:50:00+00:00,2026-08-27 10:00:00+00:00,2084.0,2084.0,2081.0,2082.0,9407
2026-08-27 13:00:00,2026-08-27 10:00:00+00:00,2026-08-27 10:10:00+00:00,2082.5,2089.5,2078.0,2085.0,33712
2026-08-27 13:10:00,2026-08-27 10:10:00+00:00,2026-08-27 10:20:00+00:00,2085.0,2090.0,2082.0,2082.5,29864
2026-08-27 13:20:00,2026-08-27 10:20:00+00:00,2026-08-27 10:30:00+00:00,2082.5,2095.5,2080.0,2095.0,42614
2026-08-27 13:30:00,2026-08-27 10:30:00+00:00,2026-08-27 10:40:00+00:00,2095.0,2096.5,2090.0,2091.5,33498
2026-08-27 13:40:00,2026-08-27 10:40:00+00:00,2026-08-27 10:50:00+00:00,2091.5,2094.0,2089.5,2093.0,15089
2026-08-27 13:50:00,2026-08-27 10:50:00+00:00,2026-08-27 11:00:00+00:00,2093.0,2098.5,2090.0,2094.5,31466
2026-08-27 14:00:00,2026-08-27 11:00:00+00:00,2026-08-27 11:10:00+00:00,2095.0,2097.0,2086.5,2087.0,32413
2026-08-27 14:10:00,2026-08-27 11:10:00+00:00,2026-08-27 11:20:00+00:00,2087.5,2093.5,2085.0,2091.5,14832
2026-08-27 14:20:00,2026-08-27 11:20:00+00:00,2026-08-27 11:30:00+00:00,2091.5,2091.5,2078.0,2082.5,40232
2026-08-27 14:30:00,2026-08-27 11:30:00+00:00,2026-08-27 11:40:00+00:00,2082.5,2087.5,2081.5,2086.5,20133
2026-08-27 14:40:00,2026-08-27 11:40:00+00:00,2026-08-27 11:50:00+00:00,2087.0,2089.5,2085.0,2087.0,10499
2026-08-27 14:50:00,2026-08-27 11:50:00+00:00,2026-08-27 12:00:00+00:00,2087.5,2092.0,2086.0,2088.5,13213
2026-08-27 15:00:00,2026-08-27 12:00:00+00:00,2026-08-27 12:10:00+00:00,2088.5,2090.0,2084.0,2084.5,10489
2026-08-27 15:10:00,2026-08-27 12:10:00+00:00,2026-08-27 12:20:00+00:00,2084.0,2086.5,2083.0,2084.0,10315
2026-08-27 15:20:00,2026-08-27 12:20:00+00:00,2026-08-27 12:30:00+00:00,2084.0,2088.5,2083.5,2088.0,13474
2026-08-27 15:30:00,2026-08-27 12:30:00+00:00,2026-08-27 12:40:00+00:00,2088.5,2094.0,2086.5,2093.5,14986
2026-08-27 15:40:00,2026-08-27 12:40:00+00:00,2026-08-27 12:50:00+00:00,2093.5,2094.0,2089.0,2091.0,8177
2026-08-27 15:50:00,2026-08-27 12:50:00+00:00,2026-08-27 13:00:00+00:00,2090.5,2095.0,2088.5,2093.5,12793
2026-08-27 16:00:00,2026-08-27 13:00:00+00:00,2026-08-27 13:10:00+00:00,2093.5,2095.0,2090.0,2090.0,12341
2026-08-27 16:10:00,2026-08-27 13:10:00+00:00,2026-08-27 13:20:00+00:00,2090.5,2094.5,2090.5,2094.0,12048
2026-08-27 16:20:00,2026-08-27 13:20:00+00:00,2026-08-27 13:30:00+00:00,2094.0,2098.0,2089.0,2092.0,24681
2026-08-27 16:30:00,2026-08-27 13:30:00+00:00,2026-08-27 13:40:00+00:00,2092.5,2096.5,2090.0,2095.5,16317
2026-08-27 16:40:00,2026-08-27 13:40:00+00:00,2026-08-27 13:50:00+00:00,2095.0,2099.0,2093.0,2095.0,26775
2026-08-27 16:50:00,2026-08-27 13:50:00+00:00,2026-08-27 14:00:00+00:00,2095.5,2103.0,2094.0,2098.5,40081
2026-08-27 17:00:00,2026-08-27 14:00:00+00:00,2026-08-27 14:10:00+00:00,2099.0,2104.0,2096.0,2100.5,37998
2026-08-27 17:10:00,2026-08-27 14:10:00+00:00,2026-08-27 14:20:00+00:00,2101.0,2102.0,2094.0,2096.5,18677
2026-08-27 17:20:00,2026-08-27 14:20:00+00:00,2026-08-27 14:30:00+00:00,2096.0,2096.5,2091.5,2093.0,12662
2026-08-27 17:30:00,2026-08-27 14:30:00+00:00,2026-08-27 14:40:00+00:00,2093.5,2095.5,2092.0,2093.5,15938
2026-08-27 17:40:00,2026-08-27 14:40:00+00:00,2026-08-27 14:50:00+00:00,2093.0,2103.5,2093.0,2103.0,31126
2026-08-27 17:50:00,2026-08-27 14:50:00+00:00,2026-08-27 15:00:00+00:00,2103.0,2108.5,2097.0,2097.5,57904
2026-08-27 18:00:00,2026-08-27 15:00:00+00:00,2026-08-27 15:10:00+00:00,2097.0,2100.0,2093.0,2096.0,25072
2026-08-27 18:10:00,2026-08-27 15:10:00+00:00,2026-08-27 15:20:00+00:00,2096.0,2099.5,2094.5,2097.5,9108
2026-08-27 18:20:00,2026-08-27 15:20:00+00:00,2026-08-27 15:30:00+00:00,2098.0,2104.5,2096.5,2102.5,22962
2026-08-27 18:30:00,2026-08-27 15:30:00+00:00,2026-08-27 15:40:00+00:00,2102.0,2105.0,2100.5,2102.5,11772
2026-08-27 18:40:00,2026-08-27 15:40:00+00:00,2026-08-27 15:50:00+00:00,2102.5,2103.0,2091.0,2092.5,34354
2026-08-27 18:50:00,2026-08-27 15:50:00+00:00,2026-08-27 16:00:00+00:00,2093.0,2095.5,2092.5,2094.0,7525
2026-08-27 19:00:00,2026-08-27 16:00:00+00:00,2026-08-27 16:10:00+00:00,2094.0,2095.0,2090.5,2093.0,12506
2026-08-27 19:10:00,2026-08-27 16:10:00+00:00,2026-08-27 16:20:00+00:00,2093.0,2097.5,2092.5,2094.0,12874
2026-08-27 19:20:00,2026-08-27 16:20:00+00:00,2026-08-27 16:30:00+00:00,2094.5,2096.5,2094.0,2094.5,4280
2026-08-27 19:30:00,2026-08-27 16:30:00+00:00,2026-08-27 16:40:00+00:00,2094.5,2095.0,2091.5,2092.5,6082
2026-08-27 19:40:00,2026-08-27 16:40:00+00:00,2026-08-27 16:50:00+00:00,2092.0,2093.5,2091.5,2093.0,4717
2026-08-27 19:50:00,2026-08-27 16:50:00+00:00,2026-08-27 17:00:00+00:00,2092.5,2093.5,2091.5,2091.5,3894
2026-08-27 20:00:00,2026-08-27 17:00:00+00:00,2026-08-27 17:10:00+00:00,2092.0,2096.5,2092.0,2095.5,7111
2026-08-27 20:10:00,2026-08-27 17:10:00+00:00,2026-08-27 17:20:00+00:00,2095.5,2098.5,2093.5,2098.0,7348
2026-08-27 20:20:00,2026-08-27 17:20:00+00:00,2026-08-27 17:30:00+00:00,2098.5,2103.0,2095.0,2101.5,27050
2026-08-27 20:30:00,2026-08-27 17:30:00+00:00,2026-08-27 17:40:00+00:00,2100.5,2102.0,2097.5,2100.0,11050
2026-08-27 20:40:00,2026-08-27 17:40:00+00:00,2026-08-27 17:50:00+00:00,2100.0,2102.0,2097.0,2099.5,14734
2026-08-27 20:50:00,2026-08-27 17:50:00+00:00,2026-08-27 18:00:00+00:00,2100.0,2102.0,2098.5,2102.0,3155
2026-08-27 21:00:00,2026-08-27 18:00:00+00:00,2026-08-27 18:10:00+00:00,2102.0,2103.0,2100.0,2102.0,7315
2026-08-27 21:10:00,2026-08-27 18:10:00+00:00,2026-08-27 18:20:00+00:00,2102.0,2104.5,2098.5,2100.0,19140
2026-08-27 21:20:00,2026-08-27 18:20:00+00:00,2026-08-27 18:30:00+00:00,2100.5,2100.5,2097.0,2099.0,6496
2026-08-27 21:30:00,2026-08-27 18:30:00+00:00,2026-08-27 18:40:00+00:00,2099.0,2100.5,2098.0,2100.0,1972
2026-08-27 21:40:00,2026-08-27 18:40:00+00:00,2026-08-27 18:50:00+00:00,2100.0,2101.0,2099.0,2100.0,2519
2026-08-27 21:50:00,2026-08-27 18:50:00+00:00,2026-08-27 19:00:00+00:00,2100.0,2101.0,2099.0,2101.0,2089
2026-08-27 22:00:00,2026-08-27 19:00:00+00:00,2026-08-27 19:10:00+00:00,2101.0,2103.0,2100.0,2100.5,3340
2026-08-27 22:10:00,2026-08-27 19:10:00+00:00,2026-08-27 19:20:00+00:00,2101.0,2102.0,2100.0,2101.5,2142
2026-08-27 22:20:00,2026-08-27 19:20:00+00:00,2026-08-27 19:30:00+00:00,2101.5,2103.0,2101.5,2103.0,1816
2026-08-27 22:30:00,2026-08-27 19:30:00+00:00,2026-08-27 19:40:00+00:00,2103.0,2104.0,2101.0,2103.0,5742
2026-08-27 22:40:00,2026-08-27 19:40:00+00:00,2026-08-27 19:50:00+00:00,2103.5,2104.0,2099.5,2101.0,6828
2026-08-27 22:50:00,2026-08-27 19:50:00+00:00,2026-08-27 20:00:00+00:00,2101.0,2101.0,2098.0,2099.0,1221
2026-08-27 23:00:00,2026-08-27 20:00:00+00:00,2026-08-27 20:10:00+00:00,2099.0,2101.0,2098.5,2100.5,4054
2026-08-27 23:10:00,2026-08-27 20:10:00+00:00,2026-08-27 20:20:00+00:00,2100.5,2101.5,2100.0,2101.0,656
2026-08-27 23:20:00,2026-08-27 20:20:00+00:00,2026-08-27 20:30:00+00:00,2101.0,2103.0,2100.0,2101.0,4152
2026-08-27 23:30:00,2026-08-27 20:30:00+00:00,2026-08-27 20:40:00+00:00,2101.0,2101.0,2099.5,2100.0,3138
2026-08-27 23:40:00,2026-08-27 20:40:00+00:00,2026-08-27 20:50:00+00:00,2100.5,2100.5,2094.5,2096.0,15394
2026-08-28 06:50:00,2026-08-28 03:50:00+00:00,2026-08-28 04:00:00+00:00,2100.0,2100.0,2100.0,2100.0,167
2026-08-28 07:00:00,2026-08-28 04:00:00+00:00,2026-08-28 04:10:00+00:00,2098.5,2100.0,2092.5,2095.0,8702
2026-08-28 07:10:00,2026-08-28 04:10:00+00:00,2026-08-28 04:20:00+00:00,2095.5,2106.0,2095.0,2102.5,15829
2026-08-28 07:20:00,2026-08-28 04:20:00+00:00,2026-08-28 04:30:00+00:00,2102.5,2103.0,2098.0,2099.5,7891
2026-08-28 07:30:00,2026-08-28 04:30:00+00:00,2026-08-28 04:40:00+00:00,2100.0,2103.0,2098.5,2102.0,3948
2026-08-28 07:40:00,2026-08-28 04:40:00+00:00,2026-08-28 04:50:00+00:00,2101.5,2105.5,2101.5,2104.5,4353
2026-08-28 07:50:00,2026-08-28 04:50:00+00:00,2026-08-28 05:00:00+00:00,2104.5,2110.0,2103.5,2108.5,15574
2026-08-28 08:00:00,2026-08-28 05:00:00+00:00,2026-08-28 05:10:00+00:00,2108.0,2109.0,2103.5,2105.0,7797
2026-08-28 08:10:00,2026-08-28 05:10:00+00:00,2026-08-28 05:20:00+00:00,2105.0,2108.0,2104.5,2106.0,5907
2026-08-28 08:20:00,2026-08-28 05:20:00+00:00,2026-08-28 05:30:00+00:00,2106.0,2118.5,2104.0,2115.0,29923
2026-08-28 08:30:00,2026-08-28 05:30:00+00:00,2026-08-28 05:40:00+00:00,2114.5,2116.0,2111.0,2113.0,13858
2026-08-28 08:40:00,2026-08-28 05:40:00+00:00,2026-08-28 05:50:00+00:00,2113.0,2113.0,2110.0,2111.5,5747
2026-08-28 08:50:00,2026-08-28 05:50:00+00:00,2026-08-28 06:00:00+00:00,2111.0,2112.5,2108.0,2110.5,6943
2026-08-28 09:00:00,2026-08-28 06:00:00+00:00,2026-08-28 06:10:00+00:00,2110.5,2111.5,2109.0,2110.5,6779
2026-08-28 09:10:00,2026-08-28 06:10:00+00:00,2026-08-28 06:20:00+00:00,2110.0,2113.5,2108.0,2112.5,9291
2026-08-28 09:20:00,2026-08-28 06:20:00+00:00,2026-08-28 06:30:00+00:00,2113.0,2115.0,2110.0,2113.5,19116
2026-08-28 09:30:00,2026-08-28 06:30:00+00:00,2026-08-28 06:40:00+00:00,2113.5,2115.0,2111.5,2113.0,7909
2026-08-28 09:40:00,2026-08-28 06:40:00+00:00,2026-08-28 06:50:00+00:00,2113.0,2114.5,2111.5,2113.5,6172
2026-08-28 09:50:00,2026-08-28 06:50:00+00:00,2026-08-28 07:00:00+00:00,2113.5,2113.5,2108.5,2111.5,8709
2026-08-28 10:00:00,2026-08-28 07:00:00+00:00,2026-08-28 07:10:00+00:00,2112.0,2112.0,2102.5,2106.5,23079
2026-08-28 10:10:00,2026-08-28 07:10:00+00:00,2026-08-28 07:20:00+00:00,2106.0,2114.0,2104.0,2105.5,14274
2026-08-28 10:20:00,2026-08-28 07:20:00+00:00,2026-08-28 07:30:00+00:00,2105.0,2106.5,2100.0,2104.0,21631
2026-08-28 10:30:00,2026-08-28 07:30:00+00:00,2026-08-28 07:40:00+00:00,2103.5,2105.0,2101.5,2103.0,9366
2026-08-28 10:40:00,2026-08-28 07:40:00+00:00,2026-08-28 07:50:00+00:00,2102.5,2105.0,2102.0,2103.0,2365
2026-08-28 10:50:00,2026-08-28 07:50:00+00:00,2026-08-28 08:00:00+00:00,2103.0,2104.5,2096.0,2097.0,22230
2026-08-28 11:00:00,2026-08-28 08:00:00+00:00,2026-08-28 08:10:00+00:00,2097.0,2099.5,2095.0,2096.5,19596
2026-08-28 11:10:00,2026-08-28 08:10:00+00:00,2026-08-28 08:20:00+00:00,2096.5,2097.5,2084.5,2085.5,71564
2026-08-28 11:20:00,2026-08-28 08:20:00+00:00,2026-08-28 08:30:00+00:00,2085.5,2088.0,2084.0,2087.0,35230
2026-08-28 11:30:00,2026-08-28 08:30:00+00:00,2026-08-28 08:40:00+00:00,2086.5,2089.0,2081.0,2083.5,34441
2026-08-28 11:40:00,2026-08-28 08:40:00+00:00,2026-08-28 08:50:00+00:00,2083.0,2088.5,2083.0,2088.5,22009
2026-08-28 11:50:00,2026-08-28 08:50:00+00:00,2026-08-28 09:00:00+00:00,2088.5,2090.0,2085.5,2086.0,14219
2026-08-28 12:00:00,2026-08-28 09:00:00+00:00,2026-08-28 09:10:00+00:00,2086.0,2088.0,2082.0,2083.0,20379
2026-08-28 12:10:00,2026-08-28 09:10:00+00:00,2026-08-28 09:20:00+00:00,2083.0,2083.0,2072.0,2077.5,57305
2026-08-28 12:20:00,2026-08-28 09:20:00+00:00,2026-08-28 09:30:00+00:00,2077.5,2080.0,2077.5,2079.5,11547
2026-08-28 12:30:00,2026-08-28 09:30:00+00:00,2026-08-28 09:40:00+00:00,2079.0,2080.0,2071.0,2074.5,38207
2026-08-28 12:40:00,2026-08-28 09:40:00+00:00,2026-08-28 09:50:00+00:00,2074.5,2075.5,2070.5,2072.0,23305
2026-08-28 12:50:00,2026-08-28 09:50:00+00:00,2026-08-28 10:00:00+00:00,2071.5,2076.5,2071.0,2075.5,16903
2026-08-28 13:00:00,2026-08-28 10:00:00+00:00,2026-08-28 10:10:00+00:00,2075.0,2078.0,2073.5,2075.5,14825
2026-08-28 13:10:00,2026-08-28 10:10:00+00:00,2026-08-28 10:20:00+00:00,2075.0,2079.0,2074.5,2078.0,7724
2026-08-28 13:20:00,2026-08-28 10:20:00+00:00,2026-08-28 10:30:00+00:00,2078.0,2080.5,2077.0,2079.5,12902
2026-08-28 13:30:00,2026-08-28 10:30:00+00:00,2026-08-28 10:40:00+00:00,2079.5,2083.0,2076.5,2081.0,21577
2026-08-28 13:40:00,2026-08-28 10:40:00+00:00,2026-08-28 10:50:00+00:00,2081.0,2082.0,2079.0,2080.0,11876
2026-08-28 13:50:00,2026-08-28 10:50:00+00:00,2026-08-28 11:00:00+00:00,2080.0,2080.5,2076.5,2077.5,9066
2026-08-28 14:00:00,2026-08-28 11:00:00+00:00,2026-08-28 11:10:00+00:00,2076.5,2080.0,2076.0,2076.5,7804
2026-08-28 14:10:00,2026-08-28 11:10:00+00:00,2026-08-28 11:20:00+00:00,2077.0,2082.5,2076.5,2081.0,11544
2026-08-28 14:20:00,2026-08-28 11:20:00+00:00,2026-08-28 11:30:00+00:00,2080.5,2082.5,2079.5,2081.0,4808
2026-08-28 14:30:00,2026-08-28 11:30:00+00:00,2026-08-28 11:40:00+00:00,2081.0,2085.5,2081.0,2085.5,16609
2026-08-28 14:40:00,2026-08-28 11:40:00+00:00,2026-08-28 11:50:00+00:00,2085.5,2085.5,2082.0,2084.0,7974
2026-08-28 14:50:00,2026-08-28 11:50:00+00:00,2026-08-28 12:00:00+00:00,2084.0,2085.0,2080.5,2081.5,10010
2026-08-28 15:00:00,2026-08-28 12:00:00+00:00,2026-08-28 12:10:00+00:00,2081.5,2089.0,2080.5,2084.5,33748
2026-08-28 15:10:00,2026-08-28 12:10:00+00:00,2026-08-28 12:20:00+00:00,2084.5,2089.0,2083.0,2087.0,22215
2026-08-28 15:20:00,2026-08-28 12:20:00+00:00,2026-08-28 12:30:00+00:00,2086.0,2093.5,2085.0,2088.0,36544
2026-08-28 15:30:00,2026-08-28 12:30:00+00:00,2026-08-28 12:40:00+00:00,2088.5,2096.5,2088.0,2094.0,32726
2026-08-28 15:40:00,2026-08-28 12:40:00+00:00,2026-08-28 12:50:00+00:00,2094.0,2103.0,2093.5,2098.5,43250
2026-08-28 15:50:00,2026-08-28 12:50:00+00:00,2026-08-28 13:00:00+00:00,2099.0,2101.0,2092.5,2092.5,32256
2026-08-28 16:00:00,2026-08-28 13:00:00+00:00,2026-08-28 13:10:00+00:00,2093.0,2102.0,2091.5,2100.5,26081
2026-08-28 16:10:00,2026-08-28 13:10:00+00:00,2026-08-28 13:20:00+00:00,2100.5,2104.0,2096.0,2096.5,27028
2026-08-28 16:20:00,2026-08-28 13:20:00+00:00,2026-08-28 13:30:00+00:00,2096.5,2099.0,2094.0,2097.0,17665
2026-08-28 16:30:00,2026-08-28 13:30:00+00:00,2026-08-28 13:40:00+00:00,2097.5,2102.0,2096.5,2101.5,14434
2026-08-28 16:40:00,2026-08-28 13:40:00+00:00,2026-08-28 13:50:00+00:00,2101.5,2112.0,2100.0,2111.5,52094
2026-08-28 16:50:00,2026-08-28 13:50:00+00:00,2026-08-28 14:00:00+00:00,2112.0,2123.5,2109.0,2121.0,90269
2026-08-28 17:00:00,2026-08-28 14:00:00+00:00,2026-08-28 14:10:00+00:00,2121.0,2122.0,2109.0,2111.0,76419
2026-08-28 17:10:00,2026-08-28 14:10:00+00:00,2026-08-28 14:20:00+00:00,2111.5,2114.5,2107.5,2109.0,21685
2026-08-28 17:20:00,2026-08-28 14:20:00+00:00,2026-08-28 14:30:00+00:00,2109.5,2112.5,2102.0,2103.0,33375
2026-08-28 17:30:00,2026-08-28 14:30:00+00:00,2026-08-28 14:40:00+00:00,2103.5,2107.5,2102.0,2105.5,25883
2026-08-28 17:40:00,2026-08-28 14:40:00+00:00,2026-08-28 14:50:00+00:00,2105.5,2106.0,2097.5,2101.0,34747
2026-08-28 17:50:00,2026-08-28 14:50:00+00:00,2026-08-28 15:00:00+00:00,2100.5,2104.0,2096.0,2101.0,29788
2026-08-28 18:00:00,2026-08-28 15:00:00+00:00,2026-08-28 15:10:00+00:00,2100.5,2108.5,2100.0,2103.0,30429
2026-08-28 18:10:00,2026-08-28 15:10:00+00:00,2026-08-28 15:20:00+00:00,2103.5,2106.5,2102.0,2105.0,12424
2026-08-28 18:20:00,2026-08-28 15:20:00+00:00,2026-08-28 15:30:00+00:00,2104.5,2108.5,2103.0,2107.0,16824
2026-08-28 18:30:00,2026-08-28 15:30:00+00:00,2026-08-28 15:40:00+00:00,2106.5,2113.0,2106.5,2111.5,24461
2026-08-28 18:40:00,2026-08-28 15:40:00+00:00,2026-08-28 15:50:00+00:00,2111.5,2113.5,2109.5,2111.5,23019
2026-08-28 18:50:00,2026-08-28 15:50:00+00:00,2026-08-28 16:00:00+00:00,2112.0,2115.0,2111.0,2115.0,15194
2026-08-28 19:00:00,2026-08-28 16:00:00+00:00,2026-08-28 16:10:00+00:00,2114.5,2117.5,2113.0,2114.5,21877
2026-08-28 19:10:00,2026-08-28 16:10:00+00:00,2026-08-28 16:20:00+00:00,2114.5,2116.0,2111.5,2112.5,15188
2026-08-28 19:20:00,2026-08-28 16:20:00+00:00,2026-08-28 16:30:00+00:00,2112.5,2112.5,2102.0,2103.0,30004
2026-08-28 19:30:00,2026-08-28 16:30:00+00:00,2026-08-28 16:40:00+00:00,2102.5,2108.0,2102.0,2108.0,20030
2026-08-28 19:40:00,2026-08-28 16:40:00+00:00,2026-08-28 16:50:00+00:00,2108.0,2111.5,2107.0,2110.5,11103
2026-08-28 19:50:00,2026-08-28 16:50:00+00:00,2026-08-28 17:00:00+00:00,2110.5,2111.0,2107.5,2108.0,6786
2026-08-28 20:00:00,2026-08-28 17:00:00+00:00,2026-08-28 17:10:00+00:00,2108.0,2110.0,2107.0,2109.0,3861
2026-08-28 20:10:00,2026-08-28 17:10:00+00:00,2026-08-28 17:20:00+00:00,2109.0,2110.0,2106.5,2106.5,3652
2026-08-28 20:20:00,2026-08-28 17:20:00+00:00,2026-08-28 17:30:00+00:00,2106.5,2110.0,2106.5,2107.0,4402
2026-08-28 20:30:00,2026-08-28 17:30:00+00:00,2026-08-28 17:40:00+00:00,2107.5,2112.0,2107.5,2111.0,13811
2026-08-28 20:40:00,2026-08-28 17:40:00+00:00,2026-08-28 17:50:00+00:00,2111.0,2112.5,2107.5,2109.0,8121
2026-08-28 20:50:00,2026-08-28 17:50:00+00:00,2026-08-28 18:00:00+00:00,2109.0,2110.5,2108.5,2109.5,1916
2026-08-28 21:00:00,2026-08-28 18:00:00+00:00,2026-08-28 18:10:00+00:00,2109.5,2111.0,2107.0,2111.0,9359
2026-08-28 21:10:00,2026-08-28 18:10:00+00:00,2026-08-28 18:20:00+00:00,2111.0,2112.0,2110.0,2112.0,3858
2026-08-28 21:20:00,2026-08-28 18:20:00+00:00,2026-08-28 18:30:00+00:00,2112.0,2112.5,2108.5,2108.5,5976
2026-08-28 21:30:00,2026-08-28 18:30:00+00:00,2026-08-28 18:40:00+00:00,2109.0,2110.0,2107.5,2108.0,4257
2026-08-28 21:40:00,2026-08-28 18:40:00+00:00,2026-08-28 18:50:00+00:00,2109.0,2109.5,2108.0,2108.5,1162
2026-08-28 21:50:00,2026-08-28 18:50:00+00:00,2026-08-28 19:00:00+00:00,2108.5,2110.0,2108.5,2109.5,2297
2026-08-28 22:00:00,2026-08-28 19:00:00+00:00,2026-08-28 19:10:00+00:00,2109.0,2111.0,2109.0,2110.0,1669
2026-08-28 22:10:00,2026-08-28 19:10:00+00:00,2026-08-28 19:20:00+00:00,2110.5,2110.5,2109.0,2110.0,1364
2026-08-28 22:20:00,2026-08-28 19:20:00+00:00,2026-08-28 19:30:00+00:00,2110.5,2111.0,2110.0,2110.0,1343
2026-08-28 22:30:00,2026-08-28 19:30:00+00:00,2026-08-28 19:40:00+00:00,2110.0,2112.0,2110.0,2111.0,2177
2026-08-28 22:40:00,2026-08-28 19:40:00+00:00,2026-08-28 19:50:00+00:00,2111.0,2112.0,2109.5,2109.5,2862
2026-08-28 22:50:00,2026-08-28 19:50:00+00:00,2026-08-28 20:00:00+00:00,2109.5,2112.0,2109.0,2111.5,2723
2026-08-28 23:00:00,2026-08-28 20:00:00+00:00,2026-08-28 20:10:00+00:00,2112.0,2113.0,2110.5,2111.0,3362
2026-08-28 23:10:00,2026-08-28 20:10:00+00:00,2026-08-28 20:20:00+00:00,2111.0,2112.0,2110.5,2111.0,1097
2026-08-28 23:20:00,2026-08-28 20:20:00+00:00,2026-08-28 20:30:00+00:00,2111.5,2112.0,2110.5,2111.5,825
2026-08-28 23:30:00,2026-08-28 20:30:00+00:00,2026-08-28 20:40:00+00:00,2111.5,2112.0,2111.0,2111.5,2285
2026-08-28 23:40:00,2026-08-28 20:40:00+00:00,2026-08-28 20:50:00+00:00,2111.0,2112.0,2108.0,2110.5,7293
2026-08-29 09:50:00,2026-08-29 06:50:00+00:00,2026-08-29 07:00:00+00:00,2109.0,2109.0,2109.0,2109.0,45
2026-08-29 10:00:00,2026-08-29 07:00:00+00:00,2026-08-29 07:10:00+00:00,2108.5,2111.0,2105.5,2110.5,7184
2026-08-29 10:10:00,2026-08-29 07:10:00+00:00,2026-08-29 07:20:00+00:00,2111.0,2113.0,2110.5,2112.5,2094
2026-08-29 10:20:00,2026-08-29 07:20:00+00:00,2026-08-29 07:30:00+00:00,2112.0,2113.5,2111.5,2112.5,757
2026-08-29 10:30:00,2026-08-29 07:30:00+00:00,2026-08-29 07:40:00+00:00,2113.0,2115.0,2112.0,2114.0,1974
2026-08-29 10:40:00,2026-08-29 07:40:00+00:00,2026-08-29 07:50:00+00:00,2114.0,2114.5,2112.5,2112.5,1163
2026-08-29 10:50:00,2026-08-29 07:50:00+00:00,2026-08-29 08:00:00+00:00,2113.0,2113.0,2112.0,2112.5,840
2026-08-29 11:00:00,2026-08-29 08:00:00+00:00,2026-08-29 08:10:00+00:00,2112.5,2115.0,2112.5,2114.0,1187
2026-08-29 11:10:00,2026-08-29 08:10:00+00:00,2026-08-29 08:20:00+00:00,2114.0,2118.0,2113.5,2116.5,3013
2026-08-29 11:20:00,2026-08-29 08:20:00+00:00,2026-08-29 08:30:00+00:00,2116.0,2120.0,2116.0,2119.0,3394
2026-08-29 11:30:00,2026-08-29 08:30:00+00:00,2026-08-29 08:40:00+00:00,2119.0,2119.5,2117.0,2118.0,1979
2026-08-29 11:40:00,2026-08-29 08:40:00+00:00,2026-08-29 08:50:00+00:00,2118.0,2122.0,2117.5,2121.5,5655
2026-08-29 11:50:00,2026-08-29 08:50:00+00:00,2026-08-29 09:00:00+00:00,2122.0,2125.0,2121.5,2124.5,6538
2026-08-29 12:00:00,2026-08-29 09:00:00+00:00,2026-08-29 09:10:00+00:00,2124.5,2124.5,2120.5,2121.5,3563
2026-08-29 12:10:00,2026-08-29 09:10:00+00:00,2026-08-29 09:20:00+00:00,2121.5,2121.5,2118.5,2119.0,3123
2026-08-29 12:20:00,2026-08-29 09:20:00+00:00,2026-08-29 09:30:00+00:00,2119.0,2121.0,2118.5,2118.5,3357
2026-08-29 12:30:00,2026-08-29 09:30:00+00:00,2026-08-29 09:40:00+00:00,2119.0,2119.0,2117.5,2118.5,2584
2026-08-29 12:40:00,2026-08-29 09:40:00+00:00,2026-08-29 09:50:00+00:00,2118.5,2120.5,2118.0,2120.5,1148
2026-08-29 12:50:00,2026-08-29 09:50:00+00:00,2026-08-29 10:00:00+00:00,2120.0,2120.5,2118.0,2118.5,1617
2026-08-29 13:00:00,2026-08-29 10:00:00+00:00,2026-08-29 10:10:00+00:00,2118.5,2120.0,2118.0,2119.0,1676
2026-08-29 13:10:00,2026-08-29 10:10:00+00:00,2026-08-29 10:20:00+00:00,2119.5,2120.5,2119.0,2119.5,684
2026-08-29 13:20:00,2026-08-29 10:20:00+00:00,2026-08-29 10:30:00+00:00,2119.5,2119.5,2119.0,2119.5,323
2026-08-29 13:30:00,2026-08-29 10:30:00+00:00,2026-08-29 10:40:00+00:00,2119.5,2119.5,2118.5,2118.5,529
2026-08-29 13:40:00,2026-08-29 10:40:00+00:00,2026-08-29 10:50:00+00:00,2118.5,2119.0,2118.0,2118.5,645
2026-08-29 13:50:00,2026-08-29 10:50:00+00:00,2026-08-29 11:00:00+00:00,2118.5,2119.0,2117.5,2118.0,1129
2026-08-29 14:00:00,2026-08-29 11:00:00+00:00,2026-08-29 11:10:00+00:00,2118.0,2118.5,2117.0,2118.5,1692
2026-08-29 14:10:00,2026-08-29 11:10:00+00:00,2026-08-29 11:20:00+00:00,2118.0,2119.0,2117.5,2118.0,944
2026-08-29 14:20:00,2026-08-29 11:20:00+00:00,2026-08-29 11:30:00+00:00,2118.0,2119.0,2117.5,2119.0,838
2026-08-29 14:30:00,2026-08-29 11:30:00+00:00,2026-08-29 11:40:00+00:00,2119.0,2119.0,2118.0,2118.5,195
2026-08-29 14:40:00,2026-08-29 11:40:00+00:00,2026-08-29 11:50:00+00:00,2118.5,2118.5,2117.5,2118.5,219
2026-08-29 14:50:00,2026-08-29 11:50:00+00:00,2026-08-29 12:00:00+00:00,2118.5,2118.5,2117.5,2118.0,349
2026-08-29 15:00:00,2026-08-29 12:00:00+00:00,2026-08-29 12:10:00+00:00,2117.5,2118.5,2116.5,2117.0,2259
2026-08-29 15:10:00,2026-08-29 12:10:00+00:00,2026-08-29 12:20:00+00:00,2117.0,2118.0,2117.0,2118.0,545
2026-08-29 15:20:00,2026-08-29 12:20:00+00:00,2026-08-29 12:30:00+00:00,2117.5,2118.5,2115.0,2117.5,4268
2026-08-29 15:30:00,2026-08-29 12:30:00+00:00,2026-08-29 12:40:00+00:00,2117.5,2118.0,2116.0,2116.0,456
2026-08-29 15:40:00,2026-08-29 12:40:00+00:00,2026-08-29 12:50:00+00:00,2117.0,2117.5,2116.0,2117.0,1140
2026-08-29 15:50:00,2026-08-29 12:50:00+00:00,2026-08-29 13:00:00+00:00,2117.0,2118.0,2117.0,2117.0,510
2026-08-29 16:00:00,2026-08-29 13:00:00+00:00,2026-08-29 13:10:00+00:00,2117.5,2117.5,2116.0,2116.5,1011
2026-08-29 16:10:00,2026-08-29 13:10:00+00:00,2026-08-29 13:20:00+00:00,2116.5,2116.5,2116.0,2116.0,328
2026-08-29 16:20:00,2026-08-29 13:20:00+00:00,2026-08-29 13:30:00+00:00,2116.0,2117.0,2116.0,2116.5,458
2026-08-29 16:30:00,2026-08-29 13:30:00+00:00,2026-08-29 13:40:00+00:00,2116.5,2117.0,2116.0,2117.0,204
2026-08-29 16:40:00,2026-08-29 13:40:00+00:00,2026-08-29 13:50:00+00:00,2117.0,2118.0,2116.5,2118.0,180
2026-08-29 16:50:00,2026-08-29 13:50:00+00:00,2026-08-29 14:00:00+00:00,2117.5,2119.0,2116.5,2117.5,1675
2026-08-29 17:00:00,2026-08-29 14:00:00+00:00,2026-08-29 14:10:00+00:00,2117.5,2118.5,2117.5,2118.0,404
2026-08-29 17:10:00,2026-08-29 14:10:00+00:00,2026-08-29 14:20:00+00:00,2118.0,2118.0,2117.0,2117.0,988
2026-08-29 17:20:00,2026-08-29 14:20:00+00:00,2026-08-29 14:30:00+00:00,2117.0,2118.0,2116.0,2117.0,935
2026-08-29 17:30:00,2026-08-29 14:30:00+00:00,2026-08-29 14:40:00+00:00,2117.5,2118.0,2117.5,2117.5,700
2026-08-29 17:40:00,2026-08-29 14:40:00+00:00,2026-08-29 14:50:00+00:00,2117.5,2118.0,2117.5,2117.5,39
2026-08-29 17:50:00,2026-08-29 14:50:00+00:00,2026-08-29 15:00:00+00:00,2117.5,2118.0,2117.5,2118.0,141
2026-08-29 18:00:00,2026-08-29 15:00:00+00:00,2026-08-29 15:10:00+00:00,2118.0,2118.0,2117.5,2118.0,347
2026-08-29 18:10:00,2026-08-29 15:10:00+00:00,2026-08-29 15:20:00+00:00,2118.0,2118.5,2117.5,2118.5,311
2026-08-29 18:20:00,2026-08-29 15:20:00+00:00,2026-08-29 15:30:00+00:00,2118.5,2119.0,2118.0,2119.0,652
2026-08-29 18:30:00,2026-08-29 15:30:00+00:00,2026-08-29 15:40:00+00:00,2119.0,2120.0,2119.0,2120.0,685
2026-08-29 18:40:00,2026-08-29 15:40:00+00:00,2026-08-29 15:50:00+00:00,2120.0,2120.0,2118.0,2118.0,676
2026-08-29 18:50:00,2026-08-29 15:50:00+00:00,2026-08-29 16:00:00+00:00,2118.5,2118.5,2116.5,2117.0,579
2026-08-30 09:50:00,2026-08-30 06:50:00+00:00,2026-08-30 07:00:00+00:00,2119.0,2119.0,2119.0,2119.0,833
2026-08-30 10:00:00,2026-08-30 07:00:00+00:00,2026-08-30 07:10:00+00:00,2120.0,2128.5,2119.0,2121.5,9277
2026-08-30 10:10:00,2026-08-30 07:10:00+00:00,2026-08-30 07:20:00+00:00,2122.0,2125.0,2121.5,2123.5,2657
2026-08-30 10:20:00,2026-08-30 07:20:00+00:00,2026-08-30 07:30:00+00:00,2123.5,2124.5,2123.0,2124.5,2555
2026-08-30 10:30:00,2026-08-30 07:30:00+00:00,2026-08-30 07:40:00+00:00,2124.5,2125.0,2123.0,2124.5,3038
2026-08-30 10:40:00,2026-08-30 07:40:00+00:00,2026-08-30 07:50:00+00:00,2124.5,2124.5,2123.5,2123.5,634
2026-08-30 10:50:00,2026-08-30 07:50:00+00:00,2026-08-30 08:00:00+00:00,2124.0,2124.5,2122.0,2122.0,1954
2026-08-30 11:00:00,2026-08-30 08:00:00+00:00,2026-08-30 08:10:00+00:00,2122.0,2122.5,2121.5,2122.0,990
2026-08-30 11:10:00,2026-08-30 08:10:00+00:00,2026-08-30 08:20:00+00:00,2122.0,2122.0,2120.0,2121.0,2942
2026-08-30 11:20:00,2026-08-30 08:20:00+00:00,2026-08-30 08:30:00+00:00,2121.0,2122.0,2120.0,2120.5,333
2026-08-30 11:30:00,2026-08-30 08:30:00+00:00,2026-08-30 08:40:00+00:00,2120.0,2121.0,2120.0,2120.5,459
2026-08-30 11:40:00,2026-08-30 08:40:00+00:00,2026-08-30 08:50:00+00:00,2121.0,2122.0,2120.0,2122.0,342
2026-08-30 11:50:00,2026-08-30 08:50:00+00:00,2026-08-30 09:00:00+00:00,2122.0,2122.0,2121.0,2121.5,237
2026-08-30 12:00:00,2026-08-30 09:00:00+00:00,2026-08-30 09:10:00+00:00,2122.0,2122.5,2122.0,2122.0,913
2026-08-30 12:10:00,2026-08-30 09:10:00+00:00,2026-08-30 09:20:00+00:00,2122.5,2123.0,2122.0,2122.5,1078
2026-08-30 12:20:00,2026-08-30 09:20:00+00:00,2026-08-30 09:30:00+00:00,2122.5,2123.0,2122.0,2122.5,640
2026-08-30 12:30:00,2026-08-30 09:30:00+00:00,2026-08-30 09:40:00+00:00,2122.0,2126.0,2122.0,2124.5,4826
2026-08-30 12:40:00,2026-08-30 09:40:00+00:00,2026-08-30 09:50:00+00:00,2124.0,2127.0,2122.0,2125.0,7080
2026-08-30 12:50:00,2026-08-30 09:50:00+00:00,2026-08-30 10:00:00+00:00,2125.0,2125.0,2123.5,2124.0,502
2026-08-30 13:00:00,2026-08-30 10:00:00+00:00,2026-08-30 10:10:00+00:00,2124.5,2125.0,2124.0,2124.5,538
2026-08-30 13:10:00,2026-08-30 10:10:00+00:00,2026-08-30 10:20:00+00:00,2124.5,2125.0,2123.5,2124.0,1356
2026-08-30 13:20:00,2026-08-30 10:20:00+00:00,2026-08-30 10:30:00+00:00,2124.0,2124.5,2122.0,2123.0,2073
2026-08-30 13:30:00,2026-08-30 10:30:00+00:00,2026-08-30 10:40:00+00:00,2123.0,2123.5,2122.5,2123.5,405
2026-08-30 13:40:00,2026-08-30 10:40:00+00:00,2026-08-30 10:50:00+00:00,2123.5,2125.0,2123.5,2124.5,1061
2026-08-30 13:50:00,2026-08-30 10:50:00+00:00,2026-08-30 11:00:00+00:00,2124.0,2124.5,2123.5,2123.5,573
2026-08-30 14:00:00,2026-08-30 11:00:00+00:00,2026-08-30 11:10:00+00:00,2123.5,2124.5,2123.5,2124.0,480
2026-08-30 14:10:00,2026-08-30 11:10:00+00:00,2026-08-30 11:20:00+00:00,2124.0,2124.0,2123.0,2124.0,387
2026-08-30 14:20:00,2026-08-30 11:20:00+00:00,2026-08-30 11:30:00+00:00,2123.5,2125.0,2123.5,2124.5,617
2026-08-30 14:30:00,2026-08-30 11:30:00+00:00,2026-08-30 11:40:00+00:00,2124.5,2125.0,2124.0,2124.5,456
2026-08-30 14:40:00,2026-08-30 11:40:00+00:00,2026-08-30 11:50:00+00:00,2124.5,2125.5,2124.0,2124.5,976
2026-08-30 14:50:00,2026-08-30 11:50:00+00:00,2026-08-30 12:00:00+00:00,2125.0,2125.0,2124.5,2125.0,221
2026-08-30 15:00:00,2026-08-30 12:00:00+00:00,2026-08-30 12:10:00+00:00,2125.0,2126.0,2125.0,2126.0,579
2026-08-30 15:10:00,2026-08-30 12:10:00+00:00,2026-08-30 12:20:00+00:00,2126.0,2126.5,2124.5,2125.5,1364
2026-08-30 15:20:00,2026-08-30 12:20:00+00:00,2026-08-30 12:30:00+00:00,2125.5,2126.0,2125.0,2125.5,740
2026-08-30 15:30:00,2026-08-30 12:30:00+00:00,2026-08-30 12:40:00+00:00,2125.0,2125.5,2125.0,2125.5,112
2026-08-30 15:40:00,2026-08-30 12:40:00+00:00,2026-08-30 12:50:00+00:00,2125.0,2125.5,2124.5,2125.5,275
2026-08-30 15:50:00,2026-08-30 12:50:00+00:00,2026-08-30 13:00:00+00:00,2125.5,2126.0,2125.0,2126.0,590
2026-08-30 16:00:00,2026-08-30 13:00:00+00:00,2026-08-30 13:10:00+00:00,2126.0,2126.5,2125.5,2125.5,1054
2026-08-30 16:10:00,2026-08-30 13:10:00+00:00,2026-08-30 13:20:00+00:00,2125.5,2127.0,2125.0,2125.5,1639
2026-08-30 16:20:00,2026-08-30 13:20:00+00:00,2026-08-30 13:30:00+00:00,2126.0,2126.0,2125.5,2126.0,632
2026-08-30 16:30:00,2026-08-30 13:30:00+00:00,2026-08-30 13:40:00+00:00,2125.5,2127.0,2125.5,2126.0,1907
2026-08-30 16:40:00,2026-08-30 13:40:00+00:00,2026-08-30 13:50:00+00:00,2126.0,2127.5,2126.0,2126.5,489
2026-08-30 16:50:00,2026-08-30 13:50:00+00:00,2026-08-30 14:00:00+00:00,2126.5,2127.5,2126.5,2127.0,1224
2026-08-30 17:00:00,2026-08-30 14:00:00+00:00,2026-08-30 14:10:00+00:00,2127.0,2127.5,2127.0,2127.0,668
2026-08-30 17:10:00,2026-08-30 14:10:00+00:00,2026-08-30 14:20:00+00:00,2127.0,2127.5,2126.5,2126.5,1634
2026-08-30 17:20:00,2026-08-30 14:20:00+00:00,2026-08-30 14:30:00+00:00,2126.5,2127.5,2126.0,2126.5,570
2026-08-30 17:30:00,2026-08-30 14:30:00+00:00,2026-08-30 14:40:00+00:00,2127.0,2128.0,2126.0,2126.0,2347
2026-08-30 17:40:00,2026-08-30 14:40:00+00:00,2026-08-30 14:50:00+00:00,2126.5,2127.5,2125.5,2127.5,1151
2026-08-30 17:50:00,2026-08-30 14:50:00+00:00,2026-08-30 15:00:00+00:00,2127.0,2127.5,2126.0,2127.0,511
2026-08-30 18:00:00,2026-08-30 15:00:00+00:00,2026-08-30 15:10:00+00:00,2126.0,2127.0,2126.0,2126.5,495
2026-08-30 18:10:00,2026-08-30 15:10:00+00:00,2026-08-30 15:20:00+00:00,2126.5,2126.5,2126.0,2126.0,153
2026-08-30 18:20:00,2026-08-30 15:20:00+00:00,2026-08-30 15:30:00+00:00,2126.0,2127.0,2125.5,2125.5,1427
2026-08-30 18:30:00,2026-08-30 15:30:00+00:00,2026-08-30 15:40:00+00:00,2125.5,2126.5,2125.0,2126.0,810
2026-08-30 18:40:00,2026-08-30 15:40:00+00:00,2026-08-30 15:50:00+00:00,2126.0,2126.5,2125.5,2126.0,806
2026-08-30 18:50:00,2026-08-30 15:50:00+00:00,2026-08-30 16:00:00+00:00,2126.0,2126.0,2125.0,2125.0,1566
2026-08-31 06:50:00,2026-08-31 03:50:00+00:00,2026-08-31 04:00:00+00:00,2126.5,2126.5,2126.5,2126.5,226
2026-08-31 07:00:00,2026-08-31 04:00:00+00:00,2026-08-31 04:10:00+00:00,2126.5,2127.0,2117.0,2117.0,23422
2026-08-31 07:10:00,2026-08-31 04:10:00+00:00,2026-08-31 04:20:00+00:00,2117.5,2122.0,2116.0,2120.0,9688
2026-08-31 07:20:00,2026-08-31 04:20:00+00:00,2026-08-31 04:30:00+00:00,2120.0,2125.0,2119.5,2122.0,5791
2026-08-31 07:30:00,2026-08-31 04:30:00+00:00,2026-08-31 04:40:00+00:00,2122.5,2124.0,2121.0,2123.5,2930
2026-08-31 07:40:00,2026-08-31 04:40:00+00:00,2026-08-31 04:50:00+00:00,2123.5,2132.5,2123.5,2130.0,17889
2026-08-31 07:50:00,2026-08-31 04:50:00+00:00,2026-08-31 05:00:00+00:00,2130.5,2131.0,2128.0,2128.5,3735
2026-08-31 08:00:00,2026-08-31 05:00:00+00:00,2026-08-31 05:10:00+00:00,2129.0,2134.5,2128.5,2133.5,10295
2026-08-31 08:10:00,2026-08-31 05:10:00+00:00,2026-08-31 05:20:00+00:00,2133.5,2134.0,2132.0,2132.0,5536
2026-08-31 08:20:00,2026-08-31 05:20:00+00:00,2026-08-31 05:30:00+00:00,2132.0,2132.5,2129.0,2129.5,6564
2026-08-31 08:30:00,2026-08-31 05:30:00+00:00,2026-08-31 05:40:00+00:00,2129.0,2138.5,2129.0,2136.0,16653
2026-08-31 08:40:00,2026-08-31 05:40:00+00:00,2026-08-31 05:50:00+00:00,2136.5,2139.0,2135.5,2136.5,15165
2026-08-31 08:50:00,2026-08-31 05:50:00+00:00,2026-08-31 06:00:00+00:00,2137.0,2141.0,2136.0,2136.0,18577
2026-08-31 09:00:00,2026-08-31 06:00:00+00:00,2026-08-31 06:10:00+00:00,2136.5,2138.5,2133.0,2134.0,10340
2026-08-31 09:10:00,2026-08-31 06:10:00+00:00,2026-08-31 06:20:00+00:00,2134.0,2137.0,2131.0,2134.0,10440
2026-08-31 09:20:00,2026-08-31 06:20:00+00:00,2026-08-31 06:30:00+00:00,2133.5,2136.0,2132.0,2134.0,6330
2026-08-31 09:30:00,2026-08-31 06:30:00+00:00,2026-08-31 06:40:00+00:00,2133.5,2139.0,2131.5,2136.0,9968
2026-08-31 09:40:00,2026-08-31 06:40:00+00:00,2026-08-31 06:50:00+00:00,2136.5,2140.0,2136.0,2137.5,16147
2026-08-31 09:50:00,2026-08-31 06:50:00+00:00,2026-08-31 07:00:00+00:00,2137.5,2139.0,2135.5,2135.5,9803
2026-08-31 10:00:00,2026-08-31 07:00:00+00:00,2026-08-31 07:10:00+00:00,2136.5,2143.0,2133.5,2135.0,55326
2026-08-31 10:10:00,2026-08-31 07:10:00+00:00,2026-08-31 07:20:00+00:00,2135.0,2145.0,2135.0,2139.5,43038
2026-08-31 10:20:00,2026-08-31 07:20:00+00:00,2026-08-31 07:30:00+00:00,2140.0,2141.0,2135.5,2135.5,14832
2026-08-31 10:30:00,2026-08-31 07:30:00+00:00,2026-08-31 07:40:00+00:00,2136.5,2138.5,2130.5,2134.0,22977
2026-08-31 10:40:00,2026-08-31 07:40:00+00:00,2026-08-31 07:50:00+00:00,2133.0,2135.0,2130.5,2133.5,14050
2026-08-31 10:50:00,2026-08-31 07:50:00+00:00,2026-08-31 08:00:00+00:00,2133.5,2142.0,2133.5,2139.0,27616
2026-08-31 11:00:00,2026-08-31 08:00:00+00:00,2026-08-31 08:10:00+00:00,2139.0,2144.0,2137.5,2142.0,23484
2026-08-31 11:10:00,2026-08-31 08:10:00+00:00,2026-08-31 08:20:00+00:00,2142.0,2146.5,2139.5,2140.5,18951
2026-08-31 11:20:00,2026-08-31 08:20:00+00:00,2026-08-31 08:30:00+00:00,2140.5,2142.0,2138.5,2139.5,13874
2026-08-31 11:30:00,2026-08-31 08:30:00+00:00,2026-08-31 08:40:00+00:00,2139.5,2143.0,2139.0,2141.5,11105
2026-08-31 11:40:00,2026-08-31 08:40:00+00:00,2026-08-31 08:50:00+00:00,2142.0,2142.5,2135.5,2135.5,18753
2026-08-31 11:50:00,2026-08-31 08:50:00+00:00,2026-08-31 09:00:00+00:00,2136.0,2137.5,2132.0,2133.5,18878
2026-08-31 12:00:00,2026-08-31 09:00:00+00:00,2026-08-31 09:10:00+00:00,2134.0,2135.5,2132.5,2135.0,9012
2026-08-31 12:10:00,2026-08-31 09:10:00+00:00,2026-08-31 09:20:00+00:00,2135.0,2137.5,2134.5,2135.0,7957
2026-08-31 12:20:00,2026-08-31 09:20:00+00:00,2026-08-31 09:30:00+00:00,2135.0,2135.5,2131.0,2132.0,21068
2026-08-31 12:30:00,2026-08-31 09:30:00+00:00,2026-08-31 09:40:00+00:00,2132.0,2133.5,2125.5,2127.0,32418
2026-08-31 12:40:00,2026-08-31 09:40:00+00:00,2026-08-31 09:50:00+00:00,2127.0,2130.0,2126.0,2128.5,11626
2026-08-31 12:50:00,2026-08-31 09:50:00+00:00,2026-08-31 10:00:00+00:00,2128.5,2131.0,2126.0,2130.5,10956
2026-08-31 13:00:00,2026-08-31 10:00:00+00:00,2026-08-31 10:10:00+00:00,2130.5,2135.0,2129.5,2131.0,15918
2026-08-31 13:10:00,2026-08-31 10:10:00+00:00,2026-08-31 10:20:00+00:00,2131.0,2131.5,2123.0,2124.0,26667
2026-08-31 13:20:00,2026-08-31 10:20:00+00:00,2026-08-31 10:30:00+00:00,2124.0,2127.0,2123.0,2125.0,10121
2026-08-31 13:30:00,2026-08-31 10:30:00+00:00,2026-08-31 10:40:00+00:00,2125.0,2130.5,2125.0,2130.0,10222
2026-08-31 13:40:00,2026-08-31 10:40:00+00:00,2026-08-31 10:50:00+00:00,2129.0,2137.0,2129.0,2134.5,18786
2026-08-31 13:50:00,2026-08-31 10:50:00+00:00,2026-08-31 11:00:00+00:00,2135.0,2137.5,2132.0,2132.5,17151
2026-08-31 14:00:00,2026-08-31 11:00:00+00:00,2026-08-31 11:10:00+00:00,2133.0,2134.0,2128.0,2130.0,11095
2026-08-31 14:10:00,2026-08-31 11:10:00+00:00,2026-08-31 11:20:00+00:00,2130.0,2133.0,2130.0,2131.0,6371
2026-08-31 14:20:00,2026-08-31 11:20:00+00:00,2026-08-31 11:30:00+00:00,2131.0,2135.0,2131.0,2133.0,7460
2026-08-31 14:30:00,2026-08-31 11:30:00+00:00,2026-08-31 11:40:00+00:00,2132.5,2133.5,2128.0,2129.5,12621
2026-08-31 14:40:00,2026-08-31 11:40:00+00:00,2026-08-31 11:50:00+00:00,2128.5,2135.5,2128.5,2133.5,7490
2026-08-31 14:50:00,2026-08-31 11:50:00+00:00,2026-08-31 12:00:00+00:00,2133.5,2134.0,2132.0,2133.5,2910
2026-08-31 15:00:00,2026-08-31 12:00:00+00:00,2026-08-31 12:10:00+00:00,2133.5,2134.5,2128.5,2130.5,8852
2026-08-31 15:10:00,2026-08-31 12:10:00+00:00,2026-08-31 12:20:00+00:00,2130.5,2132.0,2128.5,2130.0,7708
2026-08-31 15:20:00,2026-08-31 12:20:00+00:00,2026-08-31 12:30:00+00:00,2130.0,2132.5,2129.0,2129.5,3688
2026-08-31 15:30:00,2026-08-31 12:30:00+00:00,2026-08-31 12:40:00+00:00,2129.5,2133.0,2128.0,2133.0,7299
2026-08-31 15:40:00,2026-08-31 12:40:00+00:00,2026-08-31 12:50:00+00:00,2132.0,2136.5,2130.5,2133.5,12671
2026-08-31 15:50:00,2026-08-31 12:50:00+00:00,2026-08-31 13:00:00+00:00,2134.0,2137.0,2132.0,2132.5,10695
2026-08-31 16:00:00,2026-08-31 13:00:00+00:00,2026-08-31 13:10:00+00:00,2132.0,2134.0,2129.5,2132.0,7555
2026-08-31 16:10:00,2026-08-31 13:10:00+00:00,2026-08-31 13:20:00+00:00,2131.5,2136.0,2131.0,2132.0,7113
2026-08-31 16:20:00,2026-08-31 13:20:00+00:00,2026-08-31 13:30:00+00:00,2131.5,2132.0,2128.5,2130.0,11702
2026-08-31 16:30:00,2026-08-31 13:30:00+00:00,2026-08-31 13:40:00+00:00,2129.5,2132.5,2127.0,2132.0,16153
2026-08-31 16:40:00,2026-08-31 13:40:00+00:00,2026-08-31 13:50:00+00:00,2131.5,2135.0,2129.5,2133.0,11770
2026-08-31 16:50:00,2026-08-31 13:50:00+00:00,2026-08-31 14:00:00+00:00,2133.0,2134.0,2132.0,2132.5,4052
2026-08-31 17:00:00,2026-08-31 14:00:00+00:00,2026-08-31 14:10:00+00:00,2133.0,2134.0,2129.5,2130.0,7332
2026-08-31 17:10:00,2026-08-31 14:10:00+00:00,2026-08-31 14:20:00+00:00,2130.0,2135.0,2130.0,2133.0,6854
2026-08-31 17:20:00,2026-08-31 14:20:00+00:00,2026-08-31 14:30:00+00:00,2132.5,2134.5,2129.5,2132.0,6559
2026-08-31 17:30:00,2026-08-31 14:30:00+00:00,2026-08-31 14:40:00+00:00,2132.0,2133.0,2129.0,2130.5,6240
2026-08-31 17:40:00,2026-08-31 14:40:00+00:00,2026-08-31 14:50:00+00:00,2130.5,2132.0,2127.5,2130.5,10292
2026-08-31 17:50:00,2026-08-31 14:50:00+00:00,2026-08-31 15:00:00+00:00,2130.0,2144.5,2129.0,2140.0,57426
2026-08-31 18:00:00,2026-08-31 15:00:00+00:00,2026-08-31 15:10:00+00:00,2140.0,2148.5,2133.5,2147.5,72361
2026-08-31 18:10:00,2026-08-31 15:10:00+00:00,2026-08-31 15:20:00+00:00,2147.5,2177.5,2147.0,2171.0,254594
2026-08-31 18:20:00,2026-08-31 15:20:00+00:00,2026-08-31 15:30:00+00:00,2171.5,2188.5,2162.5,2170.5,179118
2026-08-31 18:30:00,2026-08-31 15:30:00+00:00,2026-08-31 15:40:00+00:00,2170.0,2174.5,2165.0,2174.5,62287
2026-08-31 18:40:00,2026-08-31 15:40:00+00:00,2026-08-31 15:50:00+00:00,2173.5,2192.0,2173.5,2183.5,174444
2026-08-31 18:50:00,2026-08-31 15:50:00+00:00,2026-08-31 16:00:00+00:00,2184.5,2185.0,2177.5,2178.5,62363
2026-08-31 19:00:00,2026-08-31 16:00:00+00:00,2026-08-31 16:10:00+00:00,2178.5,2181.0,2170.0,2170.0,47380
2026-08-31 19:10:00,2026-08-31 16:10:00+00:00,2026-08-31 16:20:00+00:00,2170.0,2175.0,2168.0,2173.0,33765
2026-08-31 19:20:00,2026-08-31 16:20:00+00:00,2026-08-31 16:30:00+00:00,2173.0,2176.5,2169.5,2171.5,24809
2026-08-31 19:30:00,2026-08-31 16:30:00+00:00,2026-08-31 16:40:00+00:00,2171.5,2178.5,2171.0,2176.0,28741
2026-08-31 19:40:00,2026-08-31 16:40:00+00:00,2026-08-31 16:50:00+00:00,2176.0,2176.0,2173.0,2174.0,6206
2026-08-31 19:50:00,2026-08-31 16:50:00+00:00,2026-08-31 17:00:00+00:00,2174.0,2176.0,2165.5,2167.0,30822
2026-08-31 20:00:00,2026-08-31 17:00:00+00:00,2026-08-31 17:10:00+00:00,2167.5,2172.0,2166.5,2169.5,11996
2026-08-31 20:10:00,2026-08-31 17:10:00+00:00,2026-08-31 17:20:00+00:00,2169.5,2172.0,2169.0,2171.5,4990
2026-08-31 20:20:00,2026-08-31 17:20:00+00:00,2026-08-31 17:30:00+00:00,2171.5,2173.5,2169.0,2172.5,7921
2026-08-31 20:30:00,2026-08-31 17:30:00+00:00,2026-08-31 17:40:00+00:00,2172.5,2173.0,2171.0,2173.0,3222
2026-08-31 20:40:00,2026-08-31 17:40:00+00:00,2026-08-31 17:50:00+00:00,2172.5,2175.5,2172.0,2174.5,11262
2026-08-31 20:50:00,2026-08-31 17:50:00+00:00,2026-08-31 18:00:00+00:00,2174.5,2175.0,2172.5,2174.5,4706
2026-08-31 21:00:00,2026-08-31 18:00:00+00:00,2026-08-31 18:10:00+00:00,2174.5,2175.5,2172.0,2174.0,5903
2026-08-31 21:10:00,2026-08-31 18:10:00+00:00,2026-08-31 18:20:00+00:00,2173.5,2174.0,2170.5,2170.5,6259
2026-08-31 21:20:00,2026-08-31 18:20:00+00:00,2026-08-31 18:30:00+00:00,2171.0,2172.0,2170.5,2171.0,4552
2026-08-31 21:30:00,2026-08-31 18:30:00+00:00,2026-08-31 18:40:00+00:00,2172.0,2173.0,2171.5,2172.0,2526
2026-08-31 21:40:00,2026-08-31 18:40:00+00:00,2026-08-31 18:50:00+00:00,2171.5,2174.5,2171.5,2172.5,5448
2026-08-31 21:50:00,2026-08-31 18:50:00+00:00,2026-08-31 19:00:00+00:00,2172.5,2174.5,2171.5,2173.5,2072
2026-08-31 22:00:00,2026-08-31 19:00:00+00:00,2026-08-31 19:10:00+00:00,2174.0,2174.5,2172.5,2174.0,3591
2026-08-31 22:10:00,2026-08-31 19:10:00+00:00,2026-08-31 19:20:00+00:00,2174.0,2175.0,2173.0,2174.5,2930
2026-08-31 22:20:00,2026-08-31 19:20:00+00:00,2026-08-31 19:30:00+00:00,2174.0,2176.5,2172.5,2172.5,7036
2026-08-31 22:30:00,2026-08-31 19:30:00+00:00,2026-08-31 19:40:00+00:00,2172.5,2175.5,2172.0,2175.0,3438
2026-08-31 22:40:00,2026-08-31 19:40:00+00:00,2026-08-31 19:50:00+00:00,2175.0,2175.0,2173.5,2174.0,1775
2026-08-31 22:50:00,2026-08-31 19:50:00+00:00,2026-08-31 20:00:00+00:00,2173.5,2175.5,2173.5,2175.0,2337
2026-08-31 23:00:00,2026-08-31 20:00:00+00:00,2026-08-31 20:10:00+00:00,2175.0,2176.0,2172.0,2176.0,8993
2026-08-31 23:10:00,2026-08-31 20:10:00+00:00,2026-08-31 20:20:00+00:00,2175.5,2178.0,2174.5,2176.0,8764
2026-08-31 23:20:00,2026-08-31 20:20:00+00:00,2026-08-31 20:30:00+00:00,2176.5,2178.0,2174.0,2176.5,12108
2026-08-31 23:30:00,2026-08-31 20:30:00+00:00,2026-08-31 20:40:00+00:00,2176.5,2181.0,2176.5,2181.0,7645
2026-08-31 23:40:00,2026-08-31 20:40:00+00:00,2026-08-31 20:50:00+00:00,2180.0,2185.0,2179.5,2184.0,15254
2026-09-01 06:50:00,2026-09-01 03:50:00+00:00,2026-09-01 04:00:00+00:00,2170.5,2170.5,2170.5,2170.5,2114
2026-09-01 07:00:00,2026-09-01 04:00:00+00:00,2026-09-01 04:10:00+00:00,2175.0,2181.5,2172.0,2177.0,23996
2026-09-01 07:10:00,2026-09-01 04:10:00+00:00,2026-09-01 04:20:00+00:00,2177.5,2179.0,2174.0,2174.5,8880
2026-09-01 07:20:00,2026-09-01 04:20:00+00:00,2026-09-01 04:30:00+00:00,2174.5,2176.5,2171.0,2171.5,12825
2026-09-01 07:30:00,2026-09-01 04:30:00+00:00,2026-09-01 04:40:00+00:00,2171.5,2171.5,2158.5,2165.0,46861
2026-09-01 07:40:00,2026-09-01 04:40:00+00:00,2026-09-01 04:50:00+00:00,2165.0,2167.0,2164.0,2165.5,10028
2026-09-01 07:50:00,2026-09-01 04:50:00+00:00,2026-09-01 05:00:00+00:00,2166.0,2172.0,2165.0,2171.0,11569
2026-09-01 08:00:00,2026-09-01 05:00:00+00:00,2026-09-01 05:10:00+00:00,2171.0,2174.0,2167.5,2167.5,14034
2026-09-01 08:10:00,2026-09-01 05:10:00+00:00,2026-09-01 05:20:00+00:00,2168.0,2169.5,2167.5,2169.0,3364
2026-09-01 08:20:00,2026-09-01 05:20:00+00:00,2026-09-01 05:30:00+00:00,2169.0,2171.5,2169.0,2170.5,4021
2026-09-01 08:30:00,2026-09-01 05:30:00+00:00,2026-09-01 05:40:00+00:00,2170.5,2172.5,2170.0,2171.5,4956
2026-09-01 08:40:00,2026-09-01 05:40:00+00:00,2026-09-01 05:50:00+00:00,2171.5,2171.5,2167.5,2169.0,5936
2026-09-01 08:50:00,2026-09-01 05:50:00+00:00,2026-09-01 06:00:00+00:00,2169.0,2171.0,2169.0,2169.0,3561
2026-09-01 09:00:00,2026-09-01 06:00:00+00:00,2026-09-01 06:10:00+00:00,2169.5,2172.0,2167.0,2168.0,10009
2026-09-01 09:10:00,2026-09-01 06:10:00+00:00,2026-09-01 06:20:00+00:00,2168.0,2171.0,2167.5,2170.5,4678
2026-09-01 09:20:00,2026-09-01 06:20:00+00:00,2026-09-01 06:30:00+00:00,2170.5,2173.5,2169.5,2172.5,6475
2026-09-01 09:30:00,2026-09-01 06:30:00+00:00,2026-09-01 06:40:00+00:00,2173.0,2180.5,2173.0,2175.0,27977
2026-09-01 09:40:00,2026-09-01 06:40:00+00:00,2026-09-01 06:50:00+00:00,2175.0,2178.5,2174.5,2175.5,9697
2026-09-01 09:50:00,2026-09-01 06:50:00+00:00,2026-09-01 07:00:00+00:00,2175.5,2176.0,2171.0,2173.0,8085
2026-09-01 10:00:00,2026-09-01 07:00:00+00:00,2026-09-01 07:10:00+00:00,2172.0,2177.5,2170.5,2174.5,16695
2026-09-01 10:10:00,2026-09-01 07:10:00+00:00,2026-09-01 07:20:00+00:00,2175.0,2177.0,2168.0,2176.5,19625
2026-09-01 10:20:00,2026-09-01 07:20:00+00:00,2026-09-01 07:30:00+00:00,2177.0,2188.5,2174.0,2183.5,76162
2026-09-01 10:30:00,2026-09-01 07:30:00+00:00,2026-09-01 07:40:00+00:00,2183.5,2184.0,2177.5,2179.5,43672
2026-09-01 10:40:00,2026-09-01 07:40:00+00:00,2026-09-01 07:50:00+00:00,2179.5,2181.0,2172.0,2174.0,34449
2026-09-01 10:50:00,2026-09-01 07:50:00+00:00,2026-09-01 08:00:00+00:00,2173.5,2179.5,2172.5,2179.0,16810
2026-09-01 11:00:00,2026-09-01 08:00:00+00:00,2026-09-01 08:10:00+00:00,2179.0,2186.0,2179.0,2183.0,36139
2026-09-01 11:10:00,2026-09-01 08:10:00+00:00,2026-09-01 08:20:00+00:00,2183.0,2188.0,2181.0,2185.5,24846
2026-09-01 11:20:00,2026-09-01 08:20:00+00:00,2026-09-01 08:30:00+00:00,2186.0,2191.0,2183.0,2190.0,29201
2026-09-01 11:30:00,2026-09-01 08:30:00+00:00,2026-09-01 08:40:00+00:00,2189.5,2190.0,2182.5,2185.0,22750
2026-09-01 11:40:00,2026-09-01 08:40:00+00:00,2026-09-01 08:50:00+00:00,2185.0,2186.0,2182.0,2183.0,7089
2026-09-01 11:50:00,2026-09-01 08:50:00+00:00,2026-09-01 09:00:00+00:00,2183.0,2184.5,2180.5,2182.0,8651
2026-09-01 12:00:00,2026-09-01 09:00:00+00:00,2026-09-01 09:10:00+00:00,2182.0,2188.5,2182.0,2184.0,18512
2026-09-01 12:10:00,2026-09-01 09:10:00+00:00,2026-09-01 09:20:00+00:00,2184.0,2185.5,2181.5,2185.0,5746
2026-09-01 12:20:00,2026-09-01 09:20:00+00:00,2026-09-01 09:30:00+00:00,2185.0,2185.5,2182.5,2184.5,3803
2026-09-01 12:30:00,2026-09-01 09:30:00+00:00,2026-09-01 09:40:00+00:00,2184.5,2188.0,2180.5,2186.0,10250
2026-09-01 12:40:00,2026-09-01 09:40:00+00:00,2026-09-01 09:50:00+00:00,2186.0,2189.5,2184.5,2187.5,13421
2026-09-01 12:50:00,2026-09-01 09:50:00+00:00,2026-09-01 10:00:00+00:00,2187.0,2196.0,2186.0,2194.5,62359
2026-09-01 13:00:00,2026-09-01 10:00:00+00:00,2026-09-01 10:10:00+00:00,2194.0,2195.5,2185.5,2188.0,38858
2026-09-01 13:10:00,2026-09-01 10:10:00+00:00,2026-09-01 10:20:00+00:00,2188.0,2205.5,2186.0,2199.5,140909
2026-09-01 13:20:00,2026-09-01 10:20:00+00:00,2026-09-01 10:30:00+00:00,2199.0,2205.5,2196.0,2199.0,64165
2026-09-01 13:30:00,2026-09-01 10:30:00+00:00,2026-09-01 10:40:00+00:00,2198.5,2201.0,2196.5,2198.0,21341
2026-09-01 13:40:00,2026-09-01 10:40:00+00:00,2026-09-01 10:50:00+00:00,2198.5,2202.5,2196.0,2202.0,21177
2026-09-01 13:50:00,2026-09-01 10:50:00+00:00,2026-09-01 11:00:00+00:00,2202.0,2206.5,2201.5,2204.5,53852
2026-09-01 14:00:00,2026-09-01 11:00:00+00:00,2026-09-01 11:10:00+00:00,2205.5,2206.0,2200.0,2202.0,30762
2026-09-01 14:10:00,2026-09-01 11:10:00+00:00,2026-09-01 11:20:00+00:00,2201.5,2202.0,2199.0,2200.0,13722
2026-09-01 14:20:00,2026-09-01 11:20:00+00:00,2026-09-01 11:30:00+00:00,2200.5,2201.5,2198.5,2200.0,11314
2026-09-01 14:30:00,2026-09-01 11:30:00+00:00,2026-09-01 11:40:00+00:00,2200.5,2200.5,2191.5,2192.5,31378
2026-09-01 14:40:00,2026-09-01 11:40:00+00:00,2026-09-01 11:50:00+00:00,2192.5,2199.0,2192.5,2198.5,16538
2026-09-01 14:50:00,2026-09-01 11:50:00+00:00,2026-09-01 12:00:00+00:00,2198.5,2199.5,2195.0,2198.0,7422
2026-09-01 15:00:00,2026-09-01 12:00:00+00:00,2026-09-01 12:10:00+00:00,2197.5,2198.5,2195.0,2197.0,6675
2026-09-01 15:10:00,2026-09-01 12:10:00+00:00,2026-09-01 12:20:00+00:00,2196.0,2197.0,2179.5,2184.0,105521
2026-09-01 15:20:00,2026-09-01 12:20:00+00:00,2026-09-01 12:30:00+00:00,2184.5,2188.0,2182.5,2186.0,22896
2026-09-01 15:30:00,2026-09-01 12:30:00+00:00,2026-09-01 12:40:00+00:00,2187.0,2189.5,2184.0,2186.0,10912
2026-09-01 15:40:00,2026-09-01 12:40:00+00:00,2026-09-01 12:50:00+00:00,2185.5,2188.5,2175.0,2178.0,36086
2026-09-01 15:50:00,2026-09-01 12:50:00+00:00,2026-09-01 13:00:00+00:00,2178.5,2185.5,2177.5,2182.5,24972
2026-09-01 16:00:00,2026-09-01 13:00:00+00:00,2026-09-01 13:10:00+00:00,2182.5,2183.0,2176.5,2179.5,31655
2026-09-01 16:10:00,2026-09-01 13:10:00+00:00,2026-09-01 13:20:00+00:00,2180.0,2184.5,2179.5,2184.0,16242
2026-09-01 16:20:00,2026-09-01 13:20:00+00:00,2026-09-01 13:30:00+00:00,2184.0,2186.0,2181.0,2185.0,13254
2026-09-01 16:30:00,2026-09-01 13:30:00+00:00,2026-09-01 13:40:00+00:00,2185.0,2187.5,2183.0,2186.0,14621
2026-09-01 16:40:00,2026-09-01 13:40:00+00:00,2026-09-01 13:50:00+00:00,2186.5,2189.5,2184.0,2185.0,16890
2026-09-01 16:50:00,2026-09-01 13:50:00+00:00,2026-09-01 14:00:00+00:00,2186.0,2191.5,2185.0,2188.0,12321
2026-09-01 17:00:00,2026-09-01 14:00:00+00:00,2026-09-01 14:10:00+00:00,2188.5,2195.5,2187.0,2192.5,36519
2026-09-01 17:10:00,2026-09-01 14:10:00+00:00,2026-09-01 14:20:00+00:00,2193.0,2193.0,2187.5,2188.0,13013
2026-09-01 17:20:00,2026-09-01 14:20:00+00:00,2026-09-01 14:30:00+00:00,2187.5,2188.5,2182.5,2185.0,17328
2026-09-01 17:30:00,2026-09-01 14:30:00+00:00,2026-09-01 14:40:00+00:00,2185.0,2188.0,2183.0,2187.5,9434
2026-09-01 17:40:00,2026-09-01 14:40:00+00:00,2026-09-01 14:50:00+00:00,2187.0,2189.0,2186.0,2189.0,4768
2026-09-01 17:50:00,2026-09-01 14:50:00+00:00,2026-09-01 15:00:00+00:00,2188.5,2189.0,2186.0,2187.5,5524
2026-09-01 18:00:00,2026-09-01 15:00:00+00:00,2026-09-01 15:10:00+00:00,2187.5,2193.0,2186.5,2192.5,13650
2026-09-01 18:10:00,2026-09-01 15:10:00+00:00,2026-09-01 15:20:00+00:00,2193.0,2193.0,2189.5,2190.0,8560
2026-09-01 18:20:00,2026-09-01 15:20:00+00:00,2026-09-01 15:30:00+00:00,2190.5,2192.5,2186.5,2188.0,5781
2026-09-01 18:30:00,2026-09-01 15:30:00+00:00,2026-09-01 15:40:00+00:00,2188.0,2193.0,2187.0,2190.0,6512
2026-09-01 18:40:00,2026-09-01 15:40:00+00:00,2026-09-01 15:50:00+00:00,2190.0,2191.0,2186.5,2187.0,6392
2026-09-01 18:50:00,2026-09-01 15:50:00+00:00,2026-09-01 16:00:00+00:00,2187.0,2189.5,2183.0,2185.0,24018
2026-09-01 19:00:00,2026-09-01 16:00:00+00:00,2026-09-01 16:10:00+00:00,2185.0,2186.0,2178.0,2179.0,26709
2026-09-01 19:10:00,2026-09-01 16:10:00+00:00,2026-09-01 16:20:00+00:00,2178.5,2183.0,2178.0,2183.0,15072
2026-09-01 19:20:00,2026-09-01 16:20:00+00:00,2026-09-01 16:30:00+00:00,2183.0,2186.0,2182.0,2184.5,11099
2026-09-01 19:30:00,2026-09-01 16:30:00+00:00,2026-09-01 16:40:00+00:00,2184.5,2184.5,2180.5,2180.5,4974
2026-09-01 19:40:00,2026-09-01 16:40:00+00:00,2026-09-01 16:50:00+00:00,2180.5,2190.0,2180.5,2185.5,19997
2026-09-01 19:50:00,2026-09-01 16:50:00+00:00,2026-09-01 17:00:00+00:00,2186.0,2189.5,2185.5,2187.0,13018
2026-09-01 20:00:00,2026-09-01 17:00:00+00:00,2026-09-01 17:10:00+00:00,2187.0,2189.0,2185.5,2185.5,8974
2026-09-01 20:10:00,2026-09-01 17:10:00+00:00,2026-09-01 17:20:00+00:00,2185.5,2197.0,2185.0,2193.5,34311
2026-09-01 20:20:00,2026-09-01 17:20:00+00:00,2026-09-01 17:30:00+00:00,2193.0,2194.0,2188.5,2192.5,7481
2026-09-01 20:30:00,2026-09-01 17:30:00+00:00,2026-09-01 17:40:00+00:00,2192.0,2193.5,2190.0,2192.5,8721
2026-09-01 20:40:00,2026-09-01 17:40:00+00:00,2026-09-01 17:50:00+00:00,2193.0,2193.0,2181.0,2182.5,31299
2026-09-01 20:50:00,2026-09-01 17:50:00+00:00,2026-09-01 18:00:00+00:00,2182.5,2182.5,2169.0,2175.0,101041
2026-09-01 21:00:00,2026-09-01 18:00:00+00:00,2026-09-01 18:10:00+00:00,2174.5,2177.5,2173.0,2176.0,15802
2026-09-01 21:10:00,2026-09-01 18:10:00+00:00,2026-09-01 18:20:00+00:00,2176.0,2178.5,2162.5,2163.5,46980
2026-09-01 21:20:00,2026-09-01 18:20:00+00:00,2026-09-01 18:30:00+00:00,2163.5,2165.5,2152.5,2154.5,100148
2026-09-01 21:30:00,2026-09-01 18:30:00+00:00,2026-09-01 18:40:00+00:00,2154.0,2160.0,2153.0,2159.0,42143
2026-09-01 21:40:00,2026-09-01 18:40:00+00:00,2026-09-01 18:50:00+00:00,2159.0,2161.0,2157.5,2158.5,20192
2026-09-01 21:50:00,2026-09-01 18:50:00+00:00,2026-09-01 19:00:00+00:00,2158.0,2162.0,2157.5,2159.5,16330
2026-09-01 22:00:00,2026-09-01 19:00:00+00:00,2026-09-01 19:10:00+00:00,2159.0,2160.0,2154.5,2156.0,11952
2026-09-01 22:10:00,2026-09-01 19:10:00+00:00,2026-09-01 19:20:00+00:00,2155.5,2156.0,2151.0,2152.0,27348
2026-09-01 22:20:00,2026-09-01 19:20:00+00:00,2026-09-01 19:30:00+00:00,2152.0,2154.0,2148.5,2153.0,23110
2026-09-01 22:30:00,2026-09-01 19:30:00+00:00,2026-09-01 19:40:00+00:00,2152.5,2155.5,2149.5,2154.0,12011
2026-09-01 22:40:00,2026-09-01 19:40:00+00:00,2026-09-01 19:50:00+00:00,2154.0,2156.5,2154.0,2155.5,5864
2026-09-01 22:50:00,2026-09-01 19:50:00+00:00,2026-09-01 20:00:00+00:00,2156.5,2163.5,2155.0,2159.5,29445
2026-09-01 23:00:00,2026-09-01 20:00:00+00:00,2026-09-01 20:10:00+00:00,2159.0,2164.5,2154.5,2155.5,24685
2026-09-01 23:10:00,2026-09-01 20:10:00+00:00,2026-09-01 20:20:00+00:00,2155.5,2155.5,2151.0,2151.0,23108
2026-09-01 23:20:00,2026-09-01 20:20:00+00:00,2026-09-01 20:30:00+00:00,2151.0,2151.0,2143.5,2147.0,41168
2026-09-01 23:30:00,2026-09-01 20:30:00+00:00,2026-09-01 20:40:00+00:00,2147.0,2153.0,2146.5,2151.5,16870
2026-09-01 23:40:00,2026-09-01 20:40:00+00:00,2026-09-01 20:50:00+00:00,2152.0,2166.0,2151.0,2154.5,49107
2026-09-02 06:50:00,2026-09-02 03:50:00+00:00,2026-09-02 04:00:00+00:00,2154.0,2154.0,2154.0,2154.0,255
2026-09-02 07:00:00,2026-09-02 04:00:00+00:00,2026-09-02 04:10:00+00:00,2154.5,2168.0,2153.0,2168.0,23204
2026-09-02 07:10:00,2026-09-02 04:10:00+00:00,2026-09-02 04:20:00+00:00,2167.5,2175.5,2166.0,2170.5,33278
2026-09-02 07:20:00,2026-09-02 04:20:00+00:00,2026-09-02 04:30:00+00:00,2171.0,2173.5,2170.0,2172.0,11692
2026-09-02 07:30:00,2026-09-02 04:30:00+00:00,2026-09-02 04:40:00+00:00,2171.5,2177.5,2171.0,2174.5,16053
2026-09-02 07:40:00,2026-09-02 04:40:00+00:00,2026-09-02 04:50:00+00:00,2174.5,2175.5,2171.0,2173.0,10125
2026-09-02 07:50:00,2026-09-02 04:50:00+00:00,2026-09-02 05:00:00+00:00,2173.0,2176.0,2172.0,2176.0,9833
2026-09-02 08:00:00,2026-09-02 05:00:00+00:00,2026-09-02 05:10:00+00:00,2176.0,2177.5,2173.5,2175.5,8399
2026-09-02 08:10:00,2026-09-02 05:10:00+00:00,2026-09-02 05:20:00+00:00,2175.5,2180.5,2175.5,2177.0,20040
2026-09-02 08:20:00,2026-09-02 05:20:00+00:00,2026-09-02 05:30:00+00:00,2177.0,2184.5,2177.0,2180.5,30717
2026-09-02 08:30:00,2026-09-02 05:30:00+00:00,2026-09-02 05:40:00+00:00,2179.5,2182.0,2178.0,2178.0,8268
2026-09-02 08:40:00,2026-09-02 05:40:00+00:00,2026-09-02 05:50:00+00:00,2178.0,2184.0,2175.0,2175.0,19594
2026-09-02 08:50:00,2026-09-02 05:50:00+00:00,2026-09-02 06:00:00+00:00,2175.0,2177.5,2174.0,2174.0,9201
2026-09-02 09:00:00,2026-09-02 06:00:00+00:00,2026-09-02 06:10:00+00:00,2174.0,2177.0,2172.5,2176.0,18122
2026-09-02 09:10:00,2026-09-02 06:10:00+00:00,2026-09-02 06:20:00+00:00,2176.0,2179.0,2174.5,2176.0,7183
2026-09-02 09:20:00,2026-09-02 06:20:00+00:00,2026-09-02 06:30:00+00:00,2175.0,2179.5,2173.5,2178.0,7565
2026-09-02 09:30:00,2026-09-02 06:30:00+00:00,2026-09-02 06:40:00+00:00,2177.0,2177.5,2173.0,2173.5,5042
2026-09-02 09:40:00,2026-09-02 06:40:00+00:00,2026-09-02 06:50:00+00:00,2173.5,2177.0,2173.0,2174.5,8249
2026-09-02 09:50:00,2026-09-02 06:50:00+00:00,2026-09-02 07:00:00+00:00,2175.0,2177.0,2168.5,2171.5,18746
2026-09-02 10:00:00,2026-09-02 07:00:00+00:00,2026-09-02 07:10:00+00:00,2171.0,2175.5,2168.0,2168.0,40761
2026-09-02 10:10:00,2026-09-02 07:10:00+00:00,2026-09-02 07:20:00+00:00,2168.0,2175.5,2166.5,2175.5,22224
2026-09-02 10:20:00,2026-09-02 07:20:00+00:00,2026-09-02 07:30:00+00:00,2175.5,2178.5,2172.5,2172.5,13760
2026-09-02 10:30:00,2026-09-02 07:30:00+00:00,2026-09-02 07:40:00+00:00,2173.0,2178.5,2172.0,2173.0,10668
2026-09-02 10:40:00,2026-09-02 07:40:00+00:00,2026-09-02 07:50:00+00:00,2172.0,2174.5,2170.0,2171.0,7637
2026-09-02 10:50:00,2026-09-02 07:50:00+00:00,2026-09-02 08:00:00+00:00,2170.5,2172.5,2169.0,2170.0,9108
2026-09-02 11:00:00,2026-09-02 08:00:00+00:00,2026-09-02 08:10:00+00:00,2170.5,2176.5,2168.5,2175.0,19567
2026-09-02 11:10:00,2026-09-02 08:10:00+00:00,2026-09-02 08:20:00+00:00,2175.0,2176.0,2172.0,2175.0,8269
2026-09-02 11:20:00,2026-09-02 08:20:00+00:00,2026-09-02 08:30:00+00:00,2175.0,2177.0,2168.0,2170.5,13048
2026-09-02 11:30:00,2026-09-02 08:30:00+00:00,2026-09-02 08:40:00+00:00,2171.0,2175.0,2167.0,2168.0,17170
2026-09-02 11:40:00,2026-09-02 08:40:00+00:00,2026-09-02 08:50:00+00:00,2168.5,2171.0,2166.5,2169.5,9907
2026-09-02 11:50:00,2026-09-02 08:50:00+00:00,2026-09-02 09:00:00+00:00,2169.0,2170.5,2163.0,2165.0,22194
2026-09-02 12:00:00,2026-09-02 09:00:00+00:00,2026-09-02 09:10:00+00:00,2164.5,2166.0,2162.0,2163.5,15805
2026-09-02 12:10:00,2026-09-02 09:10:00+00:00,2026-09-02 09:20:00+00:00,2162.5,2169.5,2162.5,2168.0,17871
2026-09-02 12:20:00,2026-09-02 09:20:00+00:00,2026-09-02 09:30:00+00:00,2168.0,2173.0,2167.0,2170.0,26084
2026-09-02 12:30:00,2026-09-02 09:30:00+00:00,2026-09-02 09:40:00+00:00,2170.0,2170.0,2165.0,2166.0,8178
2026-09-02 12:40:00,2026-09-02 09:40:00+00:00,2026-09-02 09:50:00+00:00,2166.0,2171.5,2166.0,2169.0,11302
2026-09-02 12:50:00,2026-09-02 09:50:00+00:00,2026-09-02 10:00:00+00:00,2169.5,2172.0,2168.5,2168.5,5330
2026-09-02 13:00:00,2026-09-02 10:00:00+00:00,2026-09-02 10:10:00+00:00,2168.5,2172.0,2167.0,2169.0,6034
2026-09-02 13:10:00,2026-09-02 10:10:00+00:00,2026-09-02 10:20:00+00:00,2169.0,2175.0,2167.5,2170.0,13076
2026-09-02 13:20:00,2026-09-02 10:20:00+00:00,2026-09-02 10:30:00+00:00,2169.5,2171.0,2167.5,2168.5,9266
2026-09-02 13:30:00,2026-09-02 10:30:00+00:00,2026-09-02 10:40:00+00:00,2168.0,2170.5,2168.0,2169.5,3536
2026-09-02 13:40:00,2026-09-02 10:40:00+00:00,2026-09-02 10:50:00+00:00,2169.5,2170.0,2165.0,2166.5,9392
2026-09-02 13:50:00,2026-09-02 10:50:00+00:00,2026-09-02 11:00:00+00:00,2166.0,2169.0,2165.0,2168.0,9178
2026-09-02 14:00:00,2026-09-02 11:00:00+00:00,2026-09-02 11:10:00+00:00,2167.5,2176.0,2165.0,2173.5,32949
2026-09-02 14:10:00,2026-09-02 11:10:00+00:00,2026-09-02 11:20:00+00:00,2174.0,2179.0,2173.0,2173.5,27559
2026-09-02 14:20:00,2026-09-02 11:20:00+00:00,2026-09-02 11:30:00+00:00,2173.5,2176.5,2171.0,2176.0,16958
2026-09-02 14:30:00,2026-09-02 11:30:00+00:00,2026-09-02 11:40:00+00:00,2176.5,2177.5,2172.5,2176.5,13828
2026-09-02 14:40:00,2026-09-02 11:40:00+00:00,2026-09-02 11:50:00+00:00,2176.5,2179.0,2169.5,2171.5,32429
2026-09-02 14:50:00,2026-09-02 11:50:00+00:00,2026-09-02 12:00:00+00:00,2172.0,2173.5,2168.5,2172.5,8000
2026-09-02 15:00:00,2026-09-02 12:00:00+00:00,2026-09-02 12:10:00+00:00,2172.5,2184.5,2171.0,2182.0,58258
2026-09-02 15:10:00,2026-09-02 12:10:00+00:00,2026-09-02 12:20:00+00:00,2182.0,2183.0,2178.5,2180.5,33020
2026-09-02 15:20:00,2026-09-02 12:20:00+00:00,2026-09-02 12:30:00+00:00,2180.5,2181.5,2167.0,2170.5,32456
2026-09-02 15:30:00,2026-09-02 12:30:00+00:00,2026-09-02 12:40:00+00:00,2170.0,2174.5,2168.5,2174.0,31902
2026-09-02 15:40:00,2026-09-02 12:40:00+00:00,2026-09-02 12:50:00+00:00,2174.0,2177.5,2172.5,2176.0,28159
2026-09-02 15:50:00,2026-09-02 12:50:00+00:00,2026-09-02 13:00:00+00:00,2176.5,2177.0,2173.5,2175.5,8285
2026-09-02 16:00:00,2026-09-02 13:00:00+00:00,2026-09-02 13:10:00+00:00,2174.5,2177.0,2171.5,2172.0,11836
2026-09-02 16:10:00,2026-09-02 13:10:00+00:00,2026-09-02 13:20:00+00:00,2172.0,2175.5,2172.0,2174.0,5178
2026-09-02 16:20:00,2026-09-02 13:20:00+00:00,2026-09-02 13:30:00+00:00,2174.0,2176.0,2172.0,2173.5,6257
2026-09-02 16:30:00,2026-09-02 13:30:00+00:00,2026-09-02 13:40:00+00:00,2173.5,2175.0,2172.0,2172.5,3955
2026-09-02 16:40:00,2026-09-02 13:40:00+00:00,2026-09-02 13:50:00+00:00,2173.5,2174.0,2168.5,2172.5,24105
2026-09-02 16:50:00,2026-09-02 13:50:00+00:00,2026-09-02 14:00:00+00:00,2172.0,2176.0,2171.5,2175.5,8527
2026-09-02 17:00:00,2026-09-02 14:00:00+00:00,2026-09-02 14:10:00+00:00,2175.5,2176.0,2169.5,2172.0,11820
2026-09-02 17:10:00,2026-09-02 14:10:00+00:00,2026-09-02 14:20:00+00:00,2172.0,2172.5,2169.0,2169.0,7025
2026-09-02 17:20:00,2026-09-02 14:20:00+00:00,2026-09-02 14:30:00+00:00,2169.0,2173.0,2167.0,2171.0,22445
2026-09-02 17:30:00,2026-09-02 14:30:00+00:00,2026-09-02 14:40:00+00:00,2171.0,2174.5,2171.0,2174.0,6350
2026-09-02 17:40:00,2026-09-02 14:40:00+00:00,2026-09-02 14:50:00+00:00,2174.0,2174.0,2171.5,2172.0,6408
2026-09-02 17:50:00,2026-09-02 14:50:00+00:00,2026-09-02 15:00:00+00:00,2172.0,2175.5,2171.5,2173.0,7437
2026-09-02 18:00:00,2026-09-02 15:00:00+00:00,2026-09-02 15:10:00+00:00,2172.5,2177.0,2169.5,2170.0,24807
2026-09-02 18:10:00,2026-09-02 15:10:00+00:00,2026-09-02 15:20:00+00:00,2170.0,2173.5,2170.0,2173.5,6102
2026-09-02 18:20:00,2026-09-02 15:20:00+00:00,2026-09-02 15:30:00+00:00,2173.5,2174.0,2172.0,2173.5,4164
2026-09-02 18:30:00,2026-09-02 15:30:00+00:00,2026-09-02 15:40:00+00:00,2172.5,2178.5,2172.5,2176.5,13821
2026-09-02 18:40:00,2026-09-02 15:40:00+00:00,2026-09-02 15:50:00+00:00,2177.0,2183.5,2176.5,2183.5,38478
2026-09-02 18:50:00,2026-09-02 15:50:00+00:00,2026-09-02 16:00:00+00:00,2183.5,2188.0,2182.0,2184.5,28715
2026-09-02 19:00:00,2026-09-02 16:00:00+00:00,2026-09-02 16:10:00+00:00,2184.5,2187.0,2182.0,2182.5,24217
2026-09-02 19:10:00,2026-09-02 16:10:00+00:00,2026-09-02 16:20:00+00:00,2183.0,2183.5,2179.5,2181.0,20465
2026-09-02 19:20:00,2026-09-02 16:20:00+00:00,2026-09-02 16:30:00+00:00,2181.5,2182.5,2177.5,2178.5,14584
2026-09-02 19:30:00,2026-09-02 16:30:00+00:00,2026-09-02 16:40:00+00:00,2178.5,2181.0,2176.5,2178.0,10315
2026-09-02 19:40:00,2026-09-02 16:40:00+00:00,2026-09-02 16:50:00+00:00,2178.0,2180.5,2176.0,2178.0,8086
2026-09-02 19:50:00,2026-09-02 16:50:00+00:00,2026-09-02 17:00:00+00:00,2178.0,2180.0,2178.0,2179.0,2043
2026-09-02 20:00:00,2026-09-02 17:00:00+00:00,2026-09-02 17:10:00+00:00,2179.5,2183.5,2179.0,2183.5,11302
2026-09-02 20:10:00,2026-09-02 17:10:00+00:00,2026-09-02 17:20:00+00:00,2183.5,2184.0,2181.0,2181.5,2598
2026-09-02 20:20:00,2026-09-02 17:20:00+00:00,2026-09-02 17:30:00+00:00,2181.5,2183.0,2181.0,2182.5,5155
2026-09-02 20:30:00,2026-09-02 17:30:00+00:00,2026-09-02 17:40:00+00:00,2182.0,2186.5,2182.0,2184.0,8225
2026-09-02 20:40:00,2026-09-02 17:40:00+00:00,2026-09-02 17:50:00+00:00,2184.5,2184.5,2182.5,2182.5,2140
2026-09-02 20:50:00,2026-09-02 17:50:00+00:00,2026-09-02 18:00:00+00:00,2183.0,2183.0,2179.5,2181.0,7059
2026-09-02 21:00:00,2026-09-02 18:00:00+00:00,2026-09-02 18:10:00+00:00,2180.5,2182.0,2179.5,2179.5,8604
2026-09-02 21:10:00,2026-09-02 18:10:00+00:00,2026-09-02 18:20:00+00:00,2180.5,2182.0,2180.0,2181.5,1297
2026-09-02 21:20:00,2026-09-02 18:20:00+00:00,2026-09-02 18:30:00+00:00,2180.5,2186.0,2179.0,2182.0,18669
2026-09-02 21:30:00,2026-09-02 18:30:00+00:00,2026-09-02 18:40:00+00:00,2181.0,2182.0,2179.5,2179.5,4658
2026-09-02 21:40:00,2026-09-02 18:40:00+00:00,2026-09-02 18:50:00+00:00,2179.5,2180.5,2179.0,2180.5,3181
2026-09-02 21:50:00,2026-09-02 18:50:00+00:00,2026-09-02 19:00:00+00:00,2180.5,2181.0,2179.5,2180.0,1133
2026-09-02 22:00:00,2026-09-02 19:00:00+00:00,2026-09-02 19:10:00+00:00,2180.0,2182.0,2180.0,2181.5,788
2026-09-02 22:10:00,2026-09-02 19:10:00+00:00,2026-09-02 19:20:00+00:00,2181.5,2182.0,2180.0,2181.5,1732
2026-09-02 22:20:00,2026-09-02 19:20:00+00:00,2026-09-02 19:30:00+00:00,2181.5,2183.0,2181.5,2182.5,2318
2026-09-02 22:30:00,2026-09-02 19:30:00+00:00,2026-09-02 19:40:00+00:00,2183.0,2183.0,2182.0,2182.5,963
2026-09-02 22:40:00,2026-09-02 19:40:00+00:00,2026-09-02 19:50:00+00:00,2183.0,2184.0,2181.5,2182.5,3090
2026-09-02 22:50:00,2026-09-02 19:50:00+00:00,2026-09-02 20:00:00+00:00,2182.0,2182.5,2181.0,2181.5,1381
2026-09-02 23:00:00,2026-09-02 20:00:00+00:00,2026-09-02 20:10:00+00:00,2181.5,2184.0,2181.0,2184.0,2032
2026-09-02 23:10:00,2026-09-02 20:10:00+00:00,2026-09-02 20:20:00+00:00,2183.0,2183.5,2181.5,2182.5,2242
2026-09-02 23:20:00,2026-09-02 20:20:00+00:00,2026-09-02 20:30:00+00:00,2182.5,2183.0,2181.5,2182.0,2391
2026-09-02 23:30:00,2026-09-02 20:30:00+00:00,2026-09-02 20:40:00+00:00,2182.0,2183.0,2181.0,2181.5,4826
2026-09-02 23:40:00,2026-09-02 20:40:00+00:00,2026-09-02 20:50:00+00:00,2182.5,2183.5,2181.0,2181.0,4820
2026-09-03 06:50:00,2026-09-03 03:50:00+00:00,2026-09-03 04:00:00+00:00,2181.5,2181.5,2181.5,2181.5,116
2026-09-03 07:00:00,2026-09-03 04:00:00+00:00,2026-09-03 04:10:00+00:00,2182.0,2198.5,2182.0,2193.5,40651
2026-09-03 07:10:00,2026-09-03 04:10:00+00:00,2026-09-03 04:20:00+00:00,2194.0,2194.0,2192.0,2192.0,10192
2026-09-03 07:20:00,2026-09-03 04:20:00+00:00,2026-09-03 04:30:00+00:00,2193.0,2195.0,2192.0,2194.0,4319
2026-09-03 07:30:00,2026-09-03 04:30:00+00:00,2026-09-03 04:40:00+00:00,2194.0,2197.0,2193.5,2194.0,8803
2026-09-03 07:40:00,2026-09-03 04:40:00+00:00,2026-09-03 04:50:00+00:00,2194.0,2195.5,2192.5,2193.5,7924
2026-09-03 07:50:00,2026-09-03 04:50:00+00:00,2026-09-03 05:00:00+00:00,2193.0,2194.5,2192.0,2192.0,4112
2026-09-03 08:00:00,2026-09-03 05:00:00+00:00,2026-09-03 05:10:00+00:00,2192.0,2194.0,2191.5,2193.0,4818
2026-09-03 08:10:00,2026-09-03 05:10:00+00:00,2026-09-03 05:20:00+00:00,2193.5,2194.5,2192.0,2192.5,3174
2026-09-03 08:20:00,2026-09-03 05:20:00+00:00,2026-09-03 05:30:00+00:00,2192.5,2196.0,2192.0,2195.5,3503
2026-09-03 08:30:00,2026-09-03 05:30:00+00:00,2026-09-03 05:40:00+00:00,2195.0,2195.5,2193.5,2194.5,2880
2026-09-03 08:40:00,2026-09-03 05:40:00+00:00,2026-09-03 05:50:00+00:00,2194.0,2194.5,2189.0,2190.0,11796
2026-09-03 08:50:00,2026-09-03 05:50:00+00:00,2026-09-03 06:00:00+00:00,2190.0,2193.0,2189.5,2192.5,6394
2026-09-03 09:00:00,2026-09-03 06:00:00+00:00,2026-09-03 06:10:00+00:00,2192.0,2193.0,2190.0,2191.5,6382
2026-09-03 09:10:00,2026-09-03 06:10:00+00:00,2026-09-03 06:20:00+00:00,2191.5,2191.5,2188.5,2191.5,10497
2026-09-03 09:20:00,2026-09-03 06:20:00+00:00,2026-09-03 06:30:00+00:00,2191.5,2192.5,2188.0,2191.0,15401
2026-09-03 09:30:00,2026-09-03 06:30:00+00:00,2026-09-03 06:40:00+00:00,2191.0,2191.0,2188.5,2189.5,6172
2026-09-03 09:40:00,2026-09-03 06:40:00+00:00,2026-09-03 06:50:00+00:00,2189.0,2191.0,2188.0,2190.0,5744
2026-09-03 09:50:00,2026-09-03 06:50:00+00:00,2026-09-03 07:00:00+00:00,2190.0,2193.5,2190.0,2192.5,12628
2026-09-03 10:00:00,2026-09-03 07:00:00+00:00,2026-09-03 07:10:00+00:00,2192.5,2194.5,2190.0,2191.0,18844
2026-09-03 10:10:00,2026-09-03 07:10:00+00:00,2026-09-03 07:20:00+00:00,2191.0,2193.5,2187.5,2193.0,41919
2026-09-03 10:20:00,2026-09-03 07:20:00+00:00,2026-09-03 07:30:00+00:00,2193.0,2194.0,2191.0,2192.0,11023
2026-09-03 10:30:00,2026-09-03 07:30:00+00:00,2026-09-03 07:40:00+00:00,2192.5,2193.5,2190.0,2193.0,8960
2026-09-03 10:40:00,2026-09-03 07:40:00+00:00,2026-09-03 07:50:00+00:00,2192.5,2193.0,2188.0,2191.5,21419
2026-09-03 10:50:00,2026-09-03 07:50:00+00:00,2026-09-03 08:00:00+00:00,2191.5,2192.5,2190.5,2190.5,2681
2026-09-03 11:00:00,2026-09-03 08:00:00+00:00,2026-09-03 08:10:00+00:00,2190.5,2194.0,2183.5,2188.0,34765
2026-09-03 11:10:00,2026-09-03 08:10:00+00:00,2026-09-03 08:20:00+00:00,2187.0,2187.5,2178.0,2180.5,46300
2026-09-03 11:20:00,2026-09-03 08:20:00+00:00,2026-09-03 08:30:00+00:00,2180.5,2185.5,2180.0,2182.0,23101
2026-09-03 11:30:00,2026-09-03 08:30:00+00:00,2026-09-03 08:40:00+00:00,2182.0,2184.5,2181.5,2182.5,8371
2026-09-03 11:40:00,2026-09-03 08:40:00+00:00,2026-09-03 08:50:00+00:00,2182.5,2184.5,2181.0,2183.5,13571
2026-09-03 11:50:00,2026-09-03 08:50:00+00:00,2026-09-03 09:00:00+00:00,2184.0,2187.5,2182.5,2186.0,29558
2026-09-03 12:00:00,2026-09-03 09:00:00+00:00,2026-09-03 09:10:00+00:00,2185.5,2187.5,2179.0,2186.5,28924
2026-09-03 12:10:00,2026-09-03 09:10:00+00:00,2026-09-03 09:20:00+00:00,2187.0,2197.5,2185.5,2193.0,65860
2026-09-03 12:20:00,2026-09-03 09:20:00+00:00,2026-09-03 09:30:00+00:00,2193.5,2194.0,2184.0,2187.5,38566
2026-09-03 12:30:00,2026-09-03 09:30:00+00:00,2026-09-03 09:40:00+00:00,2188.0,2188.0,2173.5,2178.5,62265
2026-09-03 12:40:00,2026-09-03 09:40:00+00:00,2026-09-03 09:50:00+00:00,2178.0,2193.0,2178.0,2189.0,68790
2026-09-03 12:50:00,2026-09-03 09:50:00+00:00,2026-09-03 10:00:00+00:00,2189.0,2192.0,2187.5,2188.5,20309
2026-09-03 13:00:00,2026-09-03 10:00:00+00:00,2026-09-03 10:10:00+00:00,2187.5,2191.0,2186.0,2191.0,13674
2026-09-03 13:10:00,2026-09-03 10:10:00+00:00,2026-09-03 10:20:00+00:00,2191.0,2192.0,2188.0,2190.0,7944
2026-09-03 13:20:00,2026-09-03 10:20:00+00:00,2026-09-03 10:30:00+00:00,2189.5,2191.5,2187.5,2191.5,7301
2026-09-03 13:30:00,2026-09-03 10:30:00+00:00,2026-09-03 10:40:00+00:00,2191.5,2203.0,2190.5,2198.0,88074
2026-09-03 13:40:00,2026-09-03 10:40:00+00:00,2026-09-03 10:50:00+00:00,2199.0,2205.0,2197.0,2203.5,42232
2026-09-03 13:50:00,2026-09-03 10:50:00+00:00,2026-09-03 11:00:00+00:00,2204.0,2215.0,2203.5,2210.0,94008
2026-09-03 14:00:00,2026-09-03 11:00:00+00:00,2026-09-03 11:10:00+00:00,2209.5,2211.5,2203.5,2205.5,36509
2026-09-03 14:10:00,2026-09-03 11:10:00+00:00,2026-09-03 11:20:00+00:00,2205.5,2209.0,2205.0,2208.5,11349
2026-09-03 14:20:00,2026-09-03 11:20:00+00:00,2026-09-03 11:30:00+00:00,2208.0,2211.0,2207.0,2208.0,15366
2026-09-03 14:30:00,2026-09-03 11:30:00+00:00,2026-09-03 11:40:00+00:00,2208.0,2211.0,2207.5,2208.0,11040
2026-09-03 14:40:00,2026-09-03 11:40:00+00:00,2026-09-03 11:50:00+00:00,2208.5,2220.0,2208.5,2219.5,47197
2026-09-03 14:50:00,2026-09-03 11:50:00+00:00,2026-09-03 12:00:00+00:00,2219.5,2220.0,2213.5,2217.5,32331
2026-09-03 15:00:00,2026-09-03 12:00:00+00:00,2026-09-03 12:10:00+00:00,2217.5,2219.5,2213.5,2214.5,42688
2026-09-03 15:10:00,2026-09-03 12:10:00+00:00,2026-09-03 12:20:00+00:00,2214.5,2217.0,2213.5,2215.5,14974
2026-09-03 15:20:00,2026-09-03 12:20:00+00:00,2026-09-03 12:30:00+00:00,2216.0,2216.0,2213.0,2215.5,8275
2026-09-03 15:30:00,2026-09-03 12:30:00+00:00,2026-09-03 12:40:00+00:00,2216.0,2224.0,2213.0,2220.0,36458
2026-09-03 15:40:00,2026-09-03 12:40:00+00:00,2026-09-03 12:50:00+00:00,2219.0,2222.5,2217.0,2217.5,19539
2026-09-03 15:50:00,2026-09-03 12:50:00+00:00,2026-09-03 13:00:00+00:00,2218.0,2220.0,2216.0,2220.0,10421
2026-09-03 16:00:00,2026-09-03 13:00:00+00:00,2026-09-03 13:10:00+00:00,2219.0,2220.0,2216.5,2216.5,9951
2026-09-03 16:10:00,2026-09-03 13:10:00+00:00,2026-09-03 13:20:00+00:00,2216.5,2218.5,2214.0,2216.0,14180
2026-09-03 16:20:00,2026-09-03 13:20:00+00:00,2026-09-03 13:30:00+00:00,2216.5,2223.0,2215.5,2220.0,18220
2026-09-03 16:30:00,2026-09-03 13:30:00+00:00,2026-09-03 13:40:00+00:00,2220.5,2221.5,2208.0,2209.5,80923
2026-09-03 16:40:00,2026-09-03 13:40:00+00:00,2026-09-03 13:50:00+00:00,2209.5,2214.5,2209.0,2214.0,15175
2026-09-03 16:50:00,2026-09-03 13:50:00+00:00,2026-09-03 14:00:00+00:00,2213.5,2214.0,2211.0,2213.0,7610
2026-09-03 17:00:00,2026-09-03 14:00:00+00:00,2026-09-03 14:10:00+00:00,2213.0,2216.5,2212.5,2215.0,18064
2026-09-03 17:10:00,2026-09-03 14:10:00+00:00,2026-09-03 14:20:00+00:00,2215.0,2217.5,2213.0,2214.5,9224
2026-09-03 17:20:00,2026-09-03 14:20:00+00:00,2026-09-03 14:30:00+00:00,2214.5,2222.0,2214.0,2221.5,32345
2026-09-03 17:30:00,2026-09-03 14:30:00+00:00,2026-09-03 14:40:00+00:00,2222.0,2222.5,2218.5,2220.5,13260
2026-09-03 17:40:00,2026-09-03 14:40:00+00:00,2026-09-03 14:50:00+00:00,2221.0,2221.5,2218.5,2219.0,7527
2026-09-03 17:50:00,2026-09-03 14:50:00+00:00,2026-09-03 15:00:00+00:00,2219.5,2221.5,2218.5,2221.5,4360
2026-09-03 18:00:00,2026-09-03 15:00:00+00:00,2026-09-03 15:10:00+00:00,2222.0,2224.5,2216.0,2217.5,28835
2026-09-03 18:10:00,2026-09-03 15:10:00+00:00,2026-09-03 15:20:00+00:00,2218.0,2219.5,2216.0,2217.5,10357
2026-09-03 18:20:00,2026-09-03 15:20:00+00:00,2026-09-03 15:30:00+00:00,2217.5,2219.5,2216.5,2217.5,11726
2026-09-03 18:30:00,2026-09-03 15:30:00+00:00,2026-09-03 15:40:00+00:00,2217.5,2217.5,2214.5,2215.0,5036
2026-09-03 18:40:00,2026-09-03 15:40:00+00:00,2026-09-03 15:50:00+00:00,2215.5,2217.0,2214.5,2217.0,5775
2026-09-03 18:50:00,2026-09-03 15:50:00+00:00,2026-09-03 16:00:00+00:00,2217.0,2217.0,2215.0,2215.5,2809
2026-09-03 19:00:00,2026-09-03 16:00:00+00:00,2026-09-03 16:10:00+00:00,2216.0,2216.5,2212.5,2213.5,10945
2026-09-03 19:10:00,2026-09-03 16:10:00+00:00,2026-09-03 16:20:00+00:00,2212.5,2215.0,2212.0,2214.0,7786
2026-09-03 19:20:00,2026-09-03 16:20:00+00:00,2026-09-03 16:30:00+00:00,2214.0,2216.0,2213.0,2215.0,5096
2026-09-03 19:30:00,2026-09-03 16:30:00+00:00,2026-09-03 16:40:00+00:00,2215.5,2218.0,2215.0,2217.5,7214
2026-09-03 19:40:00,2026-09-03 16:40:00+00:00,2026-09-03 16:50:00+00:00,2217.0,2218.0,2216.5,2217.5,2436
2026-09-03 19:50:00,2026-09-03 16:50:00+00:00,2026-09-03 17:00:00+00:00,2217.5,2219.0,2216.0,2217.5,8060
2026-09-03 20:00:00,2026-09-03 17:00:00+00:00,2026-09-03 17:10:00+00:00,2217.0,2228.5,2216.0,2227.0,41468
2026-09-03 20:10:00,2026-09-03 17:10:00+00:00,2026-09-03 17:20:00+00:00,2227.0,2248.0,2227.0,2243.0,150322
2026-09-03 20:20:00,2026-09-03 17:20:00+00:00,2026-09-03 17:30:00+00:00,2242.0,2242.5,2235.5,2238.0,48852
2026-09-03 20:30:00,2026-09-03 17:30:00+00:00,2026-09-03 17:40:00+00:00,2238.5,2244.5,2233.0,2237.5,63393
2026-09-03 20:40:00,2026-09-03 17:40:00+00:00,2026-09-03 17:50:00+00:00,2237.5,2247.5,2237.0,2243.0,87148
2026-09-03 20:50:00,2026-09-03 17:50:00+00:00,2026-09-03 18:00:00+00:00,2243.0,2243.0,2238.0,2240.5,33733
2026-09-03 21:00:00,2026-09-03 18:00:00+00:00,2026-09-03 18:10:00+00:00,2240.5,2245.0,2240.0,2243.5,21721
2026-09-03 21:10:00,2026-09-03 18:10:00+00:00,2026-09-03 18:20:00+00:00,2243.5,2247.0,2242.0,2246.0,22264
2026-09-03 21:20:00,2026-09-03 18:20:00+00:00,2026-09-03 18:30:00+00:00,2245.5,2248.0,2243.0,2246.5,18896
2026-09-03 21:30:00,2026-09-03 18:30:00+00:00,2026-09-03 18:40:00+00:00,2246.0,2249.5,2246.0,2246.5,22394
2026-09-03 21:40:00,2026-09-03 18:40:00+00:00,2026-09-03 18:50:00+00:00,2246.5,2247.5,2241.5,2243.0,14811
2026-09-03 21:50:00,2026-09-03 18:50:00+00:00,2026-09-03 19:00:00+00:00,2243.0,2245.0,2241.5,2243.5,12792
2026-09-03 22:00:00,2026-09-03 19:00:00+00:00,2026-09-03 19:10:00+00:00,2243.5,2244.5,2242.5,2243.0,4992
2026-09-03 22:10:00,2026-09-03 19:10:00+00:00,2026-09-03 19:20:00+00:00,2243.0,2243.5,2239.5,2241.0,12867
2026-09-03 22:20:00,2026-09-03 19:20:00+00:00,2026-09-03 19:30:00+00:00,2241.0,2244.5,2241.0,2243.5,6072
2026-09-03 22:30:00,2026-09-03 19:30:00+00:00,2026-09-03 19:40:00+00:00,2243.0,2246.0,2242.5,2244.5,7116
2026-09-03 22:40:00,2026-09-03 19:40:00+00:00,2026-09-03 19:50:00+00:00,2245.0,2252.5,2243.5,2248.5,28673
2026-09-03 22:50:00,2026-09-03 19:50:00+00:00,2026-09-03 20:00:00+00:00,2248.5,2251.5,2248.0,2251.0,12612
2026-09-03 23:00:00,2026-09-03 20:00:00+00:00,2026-09-03 20:10:00+00:00,2251.0,2253.0,2249.0,2252.0,12496
2026-09-03 23:10:00,2026-09-03 20:10:00+00:00,2026-09-03 20:20:00+00:00,2252.0,2255.5,2251.0,2252.0,18329
2026-09-03 23:20:00,2026-09-03 20:20:00+00:00,2026-09-03 20:30:00+00:00,2252.0,2252.5,2250.0,2251.0,5875
2026-09-03 23:30:00,2026-09-03 20:30:00+00:00,2026-09-03 20:40:00+00:00,2250.0,2252.5,2249.5,2250.5,11403
2026-09-03 23:40:00,2026-09-03 20:40:00+00:00,2026-09-03 20:50:00+00:00,2251.0,2255.0,2241.0,2247.5,35566
2026-09-04 06:50:00,2026-09-04 03:50:00+00:00,2026-09-04 04:00:00+00:00,2247.5,2247.5,2247.5,2247.5,945
2026-09-04 07:00:00,2026-09-04 04:00:00+00:00,2026-09-04 04:10:00+00:00,2247.5,2253.5,2243.5,2246.5,36592
2026-09-04 07:10:00,2026-09-04 04:10:00+00:00,2026-09-04 04:20:00+00:00,2247.5,2247.5,2235.0,2237.5,43624
2026-09-04 07:20:00,2026-09-04 04:20:00+00:00,2026-09-04 04:30:00+00:00,2237.5,2243.5,2236.0,2242.0,34130
2026-09-04 07:30:00,2026-09-04 04:30:00+00:00,2026-09-04 04:40:00+00:00,2242.5,2242.5,2237.5,2239.0,10444
2026-09-04 07:40:00,2026-09-04 04:40:00+00:00,2026-09-04 04:50:00+00:00,2239.0,2243.0,2238.5,2241.0,7223
2026-09-04 07:50:00,2026-09-04 04:50:00+00:00,2026-09-04 05:00:00+00:00,2240.5,2241.0,2237.5,2238.5,8604
2026-09-04 08:00:00,2026-09-04 05:00:00+00:00,2026-09-04 05:10:00+00:00,2238.0,2241.0,2237.0,2238.5,7400
2026-09-04 08:10:00,2026-09-04 05:10:00+00:00,2026-09-04 05:20:00+00:00,2238.5,2238.5,2234.5,2238.5,13027
2026-09-04 08:20:00,2026-09-04 05:20:00+00:00,2026-09-04 05:30:00+00:00,2238.0,2240.0,2238.0,2240.0,5608
2026-09-04 08:30:00,2026-09-04 05:30:00+00:00,2026-09-04 05:40:00+00:00,2240.0,2241.0,2238.0,2238.0,6817
2026-09-04 08:40:00,2026-09-04 05:40:00+00:00,2026-09-04 05:50:00+00:00,2238.5,2238.5,2237.0,2237.5,4660
2026-09-04 08:50:00,2026-09-04 05:50:00+00:00,2026-09-04 06:00:00+00:00,2237.0,2238.5,2235.0,2235.0,8205
2026-09-04 09:00:00,2026-09-04 06:00:00+00:00,2026-09-04 06:10:00+00:00,2235.0,2267.5,2234.5,2252.5,148515
2026-09-04 09:10:00,2026-09-04 06:10:00+00:00,2026-09-04 06:20:00+00:00,2253.0,2257.5,2249.5,2251.5,44463
2026-09-04 09:20:00,2026-09-04 06:20:00+00:00,2026-09-04 06:30:00+00:00,2251.5,2255.0,2248.5,2251.5,21172
2026-09-04 09:30:00,2026-09-04 06:30:00+00:00,2026-09-04 06:40:00+00:00,2251.5,2253.0,2248.0,2253.0,20085
2026-09-04 09:40:00,2026-09-04 06:40:00+00:00,2026-09-04 06:50:00+00:00,2252.0,2255.5,2250.5,2255.0,22946
2026-09-04 09:50:00,2026-09-04 06:50:00+00:00,2026-09-04 07:00:00+00:00,2254.5,2257.0,2250.5,2251.0,14625
2026-09-04 10:00:00,2026-09-04 07:00:00+00:00,2026-09-04 07:10:00+00:00,2251.0,2253.0,2238.5,2240.5,120065
2026-09-04 10:10:00,2026-09-04 07:10:00+00:00,2026-09-04 07:20:00+00:00,2240.5,2242.5,2235.0,2242.0,41557
2026-09-04 10:20:00,2026-09-04 07:20:00+00:00,2026-09-04 07:30:00+00:00,2241.5,2243.0,2237.5,2241.5,22364
2026-09-04 10:30:00,2026-09-04 07:30:00+00:00,2026-09-04 07:40:00+00:00,2241.0,2247.5,2240.5,2241.5,29785
2026-09-04 10:40:00,2026-09-04 07:40:00+00:00,2026-09-04 07:50:00+00:00,2241.0,2243.5,2236.0,2242.0,22219
2026-09-04 10:50:00,2026-09-04 07:50:00+00:00,2026-09-04 08:00:00+00:00,2242.0,2244.5,2240.0,2243.0,11164
2026-09-04 11:00:00,2026-09-04 08:00:00+00:00,2026-09-04 08:10:00+00:00,2243.5,2246.0,2239.5,2241.0,20063
2026-09-04 11:10:00,2026-09-04 08:10:00+00:00,2026-09-04 08:20:00+00:00,2241.0,2253.0,2240.0,2247.5,81531
2026-09-04 11:20:00,2026-09-04 08:20:00+00:00,2026-09-04 08:30:00+00:00,2247.5,2256.0,2246.5,2253.5,56988
2026-09-04 11:30:00,2026-09-04 08:30:00+00:00,2026-09-04 08:40:00+00:00,2254.0,2268.0,2250.5,2266.0,124465
2026-09-04 11:40:00,2026-09-04 08:40:00+00:00,2026-09-04 08:50:00+00:00,2266.0,2267.0,2260.0,2261.0,42655
2026-09-04 11:50:00,2026-09-04 08:50:00+00:00,2026-09-04 09:00:00+00:00,2261.0,2262.5,2256.5,2258.5,34071
2026-09-04 12:00:00,2026-09-04 09:00:00+00:00,2026-09-04 09:10:00+00:00,2258.0,2260.0,2255.0,2257.0,23770
2026-09-04 12:10:00,2026-09-04 09:10:00+00:00,2026-09-04 09:20:00+00:00,2257.0,2257.0,2251.0,2256.0,28872
2026-09-04 12:20:00,2026-09-04 09:20:00+00:00,2026-09-04 09:30:00+00:00,2255.0,2258.5,2255.0,2255.0,12769
2026-09-04 12:30:00,2026-09-04 09:30:00+00:00,2026-09-04 09:40:00+00:00,2255.0,2258.5,2255.0,2257.0,6726
2026-09-04 12:40:00,2026-09-04 09:40:00+00:00,2026-09-04 09:50:00+00:00,2257.0,2258.5,2255.0,2257.5,17083
2026-09-04 12:50:00,2026-09-04 09:50:00+00:00,2026-09-04 10:00:00+00:00,2257.5,2259.5,2244.0,2248.5,86429
2026-09-04 13:00:00,2026-09-04 10:00:00+00:00,2026-09-04 10:10:00+00:00,2248.5,2253.5,2247.0,2250.0,23637
2026-09-04 13:10:00,2026-09-04 10:10:00+00:00,2026-09-04 10:20:00+00:00,2250.0,2254.0,2246.0,2249.0,34715
2026-09-04 13:20:00,2026-09-04 10:20:00+00:00,2026-09-04 10:30:00+00:00,2249.0,2250.0,2243.5,2248.0,38344
2026-09-04 13:30:00,2026-09-04 10:30:00+00:00,2026-09-04 10:40:00+00:00,2248.0,2249.0,2244.0,2248.0,14982
2026-09-04 13:40:00,2026-09-04 10:40:00+00:00,2026-09-04 10:50:00+00:00,2247.5,2250.0,2247.5,2248.5,12066
2026-09-04 13:50:00,2026-09-04 10:50:00+00:00,2026-09-04 11:00:00+00:00,2248.0,2250.5,2246.5,2249.5,10707
2026-09-04 14:00:00,2026-09-04 11:00:00+00:00,2026-09-04 11:10:00+00:00,2249.0,2253.5,2248.0,2253.0,14501
2026-09-04 14:10:00,2026-09-04 11:10:00+00:00,2026-09-04 11:20:00+00:00,2253.0,2253.5,2249.5,2249.5,6400
2026-09-04 14:20:00,2026-09-04 11:20:00+00:00,2026-09-04 11:30:00+00:00,2250.0,2250.5,2246.0,2248.0,18778
2026-09-04 14:30:00,2026-09-04 11:30:00+00:00,2026-09-04 11:40:00+00:00,2247.5,2250.5,2247.0,2250.5,3654
2026-09-04 14:40:00,2026-09-04 11:40:00+00:00,2026-09-04 11:50:00+00:00,2250.0,2257.5,2250.0,2254.5,30052
2026-09-04 14:50:00,2026-09-04 11:50:00+00:00,2026-09-04 12:00:00+00:00,2254.0,2257.0,2252.0,2256.0,17175
2026-09-04 15:00:00,2026-09-04 12:00:00+00:00,2026-09-04 12:10:00+00:00,2256.0,2259.5,2255.0,2259.0,11003
2026-09-04 15:10:00,2026-09-04 12:10:00+00:00,2026-09-04 12:20:00+00:00,2258.5,2261.5,2256.0,2259.0,23259
2026-09-04 15:20:00,2026-09-04 12:20:00+00:00,2026-09-04 12:30:00+00:00,2259.5,2259.5,2254.5,2255.0,16027
2026-09-04 15:30:00,2026-09-04 12:30:00+00:00,2026-09-04 12:40:00+00:00,2255.0,2266.0,2252.5,2265.0,56125
2026-09-04 15:40:00,2026-09-04 12:40:00+00:00,2026-09-04 12:50:00+00:00,2264.5,2265.5,2258.5,2262.0,28601
2026-09-04 15:50:00,2026-09-04 12:50:00+00:00,2026-09-04 13:00:00+00:00,2262.0,2262.0,2258.0,2258.5,14263
2026-09-04 16:00:00,2026-09-04 13:00:00+00:00,2026-09-04 13:10:00+00:00,2258.5,2262.0,2256.0,2258.5,16446
2026-09-04 16:10:00,2026-09-04 13:10:00+00:00,2026-09-04 13:20:00+00:00,2258.5,2260.0,2253.0,2255.5,30249
2026-09-04 16:20:00,2026-09-04 13:20:00+00:00,2026-09-04 13:30:00+00:00,2256.0,2257.5,2244.5,2244.5,67712
2026-09-04 16:30:00,2026-09-04 13:30:00+00:00,2026-09-04 13:40:00+00:00,2245.0,2250.5,2244.0,2248.0,22061
2026-09-04 16:40:00,2026-09-04 13:40:00+00:00,2026-09-04 13:50:00+00:00,2247.5,2248.0,2239.5,2242.0,39755
2026-09-04 16:50:00,2026-09-04 13:50:00+00:00,2026-09-04 14:00:00+00:00,2242.0,2245.0,2237.5,2242.0,41797
2026-09-04 17:00:00,2026-09-04 14:00:00+00:00,2026-09-04 14:10:00+00:00,2241.5,2247.0,2238.5,2239.0,30342
2026-09-04 17:10:00,2026-09-04 14:10:00+00:00,2026-09-04 14:20:00+00:00,2239.5,2248.5,2239.0,2246.0,37751
2026-09-04 17:20:00,2026-09-04 14:20:00+00:00,2026-09-04 14:30:00+00:00,2246.5,2249.0,2245.5,2248.0,11518
2026-09-04 17:30:00,2026-09-04 14:30:00+00:00,2026-09-04 14:40:00+00:00,2247.5,2248.5,2246.5,2247.5,5834
2026-09-04 17:40:00,2026-09-04 14:40:00+00:00,2026-09-04 14:50:00+00:00,2247.5,2250.0,2246.5,2249.5,11264
2026-09-04 17:50:00,2026-09-04 14:50:00+00:00,2026-09-04 15:00:00+00:00,2249.5,2251.0,2245.5,2248.0,16100
2026-09-04 18:00:00,2026-09-04 15:00:00+00:00,2026-09-04 15:10:00+00:00,2247.5,2256.0,2246.0,2254.0,25459
2026-09-04 18:10:00,2026-09-04 15:10:00+00:00,2026-09-04 15:20:00+00:00,2254.5,2259.5,2254.5,2257.5,32407
2026-09-04 18:20:00,2026-09-04 15:20:00+00:00,2026-09-04 15:30:00+00:00,2257.5,2258.0,2251.0,2253.0,17531
2026-09-04 18:30:00,2026-09-04 15:30:00+00:00,2026-09-04 15:40:00+00:00,2252.5,2259.5,2252.0,2257.5,24603
2026-09-04 18:40:00,2026-09-04 15:40:00+00:00,2026-09-04 15:50:00+00:00,2257.5,2259.0,2254.0,2255.0,12443
2026-09-04 18:50:00,2026-09-04 15:50:00+00:00,2026-09-04 16:00:00+00:00,2255.0,2255.0,2252.0,2253.5,10104
2026-09-04 19:00:00,2026-09-04 16:00:00+00:00,2026-09-04 16:10:00+00:00,2253.0,2261.0,2253.0,2259.5,16252
2026-09-04 19:10:00,2026-09-04 16:10:00+00:00,2026-09-04 16:20:00+00:00,2259.5,2262.0,2257.5,2260.5,9704
2026-09-04 19:20:00,2026-09-04 16:20:00+00:00,2026-09-04 16:30:00+00:00,2261.0,2261.0,2257.5,2257.5,4625
2026-09-04 19:30:00,2026-09-04 16:30:00+00:00,2026-09-04 16:40:00+00:00,2258.0,2258.5,2256.0,2257.0,6765
2026-09-04 19:40:00,2026-09-04 16:40:00+00:00,2026-09-04 16:50:00+00:00,2256.5,2257.0,2255.0,2256.5,6663
2026-09-04 19:50:00,2026-09-04 16:50:00+00:00,2026-09-04 17:00:00+00:00,2256.5,2257.0,2255.0,2255.5,2976
2026-09-04 20:00:00,2026-09-04 17:00:00+00:00,2026-09-04 17:10:00+00:00,2256.0,2258.0,2254.0,2254.5,4230
2026-09-04 20:10:00,2026-09-04 17:10:00+00:00,2026-09-04 17:20:00+00:00,2254.5,2257.0,2254.0,2256.5,2758
2026-09-04 20:20:00,2026-09-04 17:20:00+00:00,2026-09-04 17:30:00+00:00,2257.5,2258.0,2254.0,2254.5,4290
2026-09-04 20:30:00,2026-09-04 17:30:00+00:00,2026-09-04 17:40:00+00:00,2254.5,2256.0,2253.5,2254.5,4000
2026-09-04 20:40:00,2026-09-04 17:40:00+00:00,2026-09-04 17:50:00+00:00,2254.5,2255.0,2250.5,2251.0,9132
2026-09-04 20:50:00,2026-09-04 17:50:00+00:00,2026-09-04 18:00:00+00:00,2252.0,2253.0,2249.0,2250.5,12163
2026-09-04 21:00:00,2026-09-04 18:00:00+00:00,2026-09-04 18:10:00+00:00,2250.5,2253.5,2249.5,2252.5,3889
2026-09-04 21:10:00,2026-09-04 18:10:00+00:00,2026-09-04 18:20:00+00:00,2252.5,2255.0,2252.0,2254.0,7064
2026-09-04 21:20:00,2026-09-04 18:20:00+00:00,2026-09-04 18:30:00+00:00,2253.0,2255.5,2253.0,2255.0,2267
2026-09-04 21:30:00,2026-09-04 18:30:00+00:00,2026-09-04 18:40:00+00:00,2254.5,2255.0,2253.0,2254.5,1685
2026-09-04 21:40:00,2026-09-04 18:40:00+00:00,2026-09-04 18:50:00+00:00,2254.5,2259.0,2254.0,2258.0,6176
2026-09-04 21:50:00,2026-09-04 18:50:00+00:00,2026-09-04 19:00:00+00:00,2258.5,2260.0,2255.0,2258.0,12818
2026-09-04 22:00:00,2026-09-04 19:00:00+00:00,2026-09-04 19:10:00+00:00,2258.0,2258.0,2251.5,2254.0,12815
2026-09-04 22:10:00,2026-09-04 19:10:00+00:00,2026-09-04 19:20:00+00:00,2254.0,2255.5,2252.5,2254.5,4501
2026-09-04 22:20:00,2026-09-04 19:20:00+00:00,2026-09-04 19:30:00+00:00,2254.0,2255.0,2253.0,2254.0,2873
2026-09-04 22:30:00,2026-09-04 19:30:00+00:00,2026-09-04 19:40:00+00:00,2254.0,2254.5,2253.0,2254.5,1914
2026-09-04 22:40:00,2026-09-04 19:40:00+00:00,2026-09-04 19:50:00+00:00,2254.5,2257.0,2254.0,2256.5,5016
2026-09-04 22:50:00,2026-09-04 19:50:00+00:00,2026-09-04 20:00:00+00:00,2256.0,2257.0,2255.5,2256.5,1586
2026-09-04 23:00:00,2026-09-04 20:00:00+00:00,2026-09-04 20:10:00+00:00,2256.0,2257.0,2255.0,2255.0,4305
2026-09-04 23:10:00,2026-09-04 20:10:00+00:00,2026-09-04 20:20:00+00:00,2255.5,2257.0,2255.0,2257.0,1510
2026-09-04 23:20:00,2026-09-04 20:20:00+00:00,2026-09-04 20:30:00+00:00,2256.5,2260.0,2256.0,2260.0,7467
2026-09-04 23:30:00,2026-09-04 20:30:00+00:00,2026-09-04 20:40:00+00:00,2260.0,2266.0,2259.0,2264.0,37599
2026-09-04 23:40:00,2026-09-04 20:40:00+00:00,2026-09-04 20:50:00+00:00,2264.0,2267.5,2263.5,2267.5,24521
2026-09-05 09:50:00,2026-09-05 06:50:00+00:00,2026-09-05 07:00:00+00:00,2267.5,2267.5,2267.5,2267.5,841
2026-09-05 10:00:00,2026-09-05 07:00:00+00:00,2026-09-05 07:10:00+00:00,2268.0,2270.0,2260.0,2262.0,22946
2026-09-05 10:10:00,2026-09-05 07:10:00+00:00,2026-09-05 07:20:00+00:00,2262.0,2264.5,2261.5,2264.0,2841
2026-09-05 10:20:00,2026-09-05 07:20:00+00:00,2026-09-05 07:30:00+00:00,2264.0,2264.5,2263.5,2264.0,2241
2026-09-05 10:30:00,2026-09-05 07:30:00+00:00,2026-09-05 07:40:00+00:00,2264.0,2265.5,2263.5,2264.5,2145
2026-09-05 10:40:00,2026-09-05 07:40:00+00:00,2026-09-05 07:50:00+00:00,2264.5,2265.5,2264.0,2265.0,2190
2026-09-05 10:50:00,2026-09-05 07:50:00+00:00,2026-09-05 08:00:00+00:00,2265.5,2265.5,2263.0,2264.0,4333
2026-09-05 11:00:00,2026-09-05 08:00:00+00:00,2026-09-05 08:10:00+00:00,2264.0,2264.5,2262.0,2262.5,3795
2026-09-05 11:10:00,2026-09-05 08:10:00+00:00,2026-09-05 08:20:00+00:00,2262.5,2263.5,2258.5,2260.5,9838
2026-09-05 11:20:00,2026-09-05 08:20:00+00:00,2026-09-05 08:30:00+00:00,2260.0,2268.5,2260.0,2267.0,10269
2026-09-05 11:30:00,2026-09-05 08:30:00+00:00,2026-09-05 08:40:00+00:00,2267.5,2269.5,2263.0,2263.0,8445
2026-09-05 11:40:00,2026-09-05 08:40:00+00:00,2026-09-05 08:50:00+00:00,2263.0,2265.5,2263.0,2265.5,2437
2026-09-05 11:50:00,2026-09-05 08:50:00+00:00,2026-09-05 09:00:00+00:00,2265.0,2266.0,2262.5,2262.5,3969
2026-09-05 12:00:00,2026-09-05 09:00:00+00:00,2026-09-05 09:10:00+00:00,2263.0,2264.0,2259.0,2260.5,7170
2026-09-05 12:10:00,2026-09-05 09:10:00+00:00,2026-09-05 09:20:00+00:00,2260.5,2262.0,2259.0,2261.0,7246
2026-09-05 12:20:00,2026-09-05 09:20:00+00:00,2026-09-05 09:30:00+00:00,2260.5,2261.5,2258.5,2259.0,4616
2026-09-05 12:30:00,2026-09-05 09:30:00+00:00,2026-09-05 09:40:00+00:00,2258.5,2259.5,2258.0,2258.5,4158
2026-09-05 12:40:00,2026-09-05 09:40:00+00:00,2026-09-05 09:50:00+00:00,2259.0,2260.0,2258.0,2259.5,2563
2026-09-05 12:50:00,2026-09-05 09:50:00+00:00,2026-09-05 10:00:00+00:00,2259.5,2261.0,2259.0,2260.0,2526
2026-09-05 13:00:00,2026-09-05 10:00:00+00:00,2026-09-05 10:10:00+00:00,2260.0,2260.0,2259.0,2260.0,1650
2026-09-05 13:10:00,2026-09-05 10:10:00+00:00,2026-09-05 10:20:00+00:00,2260.0,2260.0,2258.5,2260.0,4490
2026-09-05 13:20:00,2026-09-05 10:20:00+00:00,2026-09-05 10:30:00+00:00,2260.0,2260.0,2258.0,2259.0,4705
2026-09-05 13:30:00,2026-09-05 10:30:00+00:00,2026-09-05 10:40:00+00:00,2259.5,2260.0,2259.0,2260.0,1548
2026-09-05 13:40:00,2026-09-05 10:40:00+00:00,2026-09-05 10:50:00+00:00,2259.5,2260.0,2258.0,2259.5,3061
2026-09-05 13:50:00,2026-09-05 10:50:00+00:00,2026-09-05 11:00:00+00:00,2259.5,2259.5,2259.0,2259.5,2653
2026-09-05 14:00:00,2026-09-05 11:00:00+00:00,2026-09-05 11:10:00+00:00,2260.0,2260.0,2259.5,2260.0,1970
2026-09-05 14:10:00,2026-09-05 11:10:00+00:00,2026-09-05 11:20:00+00:00,2260.0,2260.0,2257.5,2259.5,3695
2026-09-05 14:20:00,2026-09-05 11:20:00+00:00,2026-09-05 11:30:00+00:00,2259.0,2259.5,2259.0,2259.0,1190
2026-09-05 14:30:00,2026-09-05 11:30:00+00:00,2026-09-05 11:40:00+00:00,2258.5,2259.5,2258.5,2259.0,2174
2026-09-05 14:40:00,2026-09-05 11:40:00+00:00,2026-09-05 11:50:00+00:00,2259.5,2265.0,2259.0,2262.5,10702
2026-09-05 14:50:00,2026-09-05 11:50:00+00:00,2026-09-05 12:00:00+00:00,2262.5,2268.0,2262.0,2267.0,25788
2026-09-05 15:00:00,2026-09-05 12:00:00+00:00,2026-09-05 12:10:00+00:00,2266.5,2269.5,2264.5,2269.0,19212
2026-09-05 15:10:00,2026-09-05 12:10:00+00:00,2026-09-05 12:20:00+00:00,2268.5,2269.0,2266.0,2266.5,5437
2026-09-05 15:20:00,2026-09-05 12:20:00+00:00,2026-09-05 12:30:00+00:00,2266.5,2267.0,2265.0,2265.5,1508
2026-09-05 15:30:00,2026-09-05 12:30:00+00:00,2026-09-05 12:40:00+00:00,2266.0,2267.5,2265.0,2265.0,3560
2026-09-05 15:40:00,2026-09-05 12:40:00+00:00,2026-09-05 12:50:00+00:00,2265.5,2268.5,2265.0,2266.5,4300
2026-09-05 15:50:00,2026-09-05 12:50:00+00:00,2026-09-05 13:00:00+00:00,2267.0,2267.5,2266.0,2267.5,1092
2026-09-05 16:00:00,2026-09-05 13:00:00+00:00,2026-09-05 13:10:00+00:00,2267.5,2268.0,2266.0,2268.0,3141
2026-09-05 16:10:00,2026-09-05 13:10:00+00:00,2026-09-05 13:20:00+00:00,2266.5,2268.0,2266.5,2266.5,1384
2026-09-05 16:20:00,2026-09-05 13:20:00+00:00,2026-09-05 13:30:00+00:00,2266.5,2267.5,2265.0,2267.0,2041
2026-09-05 16:30:00,2026-09-05 13:30:00+00:00,2026-09-05 13:40:00+00:00,2266.5,2267.0,2265.5,2266.0,477
2026-09-05 16:40:00,2026-09-05 13:40:00+00:00,2026-09-05 13:50:00+00:00,2266.5,2267.0,2263.5,2264.5,1858
2026-09-05 16:50:00,2026-09-05 13:50:00+00:00,2026-09-05 14:00:00+00:00,2265.0,2265.0,2263.5,2264.0,1371
2026-09-05 17:00:00,2026-09-05 14:00:00+00:00,2026-09-05 14:10:00+00:00,2264.0,2264.5,2263.0,2264.5,741
2026-09-05 17:10:00,2026-09-05 14:10:00+00:00,2026-09-05 14:20:00+00:00,2264.0,2265.0,2260.5,2263.0,4489
2026-09-05 17:20:00,2026-09-05 14:20:00+00:00,2026-09-05 14:30:00+00:00,2264.5,2265.0,2263.5,2264.0,594
2026-09-05 17:30:00,2026-09-05 14:30:00+00:00,2026-09-05 14:40:00+00:00,2264.5,2265.0,2260.0,2261.0,6232
2026-09-05 17:40:00,2026-09-05 14:40:00+00:00,2026-09-05 14:50:00+00:00,2262.0,2263.0,2260.5,2262.0,1201
2026-09-05 17:50:00,2026-09-05 14:50:00+00:00,2026-09-05 15:00:00+00:00,2262.0,2264.5,2261.5,2263.0,2647
2026-09-05 18:00:00,2026-09-05 15:00:00+00:00,2026-09-05 15:10:00+00:00,2263.0,2264.0,2261.0,2262.5,1917
2026-09-05 18:10:00,2026-09-05 15:10:00+00:00,2026-09-05 15:20:00+00:00,2262.5,2264.5,2262.0,2262.0,2281
2026-09-05 18:20:00,2026-09-05 15:20:00+00:00,2026-09-05 15:30:00+00:00,2262.5,2265.0,2262.0,2265.0,4063
2026-09-05 18:30:00,2026-09-05 15:30:00+00:00,2026-09-05 15:40:00+00:00,2265.0,2266.0,2264.0,2265.0,2214
2026-09-05 18:40:00,2026-09-05 15:40:00+00:00,2026-09-05 15:50:00+00:00,2265.5,2265.5,2261.0,2262.5,6749
2026-09-05 18:50:00,2026-09-05 15:50:00+00:00,2026-09-05 16:00:00+00:00,2263.0,2265.0,2262.5,2264.0,2585
2026-09-06 09:50:00,2026-09-06 06:50:00+00:00,2026-09-06 07:00:00+00:00,2259.5,2259.5,2259.5,2259.5,1848
2026-09-06 10:00:00,2026-09-06 07:00:00+00:00,2026-09-06 07:10:00+00:00,2259.0,2261.0,2251.0,2256.5,30850
2026-09-06 10:10:00,2026-09-06 07:10:00+00:00,2026-09-06 07:20:00+00:00,2256.0,2258.5,2255.5,2257.0,4824
2026-09-06 10:20:00,2026-09-06 07:20:00+00:00,2026-09-06 07:30:00+00:00,2257.5,2258.5,2255.5,2256.0,2160
2026-09-06 10:30:00,2026-09-06 07:30:00+00:00,2026-09-06 07:40:00+00:00,2255.5,2256.5,2254.5,2254.5,3157
2026-09-06 10:40:00,2026-09-06 07:40:00+00:00,2026-09-06 07:50:00+00:00,2254.5,2254.5,2244.0,2245.5,25210
2026-09-06 10:50:00,2026-09-06 07:50:00+00:00,2026-09-06 08:00:00+00:00,2245.5,2246.0,2238.0,2243.5,31055
2026-09-06 11:00:00,2026-09-06 08:00:00+00:00,2026-09-06 08:10:00+00:00,2242.5,2244.0,2240.0,2240.0,9632
2026-09-06 11:10:00,2026-09-06 08:10:00+00:00,2026-09-06 08:20:00+00:00,2240.5,2240.5,2231.0,2233.5,41405
2026-09-06 11:20:00,2026-09-06 08:20:00+00:00,2026-09-06 08:30:00+00:00,2233.5,2241.0,2225.0,2238.0,47622
2026-09-06 11:30:00,2026-09-06 08:30:00+00:00,2026-09-06 08:40:00+00:00,2238.0,2238.5,2235.5,2237.0,8502
2026-09-06 11:40:00,2026-09-06 08:40:00+00:00,2026-09-06 08:50:00+00:00,2237.0,2237.5,2230.0,2234.0,17872
2026-09-06 11:50:00,2026-09-06 08:50:00+00:00,2026-09-06 09:00:00+00:00,2234.0,2237.0,2233.5,2235.0,6596
2026-09-06 12:00:00,2026-09-06 09:00:00+00:00,2026-09-06 09:10:00+00:00,2234.5,2238.5,2234.0,2238.0,5412
2026-09-06 12:10:00,2026-09-06 09:10:00+00:00,2026-09-06 09:20:00+00:00,2238.5,2239.5,2237.0,2239.0,6334
2026-09-06 12:20:00,2026-09-06 09:20:00+00:00,2026-09-06 09:30:00+00:00,2239.5,2240.0,2239.0,2240.0,3907
2026-09-06 12:30:00,2026-09-06 09:30:00+00:00,2026-09-06 09:40:00+00:00,2240.5,2240.5,2234.5,2237.0,6139
2026-09-06 12:40:00,2026-09-06 09:40:00+00:00,2026-09-06 09:50:00+00:00,2237.5,2240.5,2236.0,2239.0,7682
2026-09-06 12:50:00,2026-09-06 09:50:00+00:00,2026-09-06 10:00:00+00:00,2239.0,2240.5,2238.0,2240.0,4492
2026-09-06 13:00:00,2026-09-06 10:00:00+00:00,2026-09-06 10:10:00+00:00,2239.5,2240.0,2238.0,2239.5,1771
2026-09-06 13:10:00,2026-09-06 10:10:00+00:00,2026-09-06 10:20:00+00:00,2239.5,2239.5,2236.0,2238.5,3644
2026-09-06 13:20:00,2026-09-06 10:20:00+00:00,2026-09-06 10:30:00+00:00,2238.5,2241.5,2237.5,2241.0,6278
2026-09-06 13:30:00,2026-09-06 10:30:00+00:00,2026-09-06 10:40:00+00:00,2241.5,2243.0,2241.0,2243.0,6498
2026-09-06 13:40:00,2026-09-06 10:40:00+00:00,2026-09-06 10:50:00+00:00,2243.0,2243.0,2241.0,2241.5,2005
2026-09-06 13:50:00,2026-09-06 10:50:00+00:00,2026-09-06 11:00:00+00:00,2241.5,2242.0,2241.0,2241.0,4332
2026-09-06 14:00:00,2026-09-06 11:00:00+00:00,2026-09-06 11:10:00+00:00,2241.0,2241.5,2240.0,2240.5,2416
2026-09-06 14:10:00,2026-09-06 11:10:00+00:00,2026-09-06 11:20:00+00:00,2240.0,2242.0,2239.5,2239.5,1635
2026-09-06 14:20:00,2026-09-06 11:20:00+00:00,2026-09-06 11:30:00+00:00,2239.5,2241.5,2239.5,2240.0,2327
2026-09-06 14:30:00,2026-09-06 11:30:00+00:00,2026-09-06 11:40:00+00:00,2240.0,2241.0,2238.0,2238.0,2133
2026-09-06 14:40:00,2026-09-06 11:40:00+00:00,2026-09-06 11:50:00+00:00,2238.5,2238.5,2236.0,2237.5,4065
2026-09-06 14:50:00,2026-09-06 11:50:00+00:00,2026-09-06 12:00:00+00:00,2237.5,2238.0,2234.5,2235.0,5302
2026-09-06 15:00:00,2026-09-06 12:00:00+00:00,2026-09-06 12:10:00+00:00,2235.0,2237.0,2235.0,2236.5,2430
2026-09-06 15:10:00,2026-09-06 12:10:00+00:00,2026-09-06 12:20:00+00:00,2237.0,2239.5,2236.5,2239.0,1269
2026-09-06 15:20:00,2026-09-06 12:20:00+00:00,2026-09-06 12:30:00+00:00,2238.5,2239.0,2237.5,2238.0,423
2026-09-06 15:30:00,2026-09-06 12:30:00+00:00,2026-09-06 12:40:00+00:00,2237.5,2239.0,2237.5,2238.0,1413
2026-09-06 15:40:00,2026-09-06 12:40:00+00:00,2026-09-06 12:50:00+00:00,2238.0,2239.0,2238.0,2238.0,570
2026-09-06 15:50:00,2026-09-06 12:50:00+00:00,2026-09-06 13:00:00+00:00,2238.0,2241.5,2238.0,2239.0,3594
2026-09-06 16:00:00,2026-09-06 13:00:00+00:00,2026-09-06 13:10:00+00:00,2239.0,2239.0,2237.0,2238.5,1807
2026-09-06 16:10:00,2026-09-06 13:10:00+00:00,2026-09-06 13:20:00+00:00,2238.5,2238.5,2236.0,2237.5,2093
2026-09-06 16:20:00,2026-09-06 13:20:00+00:00,2026-09-06 13:30:00+00:00,2237.0,2238.0,2236.5,2237.0,591
2026-09-06 16:30:00,2026-09-06 13:30:00+00:00,2026-09-06 13:40:00+00:00,2237.5,2238.0,2237.0,2237.5,1475
2026-09-06 16:40:00,2026-09-06 13:40:00+00:00,2026-09-06 13:50:00+00:00,2237.0,2237.5,2235.5,2236.0,1663
2026-09-06 16:50:00,2026-09-06 13:50:00+00:00,2026-09-06 14:00:00+00:00,2236.0,2237.0,2235.5,2236.0,2351
2026-09-06 17:00:00,2026-09-06 14:00:00+00:00,2026-09-06 14:10:00+00:00,2236.0,2237.0,2231.5,2236.0,12317
2026-09-06 17:10:00,2026-09-06 14:10:00+00:00,2026-09-06 14:20:00+00:00,2235.5,2236.0,2230.5,2231.5,11640
2026-09-06 17:20:00,2026-09-06 14:20:00+00:00,2026-09-06 14:30:00+00:00,2231.0,2234.0,2230.0,2231.5,7457
2026-09-06 17:30:00,2026-09-06 14:30:00+00:00,2026-09-06 14:40:00+00:00,2231.5,2234.5,2231.0,2233.0,4694
2026-09-06 17:40:00,2026-09-06 14:40:00+00:00,2026-09-06 14:50:00+00:00,2233.5,2234.0,2232.0,2232.0,2293
2026-09-06 17:50:00,2026-09-06 14:50:00+00:00,2026-09-06 15:00:00+00:00,2232.5,2232.5,2227.5,2229.5,9155
2026-09-06 18:00:00,2026-09-06 15:00:00+00:00,2026-09-06 15:10:00+00:00,2229.0,2233.5,2228.0,2228.5,7026
2026-09-06 18:10:00,2026-09-06 15:10:00+00:00,2026-09-06 15:20:00+00:00,2228.0,2230.0,2227.5,2228.5,4648
2026-09-06 18:20:00,2026-09-06 15:20:00+00:00,2026-09-06 15:30:00+00:00,2228.0,2230.5,2227.0,2229.0,6433
2026-09-06 18:30:00,2026-09-06 15:30:00+00:00,2026-09-06 15:40:00+00:00,2229.0,2230.5,2227.0,2229.5,3721
2026-09-06 18:40:00,2026-09-06 15:40:00+00:00,2026-09-06 15:50:00+00:00,2229.0,2231.0,2227.5,2227.5,5159
2026-09-06 18:50:00,2026-09-06 15:50:00+00:00,2026-09-06 16:00:00+00:00,2227.5,2229.5,2226.0,2226.5,8395
2026-09-07 06:50:00,2026-09-07 03:50:00+00:00,2026-09-07 04:00:00+00:00,2231.0,2231.0,2231.0,2231.0,1237
2026-09-07 07:00:00,2026-09-07 04:00:00+00:00,2026-09-07 04:10:00+00:00,2230.5,2238.5,2230.0,2237.5,32408
2026-09-07 07:10:00,2026-09-07 04:10:00+00:00,2026-09-07 04:20:00+00:00,2237.0,2246.0,2237.0,2241.5,32654
2026-09-07 07:20:00,2026-09-07 04:20:00+00:00,2026-09-07 04:30:00+00:00,2241.0,2245.5,2241.0,2242.5,7998
2026-09-07 07:30:00,2026-09-07 04:30:00+00:00,2026-09-07 04:40:00+00:00,2242.0,2242.5,2237.0,2239.5,8920
2026-09-07 07:40:00,2026-09-07 04:40:00+00:00,2026-09-07 04:50:00+00:00,2239.0,2242.0,2239.0,2239.5,2713
2026-09-07 07:50:00,2026-09-07 04:50:00+00:00,2026-09-07 05:00:00+00:00,2240.0,2240.5,2238.0,2238.0,2823
2026-09-07 08:00:00,2026-09-07 05:00:00+00:00,2026-09-07 05:10:00+00:00,2238.0,2241.5,2237.0,2241.5,4331
2026-09-07 08:10:00,2026-09-07 05:10:00+00:00,2026-09-07 05:20:00+00:00,2241.5,2243.0,2240.0,2243.0,8144
2026-09-07 08:20:00,2026-09-07 05:20:00+00:00,2026-09-07 05:30:00+00:00,2242.5,2243.5,2242.5,2242.5,6271
2026-09-07 08:30:00,2026-09-07 05:30:00+00:00,2026-09-07 05:40:00+00:00,2242.5,2242.5,2239.0,2239.0,5391
2026-09-07 08:40:00,2026-09-07 05:40:00+00:00,2026-09-07 05:50:00+00:00,2239.5,2242.0,2239.5,2242.0,2420
2026-09-07 08:50:00,2026-09-07 05:50:00+00:00,2026-09-07 06:00:00+00:00,2241.5,2244.0,2241.5,2244.0,8760
2026-09-07 09:00:00,2026-09-07 06:00:00+00:00,2026-09-07 06:10:00+00:00,2244.0,2248.5,2243.0,2245.0,36896
2026-09-07 09:10:00,2026-09-07 06:10:00+00:00,2026-09-07 06:20:00+00:00,2245.0,2245.5,2242.0,2244.0,11736
2026-09-07 09:20:00,2026-09-07 06:20:00+00:00,2026-09-07 06:30:00+00:00,2244.0,2244.5,2242.0,2242.0,3439
2026-09-07 09:30:00,2026-09-07 06:30:00+00:00,2026-09-07 06:40:00+00:00,2242.0,2243.5,2240.5,2242.0,6149
2026-09-07 09:40:00,2026-09-07 06:40:00+00:00,2026-09-07 06:50:00+00:00,2242.0,2244.0,2241.0,2242.0,5222
2026-09-07 09:50:00,2026-09-07 06:50:00+00:00,2026-09-07 07:00:00+00:00,2242.0,2242.0,2236.0,2238.0,19519
2026-09-07 10:00:00,2026-09-07 07:00:00+00:00,2026-09-07 07:10:00+00:00,2238.0,2242.0,2237.0,2239.0,16821
2026-09-07 10:10:00,2026-09-07 07:10:00+00:00,2026-09-07 07:20:00+00:00,2239.0,2245.5,2237.5,2243.5,16159
2026-09-07 10:20:00,2026-09-07 07:20:00+00:00,2026-09-07 07:30:00+00:00,2243.5,2244.0,2239.5,2239.5,11284
2026-09-07 10:30:00,2026-09-07 07:30:00+00:00,2026-09-07 07:40:00+00:00,2239.5,2243.0,2236.0,2238.5,28634
2026-09-07 10:40:00,2026-09-07 07:40:00+00:00,2026-09-07 07:50:00+00:00,2238.0,2243.5,2237.5,2242.5,13596
2026-09-07 10:50:00,2026-09-07 07:50:00+00:00,2026-09-07 08:00:00+00:00,2242.5,2243.5,2239.5,2240.5,13717
2026-09-07 11:00:00,2026-09-07 08:00:00+00:00,2026-09-07 08:10:00+00:00,2241.0,2245.5,2239.5,2245.0,12956
2026-09-07 11:10:00,2026-09-07 08:10:00+00:00,2026-09-07 08:20:00+00:00,2244.5,2245.0,2241.0,2244.0,10268
2026-09-07 11:20:00,2026-09-07 08:20:00+00:00,2026-09-07 08:30:00+00:00,2244.0,2245.0,2240.5,2240.5,9563
2026-09-07 11:30:00,2026-09-07 08:30:00+00:00,2026-09-07 08:40:00+00:00,2241.0,2241.5,2239.0,2241.0,16965
2026-09-07 11:40:00,2026-09-07 08:40:00+00:00,2026-09-07 08:50:00+00:00,2241.5,2241.5,2238.5,2238.5,5303
2026-09-07 11:50:00,2026-09-07 08:50:00+00:00,2026-09-07 09:00:00+00:00,2238.5,2247.0,2237.0,2242.5,37196
2026-09-07 12:00:00,2026-09-07 09:00:00+00:00,2026-09-07 09:10:00+00:00,2243.5,2246.0,2241.5,2246.0,16678
2026-09-07 12:10:00,2026-09-07 09:10:00+00:00,2026-09-07 09:20:00+00:00,2246.0,2253.0,2242.5,2250.5,47526
2026-09-07 12:20:00,2026-09-07 09:20:00+00:00,2026-09-07 09:30:00+00:00,2251.0,2252.0,2249.0,2250.0,16984
2026-09-07 12:30:00,2026-09-07 09:30:00+00:00,2026-09-07 09:40:00+00:00,2250.5,2251.5,2248.0,2248.5,11339
2026-09-07 12:40:00,2026-09-07 09:40:00+00:00,2026-09-07 09:50:00+00:00,2248.5,2250.0,2246.5,2248.0,10483
2026-09-07 12:50:00,2026-09-07 09:50:00+00:00,2026-09-07 10:00:00+00:00,2248.0,2251.5,2248.0,2249.5,16187
2026-09-07 13:00:00,2026-09-07 10:00:00+00:00,2026-09-07 10:10:00+00:00,2250.0,2252.0,2247.0,2249.0,12026
2026-09-07 13:10:00,2026-09-07 10:10:00+00:00,2026-09-07 10:20:00+00:00,2249.5,2253.5,2249.5,2253.0,17401
2026-09-07 13:20:00,2026-09-07 10:20:00+00:00,2026-09-07 10:30:00+00:00,2252.0,2253.0,2250.0,2251.0,6888
2026-09-07 13:30:00,2026-09-07 10:30:00+00:00,2026-09-07 10:40:00+00:00,2250.5,2251.5,2249.5,2250.0,3458
2026-09-07 13:40:00,2026-09-07 10:40:00+00:00,2026-09-07 10:50:00+00:00,2250.0,2253.0,2249.5,2251.5,8603
2026-09-07 13:50:00,2026-09-07 10:50:00+00:00,2026-09-07 11:00:00+00:00,2251.5,2258.5,2250.0,2257.5,36168
2026-09-07 14:00:00,2026-09-07 11:00:00+00:00,2026-09-07 11:10:00+00:00,2257.5,2258.5,2254.5,2256.5,24715
2026-09-07 14:10:00,2026-09-07 11:10:00+00:00,2026-09-07 11:20:00+00:00,2256.5,2258.5,2256.0,2257.0,8902
2026-09-07 14:20:00,2026-09-07 11:20:00+00:00,2026-09-07 11:30:00+00:00,2256.5,2257.0,2254.5,2254.5,8766
2026-09-07 14:30:00,2026-09-07 11:30:00+00:00,2026-09-07 11:40:00+00:00,2255.0,2256.5,2251.0,2251.5,27977
2026-09-07 14:40:00,2026-09-07 11:40:00+00:00,2026-09-07 11:50:00+00:00,2251.5,2253.0,2250.0,2253.0,7573
2026-09-07 14:50:00,2026-09-07 11:50:00+00:00,2026-09-07 12:00:00+00:00,2253.0,2253.0,2251.0,2251.5,4298
2026-09-07 15:00:00,2026-09-07 12:00:00+00:00,2026-09-07 12:10:00+00:00,2252.0,2253.0,2251.0,2252.0,4726
2026-09-07 15:10:00,2026-09-07 12:10:00+00:00,2026-09-07 12:20:00+00:00,2252.5,2254.5,2251.0,2251.5,5584
2026-09-07 15:20:00,2026-09-07 12:20:00+00:00,2026-09-07 12:30:00+00:00,2251.5,2254.0,2250.5,2253.5,4901
2026-09-07 15:30:00,2026-09-07 12:30:00+00:00,2026-09-07 12:40:00+00:00,2253.5,2255.0,2253.0,2255.0,4300
2026-09-07 15:40:00,2026-09-07 12:40:00+00:00,2026-09-07 12:50:00+00:00,2255.0,2255.0,2253.0,2254.0,4410
2026-09-07 15:50:00,2026-09-07 12:50:00+00:00,2026-09-07 13:00:00+00:00,2254.0,2254.5,2252.5,2254.0,4924
2026-09-07 16:00:00,2026-09-07 13:00:00+00:00,2026-09-07 13:10:00+00:00,2254.0,2255.0,2253.0,2254.5,5693
2026-09-07 16:10:00,2026-09-07 13:10:00+00:00,2026-09-07 13:20:00+00:00,2254.5,2255.5,2252.0,2253.0,6693
2026-09-07 16:20:00,2026-09-07 13:20:00+00:00,2026-09-07 13:30:00+00:00,2252.0,2254.5,2251.5,2253.5,7013
2026-09-07 16:30:00,2026-09-07 13:30:00+00:00,2026-09-07 13:40:00+00:00,2253.0,2254.0,2252.0,2252.5,2893
2026-09-07 16:40:00,2026-09-07 13:40:00+00:00,2026-09-07 13:50:00+00:00,2252.0,2254.0,2252.0,2253.0,4378
2026-09-07 16:50:00,2026-09-07 13:50:00+00:00,2026-09-07 14:00:00+00:00,2252.5,2254.0,2252.0,2253.5,2554
2026-09-07 17:00:00,2026-09-07 14:00:00+00:00,2026-09-07 14:10:00+00:00,2253.5,2254.5,2252.5,2253.5,3876
2026-09-07 17:10:00,2026-09-07 14:10:00+00:00,2026-09-07 14:20:00+00:00,2253.5,2257.5,2253.0,2253.5,14151
2026-09-07 17:20:00,2026-09-07 14:20:00+00:00,2026-09-07 14:30:00+00:00,2253.0,2257.0,2253.0,2257.0,3546
2026-09-07 17:30:00,2026-09-07 14:30:00+00:00,2026-09-07 14:40:00+00:00,2256.5,2257.0,2254.5,2256.5,6091
2026-09-07 17:40:00,2026-09-07 14:40:00+00:00,2026-09-07 14:50:00+00:00,2256.5,2263.0,2256.5,2261.5,37722
2026-09-07 17:50:00,2026-09-07 14:50:00+00:00,2026-09-07 15:00:00+00:00,2261.5,2266.5,2261.0,2264.5,32012
2026-09-07 18:00:00,2026-09-07 15:00:00+00:00,2026-09-07 15:10:00+00:00,2264.5,2268.0,2264.5,2268.0,23254
2026-09-07 18:10:00,2026-09-07 15:10:00+00:00,2026-09-07 15:20:00+00:00,2268.0,2268.0,2261.0,2262.5,35793
2026-09-07 18:20:00,2026-09-07 15:20:00+00:00,2026-09-07 15:30:00+00:00,2262.5,2265.5,2262.0,2264.5,12524
2026-09-07 18:30:00,2026-09-07 15:30:00+00:00,2026-09-07 15:40:00+00:00,2264.0,2269.5,2264.0,2269.0,21211
2026-09-07 18:40:00,2026-09-07 15:40:00+00:00,2026-09-07 15:50:00+00:00,2269.5,2269.5,2266.5,2266.5,12615
2026-09-07 18:50:00,2026-09-07 15:50:00+00:00,2026-09-07 16:00:00+00:00,2266.5,2269.0,2265.5,2266.0,12411
2026-09-07 19:00:00,2026-09-07 16:00:00+00:00,2026-09-07 16:10:00+00:00,2266.5,2268.0,2265.5,2266.0,12235
2026-09-07 19:10:00,2026-09-07 16:10:00+00:00,2026-09-07 16:20:00+00:00,2266.5,2267.0,2264.0,2264.5,9998
2026-09-07 19:20:00,2026-09-07 16:20:00+00:00,2026-09-07 16:30:00+00:00,2264.0,2266.0,2263.5,2265.0,11035
2026-09-07 19:30:00,2026-09-07 16:30:00+00:00,2026-09-07 16:40:00+00:00,2265.0,2267.0,2264.5,2267.0,6178
2026-09-07 19:40:00,2026-09-07 16:40:00+00:00,2026-09-07 16:50:00+00:00,2266.5,2269.0,2265.5,2265.5,6124
2026-09-07 19:50:00,2026-09-07 16:50:00+00:00,2026-09-07 17:00:00+00:00,2265.5,2266.5,2264.5,2266.0,3479
2026-09-07 20:00:00,2026-09-07 17:00:00+00:00,2026-09-07 17:10:00+00:00,2266.0,2276.5,2265.0,2271.5,78941
2026-09-07 20:10:00,2026-09-07 17:10:00+00:00,2026-09-07 17:20:00+00:00,2271.5,2272.5,2270.0,2270.5,7819
2026-09-07 20:20:00,2026-09-07 17:20:00+00:00,2026-09-07 17:30:00+00:00,2270.5,2274.0,2270.5,2272.5,8355
2026-09-07 20:30:00,2026-09-07 17:30:00+00:00,2026-09-07 17:40:00+00:00,2272.5,2273.0,2272.0,2272.0,2648
2026-09-07 20:40:00,2026-09-07 17:40:00+00:00,2026-09-07 17:50:00+00:00,2272.5,2274.5,2271.5,2272.5,7538
2026-09-07 20:50:00,2026-09-07 17:50:00+00:00,2026-09-07 18:00:00+00:00,2272.5,2276.5,2272.0,2276.0,15841
2026-09-07 21:00:00,2026-09-07 18:00:00+00:00,2026-09-07 18:10:00+00:00,2275.5,2276.5,2273.0,2273.0,10969
2026-09-07 21:10:00,2026-09-07 18:10:00+00:00,2026-09-07 18:20:00+00:00,2273.0,2274.0,2272.5,2274.0,6111
2026-09-07 21:20:00,2026-09-07 18:20:00+00:00,2026-09-07 18:30:00+00:00,2273.5,2275.0,2273.5,2274.5,4397
2026-09-07 21:30:00,2026-09-07 18:30:00+00:00,2026-09-07 18:40:00+00:00,2275.0,2276.0,2274.0,2276.0,5448
2026-09-07 21:40:00,2026-09-07 18:40:00+00:00,2026-09-07 18:50:00+00:00,2276.0,2278.0,2275.5,2276.5,23618
2026-09-07 21:50:00,2026-09-07 18:50:00+00:00,2026-09-07 19:00:00+00:00,2277.0,2278.0,2275.5,2278.0,11134
2026-09-07 22:00:00,2026-09-07 19:00:00+00:00,2026-09-07 19:10:00+00:00,2277.5,2278.5,2276.5,2277.0,4868
2026-09-07 22:10:00,2026-09-07 19:10:00+00:00,2026-09-07 19:20:00+00:00,2277.0,2278.5,2277.0,2278.0,3382
2026-09-07 22:20:00,2026-09-07 19:20:00+00:00,2026-09-07 19:30:00+00:00,2278.0,2278.5,2277.0,2277.0,2583
2026-09-07 22:30:00,2026-09-07 19:30:00+00:00,2026-09-07 19:40:00+00:00,2277.0,2278.5,2277.0,2278.0,5678
2026-09-07 22:40:00,2026-09-07 19:40:00+00:00,2026-09-07 19:50:00+00:00,2278.0,2278.0,2274.5,2275.0,12022
2026-09-07 22:50:00,2026-09-07 19:50:00+00:00,2026-09-07 20:00:00+00:00,2274.5,2275.5,2274.0,2275.5,5280
2026-09-07 23:00:00,2026-09-07 20:00:00+00:00,2026-09-07 20:10:00+00:00,2275.0,2276.0,2274.0,2275.0,4896
2026-09-07 23:10:00,2026-09-07 20:10:00+00:00,2026-09-07 20:20:00+00:00,2275.0,2276.0,2274.5,2275.5,1693
2026-09-07 23:20:00,2026-09-07 20:20:00+00:00,2026-09-07 20:30:00+00:00,2275.5,2275.5,2274.5,2275.0,2546
2026-09-07 23:30:00,2026-09-07 20:30:00+00:00,2026-09-07 20:40:00+00:00,2274.5,2275.0,2274.0,2274.5,3095
2026-09-07 23:40:00,2026-09-07 20:40:00+00:00,2026-09-07 20:50:00+00:00,2274.0,2274.5,2269.5,2272.0,15428
2026-09-08 06:50:00,2026-09-08 03:50:00+00:00,2026-09-08 04:00:00+00:00,2271.0,2271.0,2271.0,2271.0,72
2026-09-08 07:00:00,2026-09-08 04:00:00+00:00,2026-09-08 04:10:00+00:00,2270.5,2276.0,2267.5,2274.5,19182
2026-09-08 07:10:00,2026-09-08 04:10:00+00:00,2026-09-08 04:20:00+00:00,2274.5,2277.0,2274.5,2276.0,6990
2026-09-08 07:20:00,2026-09-08 04:20:00+00:00,2026-09-08 04:30:00+00:00,2276.5,2276.5,2274.5,2276.0,3023
2026-09-08 07:30:00,2026-09-08 04:30:00+00:00,2026-09-08 04:40:00+00:00,2276.0,2276.0,2268.0,2271.0,15658
2026-09-08 07:40:00,2026-09-08 04:40:00+00:00,2026-09-08 04:50:00+00:00,2270.5,2271.0,2269.0,2271.0,5170
2026-09-08 07:50:00,2026-09-08 04:50:00+00:00,2026-09-08 05:00:00+00:00,2271.0,2273.0,2270.5,2273.0,2840
2026-09-08 08:00:00,2026-09-08 05:00:00+00:00,2026-09-08 05:10:00+00:00,2273.0,2273.0,2269.5,2269.5,4573
2026-09-08 08:10:00,2026-09-08 05:10:00+00:00,2026-09-08 05:20:00+00:00,2270.0,2271.0,2268.5,2269.5,4510
2026-09-08 08:20:00,2026-09-08 05:20:00+00:00,2026-09-08 05:30:00+00:00,2269.5,2271.0,2269.0,2270.0,6144
2026-09-08 08:30:00,2026-09-08 05:30:00+00:00,2026-09-08 05:40:00+00:00,2269.5,2270.5,2268.0,2268.5,8794
2026-09-08 08:40:00,2026-09-08 05:40:00+00:00,2026-09-08 05:50:00+00:00,2268.5,2270.0,2268.5,2269.5,2560
2026-09-08 08:50:00,2026-09-08 05:50:00+00:00,2026-09-08 06:00:00+00:00,2269.0,2269.5,2265.0,2267.5,22915
2026-09-08 09:00:00,2026-09-08 06:00:00+00:00,2026-09-08 06:10:00+00:00,2267.5,2267.5,2263.0,2263.5,22530
2026-09-08 09:10:00,2026-09-08 06:10:00+00:00,2026-09-08 06:20:00+00:00,2264.0,2265.5,2263.5,2264.5,8226
2026-09-08 09:20:00,2026-09-08 06:20:00+00:00,2026-09-08 06:30:00+00:00,2264.5,2272.0,2264.5,2270.0,23405
2026-09-08 09:30:00,2026-09-08 06:30:00+00:00,2026-09-08 06:40:00+00:00,2270.5,2271.0,2268.5,2270.0,7794
2026-09-08 09:40:00,2026-09-08 06:40:00+00:00,2026-09-08 06:50:00+00:00,2270.0,2271.0,2266.5,2267.0,8378
2026-09-08 09:50:00,2026-09-08 06:50:00+00:00,2026-09-08 07:00:00+00:00,2267.0,2271.0,2267.0,2269.0,8601
2026-09-08 10:00:00,2026-09-08 07:00:00+00:00,2026-09-08 07:10:00+00:00,2269.0,2269.0,2259.5,2262.0,55453
2026-09-08 10:10:00,2026-09-08 07:10:00+00:00,2026-09-08 07:20:00+00:00,2261.5,2264.0,2260.5,2263.0,15594
2026-09-08 10:20:00,2026-09-08 07:20:00+00:00,2026-09-08 07:30:00+00:00,2263.0,2263.5,2257.5,2258.0,20574
2026-09-08 10:30:00,2026-09-08 07:30:00+00:00,2026-09-08 07:40:00+00:00,2258.0,2261.0,2256.0,2259.0,29887
2026-09-08 10:40:00,2026-09-08 07:40:00+00:00,2026-09-08 07:50:00+00:00,2259.0,2262.0,2257.5,2262.0,14155
2026-09-08 10:50:00,2026-09-08 07:50:00+00:00,2026-09-08 08:00:00+00:00,2262.0,2263.0,2260.0,2260.5,10101
2026-09-08 11:00:00,2026-09-08 08:00:00+00:00,2026-09-08 08:10:00+00:00,2260.5,2269.0,2259.5,2267.0,30921
2026-09-08 11:10:00,2026-09-08 08:10:00+00:00,2026-09-08 08:20:00+00:00,2267.0,2270.0,2265.0,2268.0,17872
2026-09-08 11:20:00,2026-09-08 08:20:00+00:00,2026-09-08 08:30:00+00:00,2268.0,2268.0,2262.0,2264.5,18357
2026-09-08 11:30:00,2026-09-08 08:30:00+00:00,2026-09-08 08:40:00+00:00,2265.0,2268.5,2263.5,2267.5,8900
2026-09-08 11:40:00,2026-09-08 08:40:00+00:00,2026-09-08 08:50:00+00:00,2267.5,2275.0,2265.0,2273.0,34471
2026-09-08 11:50:00,2026-09-08 08:50:00+00:00,2026-09-08 09:00:00+00:00,2273.0,2275.0,2272.0,2274.0,16587
2026-09-08 12:00:00,2026-09-08 09:00:00+00:00,2026-09-08 09:10:00+00:00,2274.0,2286.0,2273.0,2285.5,64369
2026-09-08 12:10:00,2026-09-08 09:10:00+00:00,2026-09-08 09:20:00+00:00,2286.0,2287.0,2280.0,2281.0,34611
2026-09-08 12:20:00,2026-09-08 09:20:00+00:00,2026-09-08 09:30:00+00:00,2281.0,2289.5,2280.0,2288.0,48539
2026-09-08 12:30:00,2026-09-08 09:30:00+00:00,2026-09-08 09:40:00+00:00,2288.5,2293.0,2287.5,2290.5,53640
2026-09-08 12:40:00,2026-09-08 09:40:00+00:00,2026-09-08 09:50:00+00:00,2291.0,2291.0,2288.0,2290.0,25364
2026-09-08 12:50:00,2026-09-08 09:50:00+00:00,2026-09-08 10:00:00+00:00,2289.5,2290.0,2287.0,2287.5,16442
2026-09-08 13:00:00,2026-09-08 10:00:00+00:00,2026-09-08 10:10:00+00:00,2288.0,2289.5,2286.5,2288.5,9179
2026-09-08 13:10:00,2026-09-08 10:10:00+00:00,2026-09-08 10:20:00+00:00,2288.0,2299.5,2287.0,2294.5,85154
2026-09-08 13:20:00,2026-09-08 10:20:00+00:00,2026-09-08 10:30:00+00:00,2295.0,2295.5,2292.0,2293.5,12778
2026-09-08 13:30:00,2026-09-08 10:30:00+00:00,2026-09-08 10:40:00+00:00,2294.0,2298.0,2293.0,2294.5,17870
2026-09-08 13:40:00,2026-09-08 10:40:00+00:00,2026-09-08 10:50:00+00:00,2294.5,2297.0,2294.0,2295.0,8292
2026-09-08 13:50:00,2026-09-08 10:50:00+00:00,2026-09-08 11:00:00+00:00,2295.0,2304.5,2294.5,2300.0,63304
2026-09-08 14:00:00,2026-09-08 11:00:00+00:00,2026-09-08 11:10:00+00:00,2300.5,2302.0,2297.5,2298.5,25150
2026-09-08 14:10:00,2026-09-08 11:10:00+00:00,2026-09-08 11:20:00+00:00,2298.0,2301.0,2298.0,2300.0,20157
2026-09-08 14:20:00,2026-09-08 11:20:00+00:00,2026-09-08 11:30:00+00:00,2300.5,2307.0,2300.0,2305.0,39907
2026-09-08 14:30:00,2026-09-08 11:30:00+00:00,2026-09-08 11:40:00+00:00,2304.5,2305.0,2300.0,2300.0,26542
2026-09-08 14:40:00,2026-09-08 11:40:00+00:00,2026-09-08 11:50:00+00:00,2300.5,2302.0,2298.0,2298.5,18659
2026-09-08 14:50:00,2026-09-08 11:50:00+00:00,2026-09-08 12:00:00+00:00,2298.0,2301.5,2297.5,2298.0,11406
2026-09-08 15:00:00,2026-09-08 12:00:00+00:00,2026-09-08 12:10:00+00:00,2298.0,2298.5,2294.5,2295.0,22333
2026-09-08 15:10:00,2026-09-08 12:10:00+00:00,2026-09-08 12:20:00+00:00,2296.0,2299.0,2295.0,2299.0,9648
2026-09-08 15:20:00,2026-09-08 12:20:00+00:00,2026-09-08 12:30:00+00:00,2299.0,2300.0,2295.5,2300.0,12855
2026-09-08 15:30:00,2026-09-08 12:30:00+00:00,2026-09-08 12:40:00+00:00,2300.0,2300.5,2297.5,2300.5,11225
2026-09-08 15:40:00,2026-09-08 12:40:00+00:00,2026-09-08 12:50:00+00:00,2300.0,2301.0,2295.5,2298.0,8855
2026-09-08 15:50:00,2026-09-08 12:50:00+00:00,2026-09-08 13:00:00+00:00,2298.5,2300.0,2298.0,2299.5,6967
2026-09-08 16:00:00,2026-09-08 13:00:00+00:00,2026-09-08 13:10:00+00:00,2299.0,2300.5,2296.5,2299.0,10350
2026-09-08 16:10:00,2026-09-08 13:10:00+00:00,2026-09-08 13:20:00+00:00,2299.0,2303.0,2295.0,2295.5,19765
2026-09-08 16:20:00,2026-09-08 13:20:00+00:00,2026-09-08 13:30:00+00:00,2296.0,2297.0,2284.5,2289.0,78037
2026-09-08 16:30:00,2026-09-08 13:30:00+00:00,2026-09-08 13:40:00+00:00,2288.5,2289.0,2281.0,2282.5,45150
2026-09-08 16:40:00,2026-09-08 13:40:00+00:00,2026-09-08 13:50:00+00:00,2282.0,2287.0,2280.5,2286.0,34066
2026-09-08 16:50:00,2026-09-08 13:50:00+00:00,2026-09-08 14:00:00+00:00,2286.0,2290.5,2284.5,2288.0,20153
2026-09-08 17:00:00,2026-09-08 14:00:00+00:00,2026-09-08 14:10:00+00:00,2288.5,2288.5,2284.0,2285.0,17724
2026-09-08 17:10:00,2026-09-08 14:10:00+00:00,2026-09-08 14:20:00+00:00,2285.5,2297.0,2282.0,2282.0,55069
2026-09-08 17:20:00,2026-09-08 14:20:00+00:00,2026-09-08 14:30:00+00:00,2283.0,2284.0,2269.5,2273.0,134863
2026-09-08 17:30:00,2026-09-08 14:30:00+00:00,2026-09-08 14:40:00+00:00,2273.0,2278.5,2271.0,2276.5,27593
2026-09-08 17:40:00,2026-09-08 14:40:00+00:00,2026-09-08 14:50:00+00:00,2276.5,2277.5,2268.0,2269.5,37368
2026-09-08 17:50:00,2026-09-08 14:50:00+00:00,2026-09-08 15:00:00+00:00,2269.5,2275.0,2266.0,2268.5,49446
2026-09-08 18:00:00,2026-09-08 15:00:00+00:00,2026-09-08 15:10:00+00:00,2268.0,2273.5,2267.0,2272.5,17753
2026-09-08 18:10:00,2026-09-08 15:10:00+00:00,2026-09-08 15:20:00+00:00,2273.0,2273.0,2266.0,2269.0,19989
2026-09-08 18:20:00,2026-09-08 15:20:00+00:00,2026-09-08 15:30:00+00:00,2269.5,2272.5,2269.0,2270.5,15958
2026-09-08 18:30:00,2026-09-08 15:30:00+00:00,2026-09-08 15:40:00+00:00,2270.5,2281.0,2270.0,2274.5,43301
2026-09-08 18:40:00,2026-09-08 15:40:00+00:00,2026-09-08 15:50:00+00:00,2274.5,2279.5,2274.5,2279.0,18643
2026-09-08 18:50:00,2026-09-08 15:50:00+00:00,2026-09-08 16:00:00+00:00,2278.5,2280.5,2276.0,2277.0,15812
2026-09-08 19:00:00,2026-09-08 16:00:00+00:00,2026-09-08 16:10:00+00:00,2276.5,2277.5,2272.5,2273.0,12824
2026-09-08 19:10:00,2026-09-08 16:10:00+00:00,2026-09-08 16:20:00+00:00,2273.5,2274.5,2269.0,2270.0,16583
2026-09-08 19:20:00,2026-09-08 16:20:00+00:00,2026-09-08 16:30:00+00:00,2270.0,2274.0,2269.5,2271.0,23256
2026-09-08 19:30:00,2026-09-08 16:30:00+00:00,2026-09-08 16:40:00+00:00,2270.5,2275.0,2270.5,2274.0,9706
2026-09-08 19:40:00,2026-09-08 16:40:00+00:00,2026-09-08 16:50:00+00:00,2274.0,2274.5,2269.5,2271.0,17903
2026-09-08 19:50:00,2026-09-08 16:50:00+00:00,2026-09-08 17:00:00+00:00,2271.0,2272.5,2270.0,2271.0,3793
2026-09-08 20:00:00,2026-09-08 17:00:00+00:00,2026-09-08 17:10:00+00:00,2271.0,2273.5,2270.0,2273.0,5133
2026-09-08 20:10:00,2026-09-08 17:10:00+00:00,2026-09-08 17:20:00+00:00,2273.5,2277.0,2272.5,2276.0,6361
2026-09-08 20:20:00,2026-09-08 17:20:00+00:00,2026-09-08 17:30:00+00:00,2275.5,2277.0,2274.5,2276.0,5928
2026-09-08 20:30:00,2026-09-08 17:30:00+00:00,2026-09-08 17:40:00+00:00,2276.5,2276.5,2274.0,2275.0,3296
2026-09-08 20:40:00,2026-09-08 17:40:00+00:00,2026-09-08 17:50:00+00:00,2275.0,2275.5,2273.5,2274.0,2207
2026-09-08 20:50:00,2026-09-08 17:50:00+00:00,2026-09-08 18:00:00+00:00,2274.5,2276.0,2274.0,2275.0,2215
2026-09-08 21:00:00,2026-09-08 18:00:00+00:00,2026-09-08 18:10:00+00:00,2275.0,2275.5,2273.5,2274.0,3939
2026-09-08 21:10:00,2026-09-08 18:10:00+00:00,2026-09-08 18:20:00+00:00,2274.0,2275.0,2274.0,2274.0,1400
2026-09-08 21:20:00,2026-09-08 18:20:00+00:00,2026-09-08 18:30:00+00:00,2274.0,2276.5,2273.5,2275.5,4747
2026-09-08 21:30:00,2026-09-08 18:30:00+00:00,2026-09-08 18:40:00+00:00,2276.0,2276.5,2274.0,2274.0,2338
2026-09-08 21:40:00,2026-09-08 18:40:00+00:00,2026-09-08 18:50:00+00:00,2274.5,2278.5,2273.5,2277.5,8139
2026-09-08 21:50:00,2026-09-08 18:50:00+00:00,2026-09-08 19:00:00+00:00,2277.5,2280.0,2276.0,2277.0,7042
2026-09-08 22:00:00,2026-09-08 19:00:00+00:00,2026-09-08 19:10:00+00:00,2277.0,2277.5,2275.0,2275.5,5610
2026-09-08 22:10:00,2026-09-08 19:10:00+00:00,2026-09-08 19:20:00+00:00,2276.0,2276.5,2275.0,2275.5,1884
2026-09-08 22:20:00,2026-09-08 19:20:00+00:00,2026-09-08 19:30:00+00:00,2276.0,2276.5,2275.0,2276.0,1912
2026-09-08 22:30:00,2026-09-08 19:30:00+00:00,2026-09-08 19:40:00+00:00,2275.5,2276.5,2275.0,2276.0,2389
2026-09-08 22:40:00,2026-09-08 19:40:00+00:00,2026-09-08 19:50:00+00:00,2275.5,2276.0,2275.0,2276.0,1617
2026-09-08 22:50:00,2026-09-08 19:50:00+00:00,2026-09-08 20:00:00+00:00,2275.5,2278.0,2275.5,2277.5,7045
2026-09-08 23:00:00,2026-09-08 20:00:00+00:00,2026-09-08 20:10:00+00:00,2277.5,2278.0,2276.5,2277.5,1895
2026-09-08 23:10:00,2026-09-08 20:10:00+00:00,2026-09-08 20:20:00+00:00,2277.5,2279.0,2276.5,2278.0,4807
2026-09-08 23:20:00,2026-09-08 20:20:00+00:00,2026-09-08 20:30:00+00:00,2278.5,2279.0,2277.5,2278.5,1778
2026-09-08 23:30:00,2026-09-08 20:30:00+00:00,2026-09-08 20:40:00+00:00,2278.5,2279.5,2278.0,2279.0,3504
2026-09-08 23:40:00,2026-09-08 20:40:00+00:00,2026-09-08 20:50:00+00:00,2279.0,2280.0,2278.5,2280.0,6656
2026-09-09 06:50:00,2026-09-09 03:50:00+00:00,2026-09-09 04:00:00+00:00,2280.0,2280.0,2280.0,2280.0,156
2026-09-09 07:00:00,2026-09-09 04:00:00+00:00,2026-09-09 04:10:00+00:00,2279.0,2279.5,2274.0,2277.5,15005
2026-09-09 07:10:00,2026-09-09 04:10:00+00:00,2026-09-09 04:20:00+00:00,2277.0,2277.5,2273.0,2273.0,8976
2026-09-09 07:20:00,2026-09-09 04:20:00+00:00,2026-09-09 04:30:00+00:00,2273.0,2275.0,2272.5,2274.0,7443
2026-09-09 07:30:00,2026-09-09 04:30:00+00:00,2026-09-09 04:40:00+00:00,2273.5,2275.5,2273.5,2275.0,2226
2026-09-09 07:40:00,2026-09-09 04:40:00+00:00,2026-09-09 04:50:00+00:00,2275.5,2276.5,2273.0,2274.5,1841
2026-09-09 07:50:00,2026-09-09 04:50:00+00:00,2026-09-09 05:00:00+00:00,2274.0,2276.5,2274.0,2276.5,1952
2026-09-09 08:00:00,2026-09-09 05:00:00+00:00,2026-09-09 05:10:00+00:00,2276.0,2277.0,2274.5,2275.0,4838
2026-09-09 08:10:00,2026-09-09 05:10:00+00:00,2026-09-09 05:20:00+00:00,2274.5,2277.0,2274.5,2276.5,3891
2026-09-09 08:20:00,2026-09-09 05:20:00+00:00,2026-09-09 05:30:00+00:00,2276.0,2276.0,2272.5,2273.5,8345
2026-09-09 08:30:00,2026-09-09 05:30:00+00:00,2026-09-09 05:40:00+00:00,2273.5,2275.0,2268.5,2270.0,20263
2026-09-09 08:40:00,2026-09-09 05:40:00+00:00,2026-09-09 05:50:00+00:00,2270.0,2270.5,2263.5,2264.0,26431
2026-09-09 08:50:00,2026-09-09 05:50:00+00:00,2026-09-09 06:00:00+00:00,2264.0,2268.5,2264.0,2266.5,16622
2026-09-09 09:00:00,2026-09-09 06:00:00+00:00,2026-09-09 06:10:00+00:00,2266.5,2270.5,2265.0,2269.0,13252
2026-09-09 09:10:00,2026-09-09 06:10:00+00:00,2026-09-09 06:20:00+00:00,2269.0,2271.5,2267.5,2268.5,6343
2026-09-09 09:20:00,2026-09-09 06:20:00+00:00,2026-09-09 06:30:00+00:00,2268.0,2269.5,2266.5,2267.5,6151
2026-09-09 09:30:00,2026-09-09 06:30:00+00:00,2026-09-09 06:40:00+00:00,2267.5,2269.5,2267.0,2267.5,4632
2026-09-09 09:40:00,2026-09-09 06:40:00+00:00,2026-09-09 06:50:00+00:00,2267.5,2269.0,2264.5,2264.5,11837
2026-09-09 09:50:00,2026-09-09 06:50:00+00:00,2026-09-09 07:00:00+00:00,2264.5,2269.5,2264.5,2266.5,12662
2026-09-09 10:00:00,2026-09-09 07:00:00+00:00,2026-09-09 07:10:00+00:00,2266.5,2269.5,2264.5,2266.0,16131
2026-09-09 10:10:00,2026-09-09 07:10:00+00:00,2026-09-09 07:20:00+00:00,2266.0,2268.5,2262.5,2266.0,25909
2026-09-09 10:20:00,2026-09-09 07:20:00+00:00,2026-09-09 07:30:00+00:00,2266.0,2275.0,2265.5,2271.0,33818
2026-09-09 10:30:00,2026-09-09 07:30:00+00:00,2026-09-09 07:40:00+00:00,2270.5,2274.0,2270.0,2273.0,11496
2026-09-09 10:40:00,2026-09-09 07:40:00+00:00,2026-09-09 07:50:00+00:00,2273.0,2273.0,2270.5,2271.0,4463
2026-09-09 10:50:00,2026-09-09 07:50:00+00:00,2026-09-09 08:00:00+00:00,2272.0,2283.5,2271.0,2282.5,32415
2026-09-09 11:00:00,2026-09-09 08:00:00+00:00,2026-09-09 08:10:00+00:00,2282.0,2288.0,2282.0,2285.0,51103
2026-09-09 11:10:00,2026-09-09 08:10:00+00:00,2026-09-09 08:20:00+00:00,2284.5,2285.0,2277.5,2278.0,28100
2026-09-09 11:20:00,2026-09-09 08:20:00+00:00,2026-09-09 08:30:00+00:00,2278.0,2279.5,2275.5,2277.0,15498
2026-09-09 11:30:00,2026-09-09 08:30:00+00:00,2026-09-09 08:40:00+00:00,2277.0,2279.5,2276.0,2279.5,7815
2026-09-09 11:40:00,2026-09-09 08:40:00+00:00,2026-09-09 08:50:00+00:00,2279.0,2281.5,2278.0,2280.5,19040
2026-09-09 11:50:00,2026-09-09 08:50:00+00:00,2026-09-09 09:00:00+00:00,2281.0,2281.0,2277.0,2278.0,5550
2026-09-09 12:00:00,2026-09-09 09:00:00+00:00,2026-09-09 09:10:00+00:00,2278.0,2280.0,2276.0,2276.0,7511
2026-09-09 12:10:00,2026-09-09 09:10:00+00:00,2026-09-09 09:20:00+00:00,2276.0,2278.0,2268.0,2270.0,29384
2026-09-09 12:20:00,2026-09-09 09:20:00+00:00,2026-09-09 09:30:00+00:00,2270.5,2271.0,2262.5,2263.5,38397
2026-09-09 12:30:00,2026-09-09 09:30:00+00:00,2026-09-09 09:40:00+00:00,2264.0,2266.0,2258.5,2266.0,54317
2026-09-09 12:40:00,2026-09-09 09:40:00+00:00,2026-09-09 09:50:00+00:00,2266.0,2266.0,2260.5,2262.0,14377
2026-09-09 12:50:00,2026-09-09 09:50:00+00:00,2026-09-09 10:00:00+00:00,2261.5,2265.5,2261.0,2264.0,12109
2026-09-09 13:00:00,2026-09-09 10:00:00+00:00,2026-09-09 10:10:00+00:00,2263.5,2265.0,2258.5,2262.5,18256
2026-09-09 13:10:00,2026-09-09 10:10:00+00:00,2026-09-09 10:20:00+00:00,2263.5,2264.5,2260.5,2261.0,15365
2026-09-09 13:20:00,2026-09-09 10:20:00+00:00,2026-09-09 10:30:00+00:00,2261.0,2263.0,2256.5,2257.5,42167
2026-09-09 13:30:00,2026-09-09 10:30:00+00:00,2026-09-09 10:40:00+00:00,2257.5,2260.5,2253.0,2260.0,46476
2026-09-09 13:40:00,2026-09-09 10:40:00+00:00,2026-09-09 10:50:00+00:00,2259.5,2262.5,2259.0,2261.0,19529
2026-09-09 13:50:00,2026-09-09 10:50:00+00:00,2026-09-09 11:00:00+00:00,2261.0,2261.0,2259.5,2260.0,6002
2026-09-09 14:00:00,2026-09-09 11:00:00+00:00,2026-09-09 11:10:00+00:00,2260.0,2260.5,2255.0,2256.5,18411
2026-09-09 14:10:00,2026-09-09 11:10:00+00:00,2026-09-09 11:20:00+00:00,2256.5,2261.5,2255.5,2259.0,20531
2026-09-09 14:20:00,2026-09-09 11:20:00+00:00,2026-09-09 11:30:00+00:00,2259.5,2268.0,2259.5,2266.5,55149
2026-09-09 14:30:00,2026-09-09 11:30:00+00:00,2026-09-09 11:40:00+00:00,2266.5,2272.0,2265.5,2266.5,45991
2026-09-09 14:40:00,2026-09-09 11:40:00+00:00,2026-09-09 11:50:00+00:00,2266.0,2268.5,2264.0,2266.0,13913
2026-09-09 14:50:00,2026-09-09 11:50:00+00:00,2026-09-09 12:00:00+00:00,2266.0,2268.0,2265.0,2266.0,7161
2026-09-09 15:00:00,2026-09-09 12:00:00+00:00,2026-09-09 12:10:00+00:00,2265.0,2266.0,2261.0,2261.5,18360
2026-09-09 15:10:00,2026-09-09 12:10:00+00:00,2026-09-09 12:20:00+00:00,2261.5,2263.5,2260.5,2262.0,6024
2026-09-09 15:20:00,2026-09-09 12:20:00+00:00,2026-09-09 12:30:00+00:00,2262.5,2266.0,2261.5,2265.5,10711
2026-09-09 15:30:00,2026-09-09 12:30:00+00:00,2026-09-09 12:40:00+00:00,2265.0,2265.5,2263.5,2264.0,3655
2026-09-09 15:40:00,2026-09-09 12:40:00+00:00,2026-09-09 12:50:00+00:00,2263.5,2274.0,2263.5,2270.0,35603
2026-09-09 15:50:00,2026-09-09 12:50:00+00:00,2026-09-09 13:00:00+00:00,2270.0,2272.5,2267.0,2269.5,11608
2026-09-09 16:00:00,2026-09-09 13:00:00+00:00,2026-09-09 13:10:00+00:00,2270.5,2272.0,2267.5,2267.5,10806
2026-09-09 16:10:00,2026-09-09 13:10:00+00:00,2026-09-09 13:20:00+00:00,2267.5,2270.0,2266.0,2267.5,6743
2026-09-09 16:20:00,2026-09-09 13:20:00+00:00,2026-09-09 13:30:00+00:00,2268.0,2270.0,2266.0,2269.0,7454
2026-09-09 16:30:00,2026-09-09 13:30:00+00:00,2026-09-09 13:40:00+00:00,2269.0,2271.5,2267.5,2269.0,8285
2026-09-09 16:40:00,2026-09-09 13:40:00+00:00,2026-09-09 13:50:00+00:00,2269.5,2275.5,2269.0,2274.0,26001
2026-09-09 16:50:00,2026-09-09 13:50:00+00:00,2026-09-09 14:00:00+00:00,2274.0,2276.0,2273.0,2274.0,11618
2026-09-09 17:00:00,2026-09-09 14:00:00+00:00,2026-09-09 14:10:00+00:00,2274.0,2275.5,2271.5,2271.5,14639
2026-09-09 17:10:00,2026-09-09 14:10:00+00:00,2026-09-09 14:20:00+00:00,2271.5,2273.0,2270.0,2271.0,9157
2026-09-09 17:20:00,2026-09-09 14:20:00+00:00,2026-09-09 14:30:00+00:00,2271.0,2278.0,2271.0,2274.5,22005
2026-09-09 17:30:00,2026-09-09 14:30:00+00:00,2026-09-09 14:40:00+00:00,2275.0,2276.0,2273.0,2273.5,4198
2026-09-09 17:40:00,2026-09-09 14:40:00+00:00,2026-09-09 14:50:00+00:00,2273.5,2274.0,2269.0,2270.5,14377
2026-09-09 17:50:00,2026-09-09 14:50:00+00:00,2026-09-09 15:00:00+00:00,2270.5,2271.0,2259.0,2261.5,52055
2026-09-09 18:00:00,2026-09-09 15:00:00+00:00,2026-09-09 15:10:00+00:00,2261.5,2267.0,2260.5,2265.0,31714
2026-09-09 18:10:00,2026-09-09 15:10:00+00:00,2026-09-09 15:20:00+00:00,2265.0,2268.5,2264.5,2267.5,13163
2026-09-09 18:20:00,2026-09-09 15:20:00+00:00,2026-09-09 15:30:00+00:00,2268.0,2268.0,2265.0,2266.0,8852
2026-09-09 18:30:00,2026-09-09 15:30:00+00:00,2026-09-09 15:40:00+00:00,2266.0,2267.0,2264.0,2265.0,5939
2026-09-09 18:40:00,2026-09-09 15:40:00+00:00,2026-09-09 15:50:00+00:00,2265.5,2267.0,2264.0,2266.0,2889
2026-09-09 18:50:00,2026-09-09 15:50:00+00:00,2026-09-09 16:00:00+00:00,2266.0,2267.5,2265.5,2267.0,5043
2026-09-09 19:00:00,2026-09-09 16:00:00+00:00,2026-09-09 16:10:00+00:00,2267.5,2272.0,2264.0,2264.5,23705
2026-09-09 19:10:00,2026-09-09 16:10:00+00:00,2026-09-09 16:20:00+00:00,2264.0,2267.5,2264.0,2266.0,4318
2026-09-09 19:20:00,2026-09-09 16:20:00+00:00,2026-09-09 16:30:00+00:00,2266.0,2268.0,2265.0,2267.5,3134
2026-09-09 19:30:00,2026-09-09 16:30:00+00:00,2026-09-09 16:40:00+00:00,2267.5,2272.0,2266.5,2271.0,22101
2026-09-09 19:40:00,2026-09-09 16:40:00+00:00,2026-09-09 16:50:00+00:00,2270.5,2271.5,2268.0,2270.0,12586
2026-09-09 19:50:00,2026-09-09 16:50:00+00:00,2026-09-09 17:00:00+00:00,2270.0,2270.5,2268.0,2270.0,11502
2026-09-09 20:00:00,2026-09-09 17:00:00+00:00,2026-09-09 17:10:00+00:00,2270.5,2273.0,2270.0,2270.0,13075
2026-09-09 20:10:00,2026-09-09 17:10:00+00:00,2026-09-09 17:20:00+00:00,2269.5,2271.0,2268.5,2270.5,5492
2026-09-09 20:20:00,2026-09-09 17:20:00+00:00,2026-09-09 17:30:00+00:00,2270.5,2272.0,2270.0,2271.0,4080
2026-09-09 20:30:00,2026-09-09 17:30:00+00:00,2026-09-09 17:40:00+00:00,2271.5,2273.0,2269.5,2270.0,11435
2026-09-09 20:40:00,2026-09-09 17:40:00+00:00,2026-09-09 17:50:00+00:00,2270.0,2270.5,2268.5,2268.5,4995
2026-09-09 20:50:00,2026-09-09 17:50:00+00:00,2026-09-09 18:00:00+00:00,2269.0,2269.0,2268.0,2268.5,2078
2026-09-09 21:00:00,2026-09-09 18:00:00+00:00,2026-09-09 18:10:00+00:00,2268.5,2269.5,2268.0,2268.5,3935
2026-09-09 21:10:00,2026-09-09 18:10:00+00:00,2026-09-09 18:20:00+00:00,2268.5,2270.0,2265.0,2267.0,9795
2026-09-09 21:20:00,2026-09-09 18:20:00+00:00,2026-09-09 18:30:00+00:00,2266.5,2267.0,2264.0,2266.0,11019
2026-09-09 21:30:00,2026-09-09 18:30:00+00:00,2026-09-09 18:40:00+00:00,2266.0,2271.0,2265.5,2267.5,10641
2026-09-09 21:40:00,2026-09-09 18:40:00+00:00,2026-09-09 18:50:00+00:00,2267.0,2269.5,2266.0,2269.0,2964
2026-09-09 21:50:00,2026-09-09 18:50:00+00:00,2026-09-09 19:00:00+00:00,2268.5,2269.5,2265.0,2265.5,8580
2026-09-09 22:00:00,2026-09-09 19:00:00+00:00,2026-09-09 19:10:00+00:00,2265.5,2266.0,2263.0,2265.5,10679
2026-09-09 22:10:00,2026-09-09 19:10:00+00:00,2026-09-09 19:20:00+00:00,2265.5,2266.0,2261.5,2263.5,16015
2026-09-09 22:20:00,2026-09-09 19:20:00+00:00,2026-09-09 19:30:00+00:00,2263.0,2264.0,2262.0,2264.0,3676
2026-09-09 22:30:00,2026-09-09 19:30:00+00:00,2026-09-09 19:40:00+00:00,2264.0,2264.0,2260.5,2261.0,8100
2026-09-09 22:40:00,2026-09-09 19:40:00+00:00,2026-09-09 19:50:00+00:00,2260.5,2262.5,2260.0,2261.0,5225
2026-09-09 22:50:00,2026-09-09 19:50:00+00:00,2026-09-09 20:00:00+00:00,2261.0,2262.5,2260.5,2262.5,2854
2026-09-09 23:00:00,2026-09-09 20:00:00+00:00,2026-09-09 20:10:00+00:00,2262.5,2262.5,2259.0,2259.5,5606
2026-09-09 23:10:00,2026-09-09 20:10:00+00:00,2026-09-09 20:20:00+00:00,2259.5,2260.0,2257.0,2258.5,6302
2026-09-09 23:20:00,2026-09-09 20:20:00+00:00,2026-09-09 20:30:00+00:00,2258.5,2261.0,2257.5,2261.0,5153
2026-09-09 23:30:00,2026-09-09 20:30:00+00:00,2026-09-09 20:40:00+00:00,2260.5,2261.0,2259.0,2259.5,3522
2026-09-09 23:40:00,2026-09-09 20:40:00+00:00,2026-09-09 20:50:00+00:00,2260.0,2262.0,2259.5,2261.5,4742
2026-09-10 06:50:00,2026-09-10 03:50:00+00:00,2026-09-10 04:00:00+00:00,2261.5,2261.5,2261.5,2261.5,23
2026-09-10 07:00:00,2026-09-10 04:00:00+00:00,2026-09-10 04:10:00+00:00,2261.5,2266.0,2258.5,2265.5,11501
2026-09-10 07:10:00,2026-09-10 04:10:00+00:00,2026-09-10 04:20:00+00:00,2265.5,2268.0,2263.5,2267.0,5017
2026-09-10 07:20:00,2026-09-10 04:20:00+00:00,2026-09-10 04:30:00+00:00,2267.0,2268.0,2265.0,2265.5,3351
2026-09-10 07:30:00,2026-09-10 04:30:00+00:00,2026-09-10 04:40:00+00:00,2265.0,2266.5,2265.0,2265.5,1378
2026-09-10 07:40:00,2026-09-10 04:40:00+00:00,2026-09-10 04:50:00+00:00,2265.5,2266.5,2265.0,2266.0,3150
2026-09-10 07:50:00,2026-09-10 04:50:00+00:00,2026-09-10 05:00:00+00:00,2266.0,2267.0,2265.0,2265.5,2470
2026-09-10 08:00:00,2026-09-10 05:00:00+00:00,2026-09-10 05:10:00+00:00,2266.0,2267.0,2264.5,2264.5,1341
2026-09-10 08:10:00,2026-09-10 05:10:00+00:00,2026-09-10 05:20:00+00:00,2265.0,2265.5,2264.5,2264.5,839
2026-09-10 08:20:00,2026-09-10 05:20:00+00:00,2026-09-10 05:30:00+00:00,2265.0,2265.5,2264.0,2265.5,1431
2026-09-10 08:30:00,2026-09-10 05:30:00+00:00,2026-09-10 05:40:00+00:00,2265.0,2265.5,2264.0,2265.0,1545
2026-09-10 08:40:00,2026-09-10 05:40:00+00:00,2026-09-10 05:50:00+00:00,2265.0,2266.0,2264.0,2264.5,3280
2026-09-10 08:50:00,2026-09-10 05:50:00+00:00,2026-09-10 06:00:00+00:00,2265.0,2265.0,2262.0,2262.5,8503
2026-09-10 09:00:00,2026-09-10 06:00:00+00:00,2026-09-10 06:10:00+00:00,2262.0,2262.5,2258.5,2261.5,10348
2026-09-10 09:10:00,2026-09-10 06:10:00+00:00,2026-09-10 06:20:00+00:00,2261.0,2261.5,2256.5,2258.0,13804
2026-09-10 09:20:00,2026-09-10 06:20:00+00:00,2026-09-10 06:30:00+00:00,2258.0,2262.5,2257.5,2261.5,15650
2026-09-10 09:30:00,2026-09-10 06:30:00+00:00,2026-09-10 06:40:00+00:00,2262.0,2264.0,2261.5,2262.5,8716
2026-09-10 09:40:00,2026-09-10 06:40:00+00:00,2026-09-10 06:50:00+00:00,2262.5,2266.0,2262.5,2263.0,9147
2026-09-10 09:50:00,2026-09-10 06:50:00+00:00,2026-09-10 07:00:00+00:00,2263.0,2264.0,2260.5,2262.5,10716
2026-09-10 10:00:00,2026-09-10 07:00:00+00:00,2026-09-10 07:10:00+00:00,2262.0,2265.0,2259.5,2262.5,9123
2026-09-10 10:10:00,2026-09-10 07:10:00+00:00,2026-09-10 07:20:00+00:00,2262.5,2268.5,2261.5,2268.0,13949
2026-09-10 10:20:00,2026-09-10 07:20:00+00:00,2026-09-10 07:30:00+00:00,2267.5,2272.0,2266.0,2270.5,34066
2026-09-10 10:30:00,2026-09-10 07:30:00+00:00,2026-09-10 07:40:00+00:00,2270.5,2273.0,2267.5,2269.0,21268
2026-09-10 10:40:00,2026-09-10 07:40:00+00:00,2026-09-10 07:50:00+00:00,2268.0,2272.0,2267.5,2270.0,9179
2026-09-10 10:50:00,2026-09-10 07:50:00+00:00,2026-09-10 08:00:00+00:00,2269.5,2271.0,2268.5,2270.5,10261
2026-09-10 11:00:00,2026-09-10 08:00:00+00:00,2026-09-10 08:10:00+00:00,2271.0,2277.5,2270.0,2275.5,44344
2026-09-10 11:10:00,2026-09-10 08:10:00+00:00,2026-09-10 08:20:00+00:00,2275.0,2277.5,2273.5,2274.0,15739
2026-09-10 11:20:00,2026-09-10 08:20:00+00:00,2026-09-10 08:30:00+00:00,2274.5,2275.0,2271.0,2272.0,10374
2026-09-10 11:30:00,2026-09-10 08:30:00+00:00,2026-09-10 08:40:00+00:00,2272.0,2274.0,2268.5,2268.5,18324
2026-09-10 11:40:00,2026-09-10 08:40:00+00:00,2026-09-10 08:50:00+00:00,2268.5,2271.0,2267.5,2269.0,9706
2026-09-10 11:50:00,2026-09-10 08:50:00+00:00,2026-09-10 09:00:00+00:00,2268.5,2271.5,2268.5,2271.0,5774
2026-09-10 12:00:00,2026-09-10 09:00:00+00:00,2026-09-10 09:10:00+00:00,2271.0,2284.5,2269.0,2279.5,72201
2026-09-10 12:10:00,2026-09-10 09:10:00+00:00,2026-09-10 09:20:00+00:00,2279.0,2281.5,2274.0,2276.0,41526
2026-09-10 12:20:00,2026-09-10 09:20:00+00:00,2026-09-10 09:30:00+00:00,2275.5,2277.0,2275.0,2276.5,5821
2026-09-10 12:30:00,2026-09-10 09:30:00+00:00,2026-09-10 09:40:00+00:00,2276.5,2277.0,2273.5,2274.0,4947
2026-09-10 12:40:00,2026-09-10 09:40:00+00:00,2026-09-10 09:50:00+00:00,2274.5,2276.0,2274.0,2274.5,6263
2026-09-10 12:50:00,2026-09-10 09:50:00+00:00,2026-09-10 10:00:00+00:00,2274.0,2276.5,2274.0,2274.5,5659
2026-09-10 13:00:00,2026-09-10 10:00:00+00:00,2026-09-10 10:10:00+00:00,2274.5,2276.0,2270.0,2271.0,18103
2026-09-10 13:10:00,2026-09-10 10:10:00+00:00,2026-09-10 10:20:00+00:00,2270.5,2275.5,2269.5,2274.5,11453
2026-09-10 13:20:00,2026-09-10 10:20:00+00:00,2026-09-10 10:30:00+00:00,2274.5,2279.5,2273.5,2273.5,22612
2026-09-10 13:30:00,2026-09-10 10:30:00+00:00,2026-09-10 10:40:00+00:00,2273.5,2275.0,2273.0,2273.5,3700
2026-09-10 13:40:00,2026-09-10 10:40:00+00:00,2026-09-10 10:50:00+00:00,2274.0,2276.0,2273.0,2275.0,4863
2026-09-10 13:50:00,2026-09-10 10:50:00+00:00,2026-09-10 11:00:00+00:00,2275.0,2276.0,2272.0,2273.5,4377
2026-09-10 14:00:00,2026-09-10 11:00:00+00:00,2026-09-10 11:10:00+00:00,2274.5,2276.5,2274.0,2275.0,5885
2026-09-10 14:10:00,2026-09-10 11:10:00+00:00,2026-09-10 11:20:00+00:00,2275.0,2275.0,2272.0,2274.5,4865
2026-09-10 14:20:00,2026-09-10 11:20:00+00:00,2026-09-10 11:30:00+00:00,2274.5,2282.0,2273.5,2278.0,43040
2026-09-10 14:30:00,2026-09-10 11:30:00+00:00,2026-09-10 11:40:00+00:00,2278.0,2280.0,2275.0,2276.0,30304
2026-09-10 14:40:00,2026-09-10 11:40:00+00:00,2026-09-10 11:50:00+00:00,2276.5,2277.0,2275.0,2276.0,6402
2026-09-10 14:50:00,2026-09-10 11:50:00+00:00,2026-09-10 12:00:00+00:00,2276.5,2276.5,2271.5,2273.5,14367
2026-09-10 15:00:00,2026-09-10 12:00:00+00:00,2026-09-10 12:10:00+00:00,2273.5,2278.0,2272.0,2278.0,16049
2026-09-10 15:10:00,2026-09-10 12:10:00+00:00,2026-09-10 12:20:00+00:00,2278.0,2284.5,2276.0,2280.5,37092
2026-09-10 15:20:00,2026-09-10 12:20:00+00:00,2026-09-10 12:30:00+00:00,2280.5,2285.5,2280.0,2285.5,24528
2026-09-10 15:30:00,2026-09-10 12:30:00+00:00,2026-09-10 12:40:00+00:00,2285.5,2289.0,2282.5,2288.5,35114
2026-09-10 15:40:00,2026-09-10 12:40:00+00:00,2026-09-10 12:50:00+00:00,2288.0,2293.0,2287.0,2287.5,44998
2026-09-10 15:50:00,2026-09-10 12:50:00+00:00,2026-09-10 13:00:00+00:00,2288.0,2288.5,2283.5,2287.0,27456
2026-09-10 16:00:00,2026-09-10 13:00:00+00:00,2026-09-10 13:10:00+00:00,2287.5,2290.5,2286.0,2286.5,15648
2026-09-10 16:10:00,2026-09-10 13:10:00+00:00,2026-09-10 13:20:00+00:00,2286.5,2291.0,2286.5,2290.0,19615
2026-09-10 16:20:00,2026-09-10 13:20:00+00:00,2026-09-10 13:30:00+00:00,2290.5,2291.5,2287.0,2288.5,12572
2026-09-10 16:30:00,2026-09-10 13:30:00+00:00,2026-09-10 13:40:00+00:00,2288.5,2290.0,2284.0,2287.0,16615
2026-09-10 16:40:00,2026-09-10 13:40:00+00:00,2026-09-10 13:50:00+00:00,2287.0,2288.5,2282.0,2284.0,24535
2026-09-10 16:50:00,2026-09-10 13:50:00+00:00,2026-09-10 14:00:00+00:00,2284.0,2287.5,2282.0,2286.0,22921
2026-09-10 17:00:00,2026-09-10 14:00:00+00:00,2026-09-10 14:10:00+00:00,2286.5,2290.0,2286.5,2288.0,12335
2026-09-10 17:10:00,2026-09-10 14:10:00+00:00,2026-09-10 14:20:00+00:00,2288.0,2291.5,2287.5,2291.0,12662
2026-09-10 17:20:00,2026-09-10 14:20:00+00:00,2026-09-10 14:30:00+00:00,2290.0,2292.0,2284.0,2289.0,21326
2026-09-10 17:30:00,2026-09-10 14:30:00+00:00,2026-09-10 14:40:00+00:00,2289.5,2291.0,2286.5,2289.5,9590
2026-09-10 17:40:00,2026-09-10 14:40:00+00:00,2026-09-10 14:50:00+00:00,2290.0,2301.5,2290.0,2296.5,66081
2026-09-10 17:50:00,2026-09-10 14:50:00+00:00,2026-09-10 15:00:00+00:00,2297.0,2300.5,2296.5,2299.0,28923
2026-09-10 18:00:00,2026-09-10 15:00:00+00:00,2026-09-10 15:10:00+00:00,2299.5,2309.0,2299.0,2304.0,86954
2026-09-10 18:10:00,2026-09-10 15:10:00+00:00,2026-09-10 15:20:00+00:00,2304.0,2306.5,2298.5,2299.0,47939
2026-09-10 18:20:00,2026-09-10 15:20:00+00:00,2026-09-10 15:30:00+00:00,2299.0,2305.5,2299.0,2300.0,37520
2026-09-10 18:30:00,2026-09-10 15:30:00+00:00,2026-09-10 15:40:00+00:00,2301.0,2304.5,2300.0,2304.5,12269
2026-09-10 18:40:00,2026-09-10 15:40:00+00:00,2026-09-10 15:50:00+00:00,2304.5,2314.0,2302.5,2309.0,102527
2026-09-10 18:50:00,2026-09-10 15:50:00+00:00,2026-09-10 16:00:00+00:00,2309.0,2314.0,2307.5,2308.5,32648
2026-09-10 19:00:00,2026-09-10 16:00:00+00:00,2026-09-10 16:10:00+00:00,2309.0,2310.5,2305.0,2306.0,14712
2026-09-10 19:10:00,2026-09-10 16:10:00+00:00,2026-09-10 16:20:00+00:00,2305.5,2309.5,2304.0,2308.0,7685
2026-09-10 19:20:00,2026-09-10 16:20:00+00:00,2026-09-10 16:30:00+00:00,2307.5,2307.5,2304.0,2305.5,4648
2026-09-10 19:30:00,2026-09-10 16:30:00+00:00,2026-09-10 16:40:00+00:00,2305.5,2307.5,2304.0,2306.0,8341
2026-09-10 19:40:00,2026-09-10 16:40:00+00:00,2026-09-10 16:50:00+00:00,2306.0,2307.5,2305.0,2305.0,3085
2026-09-10 19:50:00,2026-09-10 16:50:00+00:00,2026-09-10 17:00:00+00:00,2305.0,2308.5,2305.0,2306.5,12691
2026-09-10 20:00:00,2026-09-10 17:00:00+00:00,2026-09-10 17:10:00+00:00,2307.0,2309.5,2307.0,2308.0,5378
2026-09-10 20:10:00,2026-09-10 17:10:00+00:00,2026-09-10 17:20:00+00:00,2308.5,2309.0,2306.5,2307.5,4330
2026-09-10 20:20:00,2026-09-10 17:20:00+00:00,2026-09-10 17:30:00+00:00,2307.0,2308.0,2306.5,2307.5,3458
2026-09-10 20:30:00,2026-09-10 17:30:00+00:00,2026-09-10 17:40:00+00:00,2307.5,2310.0,2306.5,2309.0,4748
2026-09-10 20:40:00,2026-09-10 17:40:00+00:00,2026-09-10 17:50:00+00:00,2308.5,2313.0,2308.5,2311.0,14495
2026-09-10 20:50:00,2026-09-10 17:50:00+00:00,2026-09-10 18:00:00+00:00,2311.0,2312.0,2307.0,2308.5,7618
2026-09-10 21:00:00,2026-09-10 18:00:00+00:00,2026-09-10 18:10:00+00:00,2308.0,2311.5,2308.0,2310.0,6777
2026-09-10 21:10:00,2026-09-10 18:10:00+00:00,2026-09-10 18:20:00+00:00,2310.0,2314.5,2309.0,2314.5,11940
2026-09-10 21:20:00,2026-09-10 18:20:00+00:00,2026-09-10 18:30:00+00:00,2314.5,2314.5,2310.0,2310.0,11764
2026-09-10 21:30:00,2026-09-10 18:30:00+00:00,2026-09-10 18:40:00+00:00,2310.0,2310.5,2307.0,2307.5,6702
2026-09-10 21:40:00,2026-09-10 18:40:00+00:00,2026-09-10 18:50:00+00:00,2307.5,2308.0,2306.0,2306.5,4908
2026-09-10 21:50:00,2026-09-10 18:50:00+00:00,2026-09-10 19:00:00+00:00,2306.5,2307.0,2305.0,2307.0,4811
2026-09-10 22:00:00,2026-09-10 19:00:00+00:00,2026-09-10 19:10:00+00:00,2306.5,2309.0,2305.5,2308.0,7357
2026-09-10 22:10:00,2026-09-10 19:10:00+00:00,2026-09-10 19:20:00+00:00,2308.0,2309.0,2307.0,2307.5,4866
2026-09-10 22:20:00,2026-09-10 19:20:00+00:00,2026-09-10 19:30:00+00:00,2307.5,2309.0,2307.5,2308.0,2893
2026-09-10 22:30:00,2026-09-10 19:30:00+00:00,2026-09-10 19:40:00+00:00,2308.0,2308.5,2306.5,2307.0,2146
2026-09-10 22:40:00,2026-09-10 19:40:00+00:00,2026-09-10 19:50:00+00:00,2307.5,2309.0,2307.0,2308.5,2144
2026-09-10 22:50:00,2026-09-10 19:50:00+00:00,2026-09-10 20:00:00+00:00,2308.5,2311.0,2307.5,2309.5,6078
2026-09-10 23:00:00,2026-09-10 20:00:00+00:00,2026-09-10 20:10:00+00:00,2309.5,2310.5,2308.0,2310.0,3431
2026-09-10 23:10:00,2026-09-10 20:10:00+00:00,2026-09-10 20:20:00+00:00,2310.0,2312.0,2309.0,2312.0,5035
2026-09-10 23:20:00,2026-09-10 20:20:00+00:00,2026-09-10 20:30:00+00:00,2312.0,2313.5,2310.5,2313.5,6181
2026-09-10 23:30:00,2026-09-10 20:30:00+00:00,2026-09-10 20:40:00+00:00,2313.5,2313.5,2311.0,2312.5,3651
2026-09-10 23:40:00,2026-09-10 20:40:00+00:00,2026-09-10 20:50:00+00:00,2313.0,2315.5,2312.5,2313.5,27520
2026-09-11 06:50:00,2026-09-11 03:50:00+00:00,2026-09-11 04:00:00+00:00,2310.5,2310.5,2310.5,2310.5,542
2026-09-11 07:00:00,2026-09-11 04:00:00+00:00,2026-09-11 04:10:00+00:00,2310.0,2310.5,2300.0,2302.5,39769
2026-09-11 07:10:00,2026-09-11 04:10:00+00:00,2026-09-11 04:20:00+00:00,2302.5,2307.0,2302.5,2304.5,11554
2026-09-11 07:20:00,2026-09-11 04:20:00+00:00,2026-09-11 04:30:00+00:00,2305.0,2309.5,2305.0,2307.0,5321
2026-09-11 07:30:00,2026-09-11 04:30:00+00:00,2026-09-11 04:40:00+00:00,2306.0,2308.5,2304.0,2306.5,3902
2026-09-11 07:40:00,2026-09-11 04:40:00+00:00,2026-09-11 04:50:00+00:00,2306.5,2308.0,2303.0,2304.0,4056
2026-09-11 07:50:00,2026-09-11 04:50:00+00:00,2026-09-11 05:00:00+00:00,2304.0,2305.5,2302.0,2302.0,5604
2026-09-11 08:00:00,2026-09-11 05:00:00+00:00,2026-09-11 05:10:00+00:00,2302.0,2305.0,2301.0,2303.5,4814
2026-09-11 08:10:00,2026-09-11 05:10:00+00:00,2026-09-11 05:20:00+00:00,2303.5,2304.0,2300.0,2301.5,8431
2026-09-11 08:20:00,2026-09-11 05:20:00+00:00,2026-09-11 05:30:00+00:00,2302.0,2304.0,2301.5,2304.0,6406
2026-09-11 08:30:00,2026-09-11 05:30:00+00:00,2026-09-11 05:40:00+00:00,2303.5,2304.0,2300.0,2300.5,5662
2026-09-11 08:40:00,2026-09-11 05:40:00+00:00,2026-09-11 05:50:00+00:00,2300.5,2301.0,2298.5,2299.5,11170
2026-09-11 08:50:00,2026-09-11 05:50:00+00:00,2026-09-11 06:00:00+00:00,2299.5,2300.5,2297.5,2299.5,9727
2026-09-11 09:00:00,2026-09-11 06:00:00+00:00,2026-09-11 06:10:00+00:00,2299.5,2301.0,2298.5,2300.0,9159
2026-09-11 09:10:00,2026-09-11 06:10:00+00:00,2026-09-11 06:20:00+00:00,2299.5,2304.5,2299.5,2304.0,14747
2026-09-11 09:20:00,2026-09-11 06:20:00+00:00,2026-09-11 06:30:00+00:00,2303.5,2304.5,2302.0,2304.0,4593
2026-09-11 09:30:00,2026-09-11 06:30:00+00:00,2026-09-11 06:40:00+00:00,2303.5,2303.5,2301.0,2301.0,2692
2026-09-11 09:40:00,2026-09-11 06:40:00+00:00,2026-09-11 06:50:00+00:00,2301.5,2302.5,2299.0,2299.0,7760
2026-09-11 09:50:00,2026-09-11 06:50:00+00:00,2026-09-11 07:00:00+00:00,2299.0,2302.5,2299.0,2302.5,3289
2026-09-11 10:00:00,2026-09-11 07:00:00+00:00,2026-09-11 07:10:00+00:00,2301.5,2303.5,2294.0,2296.5,19323
2026-09-11 10:10:00,2026-09-11 07:10:00+00:00,2026-09-11 07:20:00+00:00,2296.0,2300.0,2293.0,2299.5,26028
2026-09-11 10:20:00,2026-09-11 07:20:00+00:00,2026-09-11 07:30:00+00:00,2299.5,2302.0,2295.0,2301.5,19802
2026-09-11 10:30:00,2026-09-11 07:30:00+00:00,2026-09-11 07:40:00+00:00,2301.0,2304.5,2299.5,2301.0,15015
2026-09-11 10:40:00,2026-09-11 07:40:00+00:00,2026-09-11 07:50:00+00:00,2301.5,2302.5,2300.0,2301.0,6218
2026-09-11 10:50:00,2026-09-11 07:50:00+00:00,2026-09-11 08:00:00+00:00,2301.0,2301.5,2296.0,2296.5,22202
2026-09-11 11:00:00,2026-09-11 08:00:00+00:00,2026-09-11 08:10:00+00:00,2296.5,2298.0,2295.5,2297.5,18171
2026-09-11 11:10:00,2026-09-11 08:10:00+00:00,2026-09-11 08:20:00+00:00,2297.5,2300.0,2296.0,2297.0,7041
2026-09-11 11:20:00,2026-09-11 08:20:00+00:00,2026-09-11 08:30:00+00:00,2296.5,2298.0,2296.0,2298.0,2476
2026-09-11 11:30:00,2026-09-11 08:30:00+00:00,2026-09-11 08:40:00+00:00,2297.5,2298.0,2294.0,2295.0,14355
2026-09-11 11:40:00,2026-09-11 08:40:00+00:00,2026-09-11 08:50:00+00:00,2295.0,2295.5,2288.0,2292.0,39112
2026-09-11 11:50:00,2026-09-11 08:50:00+00:00,2026-09-11 09:00:00+00:00,2292.0,2292.5,2289.5,2292.5,10258
2026-09-11 12:00:00,2026-09-11 09:00:00+00:00,2026-09-11 09:10:00+00:00,2292.5,2294.5,2290.0,2293.5,11165
2026-09-11 12:10:00,2026-09-11 09:10:00+00:00,2026-09-11 09:20:00+00:00,2293.5,2299.0,2292.5,2298.0,17603
2026-09-11 12:20:00,2026-09-11 09:20:00+00:00,2026-09-11 09:30:00+00:00,2298.0,2299.0,2296.5,2298.5,6959
2026-09-11 12:30:00,2026-09-11 09:30:00+00:00,2026-09-11 09:40:00+00:00,2298.5,2299.0,2294.0,2294.5,11057
2026-09-11 12:40:00,2026-09-11 09:40:00+00:00,2026-09-11 09:50:00+00:00,2294.5,2298.0,2293.5,2297.0,9928
2026-09-11 12:50:00,2026-09-11 09:50:00+00:00,2026-09-11 10:00:00+00:00,2297.0,2300.0,2295.5,2298.5,10494
2026-09-11 13:00:00,2026-09-11 10:00:00+00:00,2026-09-11 10:10:00+00:00,2298.0,2298.5,2297.0,2298.5,7868
2026-09-11 13:10:00,2026-09-11 10:10:00+00:00,2026-09-11 10:20:00+00:00,2298.5,2303.5,2295.0,2296.0,32160
2026-09-11 13:20:00,2026-09-11 10:20:00+00:00,2026-09-11 10:30:00+00:00,2296.0,2329.5,2293.0,2320.5,148586
2026-09-11 13:30:00,2026-09-11 10:30:00+00:00,2026-09-11 10:40:00+00:00,2321.5,2335.0,2277.5,2284.5,435119
2026-09-11 13:40:00,2026-09-11 10:40:00+00:00,2026-09-11 10:50:00+00:00,2284.5,2289.5,2273.5,2277.5,116854
2026-09-11 13:50:00,2026-09-11 10:50:00+00:00,2026-09-11 11:00:00+00:00,2277.5,2283.0,2274.0,2281.5,65485
2026-09-11 14:00:00,2026-09-11 11:00:00+00:00,2026-09-11 11:10:00+00:00,2281.0,2284.0,2274.5,2282.5,47514
2026-09-11 14:10:00,2026-09-11 11:10:00+00:00,2026-09-11 11:20:00+00:00,2282.5,2290.5,2282.0,2287.0,43529
2026-09-11 14:20:00,2026-09-11 11:20:00+00:00,2026-09-11 11:30:00+00:00,2286.5,2289.0,2283.5,2289.0,20120
2026-09-11 14:30:00,2026-09-11 11:30:00+00:00,2026-09-11 11:40:00+00:00,2289.0,2289.0,2283.0,2284.5,11922
2026-09-11 14:40:00,2026-09-11 11:40:00+00:00,2026-09-11 11:50:00+00:00,2284.5,2285.5,2274.5,2278.0,56775
2026-09-11 14:50:00,2026-09-11 11:50:00+00:00,2026-09-11 12:00:00+00:00,2277.5,2282.0,2276.0,2281.5,15388
2026-09-11 15:00:00,2026-09-11 12:00:00+00:00,2026-09-11 12:10:00+00:00,2281.5,2281.5,2273.5,2274.5,27497
2026-09-11 15:10:00,2026-09-11 12:10:00+00:00,2026-09-11 12:20:00+00:00,2274.5,2277.0,2268.5,2269.5,54503
2026-09-11 15:20:00,2026-09-11 12:20:00+00:00,2026-09-11 12:30:00+00:00,2269.5,2270.0,2260.0,2267.0,103434
2026-09-11 15:30:00,2026-09-11 12:30:00+00:00,2026-09-11 12:40:00+00:00,2266.5,2270.0,2263.0,2269.0,35498
2026-09-11 15:40:00,2026-09-11 12:40:00+00:00,2026-09-11 12:50:00+00:00,2269.0,2276.5,2268.0,2275.0,26503
2026-09-11 15:50:00,2026-09-11 12:50:00+00:00,2026-09-11 13:00:00+00:00,2275.0,2282.5,2275.0,2281.5,46093
2026-09-11 16:00:00,2026-09-11 13:00:00+00:00,2026-09-11 13:10:00+00:00,2281.5,2281.5,2275.0,2277.5,17905
2026-09-11 16:10:00,2026-09-11 13:10:00+00:00,2026-09-11 13:20:00+00:00,2277.5,2292.5,2276.0,2286.5,88496
2026-09-11 16:20:00,2026-09-11 13:20:00+00:00,2026-09-11 13:30:00+00:00,2287.0,2287.5,2283.0,2283.0,23622
2026-09-11 16:30:00,2026-09-11 13:30:00+00:00,2026-09-11 13:40:00+00:00,2283.0,2284.5,2278.5,2278.5,16900
2026-09-11 16:40:00,2026-09-11 13:40:00+00:00,2026-09-11 13:50:00+00:00,2278.5,2283.5,2276.5,2282.5,38895
2026-09-11 16:50:00,2026-09-11 13:50:00+00:00,2026-09-11 14:00:00+00:00,2282.5,2283.5,2281.0,2282.0,14262
2026-09-11 17:00:00,2026-09-11 14:00:00+00:00,2026-09-11 14:10:00+00:00,2282.5,2282.5,2275.5,2276.0,32590
2026-09-11 17:10:00,2026-09-11 14:10:00+00:00,2026-09-11 14:20:00+00:00,2276.5,2280.5,2276.0,2277.0,11138
2026-09-11 17:20:00,2026-09-11 14:20:00+00:00,2026-09-11 14:30:00+00:00,2277.0,2281.5,2276.5,2281.5,9264
2026-09-11 17:30:00,2026-09-11 14:30:00+00:00,2026-09-11 14:40:00+00:00,2281.5,2287.0,2279.0,2283.0,16728
2026-09-11 17:40:00,2026-09-11 14:40:00+00:00,2026-09-11 14:50:00+00:00,2283.5,2289.5,2283.0,2287.5,37573
2026-09-11 17:50:00,2026-09-11 14:50:00+00:00,2026-09-11 15:00:00+00:00,2287.0,2287.5,2283.5,2287.0,10625
2026-09-11 18:00:00,2026-09-11 15:00:00+00:00,2026-09-11 15:10:00+00:00,2287.5,2288.0,2285.5,2285.5,7239
2026-09-11 18:10:00,2026-09-11 15:10:00+00:00,2026-09-11 15:20:00+00:00,2286.0,2287.5,2284.5,2286.0,6793
2026-09-11 18:20:00,2026-09-11 15:20:00+00:00,2026-09-11 15:30:00+00:00,2285.0,2285.5,2282.0,2282.5,9303
2026-09-11 18:30:00,2026-09-11 15:30:00+00:00,2026-09-11 15:40:00+00:00,2283.0,2283.5,2281.5,2283.0,3729
2026-09-11 18:40:00,2026-09-11 15:40:00+00:00,2026-09-11 15:50:00+00:00,2283.0,2283.5,2280.5,2280.5,6524
2026-09-11 18:50:00,2026-09-11 15:50:00+00:00,2026-09-11 16:00:00+00:00,2281.0,2283.0,2279.5,2281.5,12533
2026-09-11 19:00:00,2026-09-11 16:00:00+00:00,2026-09-11 16:10:00+00:00,2281.0,2284.0,2280.0,2281.5,8790
2026-09-11 19:10:00,2026-09-11 16:10:00+00:00,2026-09-11 16:20:00+00:00,2281.5,2283.5,2281.5,2282.0,5220
2026-09-11 19:20:00,2026-09-11 16:20:00+00:00,2026-09-11 16:30:00+00:00,2281.5,2284.0,2281.0,2282.0,3871
2026-09-11 19:30:00,2026-09-11 16:30:00+00:00,2026-09-11 16:40:00+00:00,2282.5,2284.0,2281.5,2283.0,2655
2026-09-11 19:40:00,2026-09-11 16:40:00+00:00,2026-09-11 16:50:00+00:00,2283.0,2283.5,2282.0,2282.5,3299
2026-09-11 19:50:00,2026-09-11 16:50:00+00:00,2026-09-11 17:00:00+00:00,2282.5,2285.0,2282.5,2284.0,2944
2026-09-11 20:00:00,2026-09-11 17:00:00+00:00,2026-09-11 17:10:00+00:00,2284.0,2285.0,2282.5,2282.5,2369
2026-09-11 20:10:00,2026-09-11 17:10:00+00:00,2026-09-11 17:20:00+00:00,2283.0,2283.5,2282.5,2283.0,2538
2026-09-11 20:20:00,2026-09-11 17:20:00+00:00,2026-09-11 17:30:00+00:00,2283.5,2285.0,2282.0,2283.0,4073
2026-09-11 20:30:00,2026-09-11 17:30:00+00:00,2026-09-11 17:40:00+00:00,2283.5,2284.0,2282.0,2283.5,1550
2026-09-11 20:40:00,2026-09-11 17:40:00+00:00,2026-09-11 17:50:00+00:00,2284.0,2284.0,2283.0,2283.0,4247
2026-09-11 20:50:00,2026-09-11 17:50:00+00:00,2026-09-11 18:00:00+00:00,2283.5,2286.0,2283.0,2284.0,6241
2026-09-11 21:00:00,2026-09-11 18:00:00+00:00,2026-09-11 18:10:00+00:00,2284.5,2285.0,2284.0,2285.0,2908
2026-09-11 21:10:00,2026-09-11 18:10:00+00:00,2026-09-11 18:20:00+00:00,2285.5,2286.0,2284.5,2286.0,1356
2026-09-11 21:20:00,2026-09-11 18:20:00+00:00,2026-09-11 18:30:00+00:00,2286.0,2286.5,2285.0,2285.0,2646
2026-09-11 21:30:00,2026-09-11 18:30:00+00:00,2026-09-11 18:40:00+00:00,2285.5,2286.0,2283.0,2283.0,5319
2026-09-11 21:40:00,2026-09-11 18:40:00+00:00,2026-09-11 18:50:00+00:00,2283.0,2285.0,2283.0,2284.5,4082
2026-09-11 21:50:00,2026-09-11 18:50:00+00:00,2026-09-11 19:00:00+00:00,2284.5,2284.5,2283.0,2283.5,1773
2026-09-11 22:00:00,2026-09-11 19:00:00+00:00,2026-09-11 19:10:00+00:00,2284.0,2284.5,2283.0,2284.0,3331
2026-09-11 22:10:00,2026-09-11 19:10:00+00:00,2026-09-11 19:20:00+00:00,2284.0,2286.0,2284.0,2285.0,6099
2026-09-11 22:20:00,2026-09-11 19:20:00+00:00,2026-09-11 19:30:00+00:00,2285.0,2285.5,2284.5,2285.0,1290
2026-09-11 22:30:00,2026-09-11 19:30:00+00:00,2026-09-11 19:40:00+00:00,2285.5,2286.0,2284.5,2285.0,1490
2026-09-11 22:40:00,2026-09-11 19:40:00+00:00,2026-09-11 19:50:00+00:00,2285.0,2286.0,2285.0,2286.0,518
2026-09-11 22:50:00,2026-09-11 19:50:00+00:00,2026-09-11 20:00:00+00:00,2285.5,2287.0,2285.5,2286.0,2954
2026-09-11 23:00:00,2026-09-11 20:00:00+00:00,2026-09-11 20:10:00+00:00,2287.0,2287.5,2286.0,2286.5,2455
2026-09-11 23:10:00,2026-09-11 20:10:00+00:00,2026-09-11 20:20:00+00:00,2287.0,2287.5,2286.5,2287.5,2417
2026-09-11 23:20:00,2026-09-11 20:20:00+00:00,2026-09-11 20:30:00+00:00,2288.0,2288.5,2287.0,2287.5,3150
2026-09-11 23:30:00,2026-09-11 20:30:00+00:00,2026-09-11 20:40:00+00:00,2288.0,2288.5,2287.0,2287.5,5708
2026-09-11 23:40:00,2026-09-11 20:40:00+00:00,2026-09-11 20:50:00+00:00,2288.0,2291.0,2287.5,2288.5,9733
2026-09-14 06:50:00,2026-09-14 03:50:00+00:00,2026-09-14 04:00:00+00:00,2295.5,2295.5,2295.5,2295.5,2019
2026-09-14 07:00:00,2026-09-14 04:00:00+00:00,2026-09-14 04:10:00+00:00,2296.0,2314.5,2295.0,2305.5,48590
2026-09-14 07:10:00,2026-09-14 04:10:00+00:00,2026-09-14 04:20:00+00:00,2306.5,2310.0,2305.0,2306.5,22133
2026-09-14 07:20:00,2026-09-14 04:20:00+00:00,2026-09-14 04:30:00+00:00,2306.5,2308.5,2305.0,2307.5,6502
2026-09-14 07:30:00,2026-09-14 04:30:00+00:00,2026-09-14 04:40:00+00:00,2308.0,2308.0,2304.5,2304.5,12322
2026-09-14 07:40:00,2026-09-14 04:40:00+00:00,2026-09-14 04:50:00+00:00,2304.5,2307.0,2304.0,2307.0,5033
2026-09-14 07:50:00,2026-09-14 04:50:00+00:00,2026-09-14 05:00:00+00:00,2307.0,2308.5,2305.0,2308.0,6427
2026-09-14 08:00:00,2026-09-14 05:00:00+00:00,2026-09-14 05:10:00+00:00,2308.5,2310.5,2308.0,2309.5,8267
2026-09-14 08:10:00,2026-09-14 05:10:00+00:00,2026-09-14 05:20:00+00:00,2309.0,2310.5,2308.0,2308.0,4047
2026-09-14 08:20:00,2026-09-14 05:20:00+00:00,2026-09-14 05:30:00+00:00,2308.0,2312.0,2306.5,2307.0,15313
2026-09-14 08:30:00,2026-09-14 05:30:00+00:00,2026-09-14 05:40:00+00:00,2307.5,2308.0,2303.5,2305.0,11959
2026-09-14 08:40:00,2026-09-14 05:40:00+00:00,2026-09-14 05:50:00+00:00,2304.5,2306.5,2303.5,2305.5,9376
2026-09-14 08:50:00,2026-09-14 05:50:00+00:00,2026-09-14 06:00:00+00:00,2305.5,2308.5,2305.5,2308.0,9237
2026-09-14 09:00:00,2026-09-14 06:00:00+00:00,2026-09-14 06:10:00+00:00,2307.5,2308.5,2305.5,2308.0,7123
2026-09-14 09:10:00,2026-09-14 06:10:00+00:00,2026-09-14 06:20:00+00:00,2308.0,2308.0,2303.5,2306.0,10419
2026-09-14 09:20:00,2026-09-14 06:20:00+00:00,2026-09-14 06:30:00+00:00,2305.5,2307.5,2304.5,2307.0,5063
2026-09-14 09:30:00,2026-09-14 06:30:00+00:00,2026-09-14 06:40:00+00:00,2307.0,2312.5,2305.5,2311.5,12593
2026-09-14 09:40:00,2026-09-14 06:40:00+00:00,2026-09-14 06:50:00+00:00,2311.5,2313.0,2310.5,2311.5,14936
2026-09-14 09:50:00,2026-09-14 06:50:00+00:00,2026-09-14 07:00:00+00:00,2311.5,2316.5,2310.0,2312.5,20107
2026-09-14 10:00:00,2026-09-14 07:00:00+00:00,2026-09-14 07:10:00+00:00,2312.5,2314.5,2310.0,2311.5,10430
2026-09-14 10:10:00,2026-09-14 07:10:00+00:00,2026-09-14 07:20:00+00:00,2311.5,2316.5,2311.5,2315.0,20175
2026-09-14 10:20:00,2026-09-14 07:20:00+00:00,2026-09-14 07:30:00+00:00,2315.0,2322.0,2314.5,2319.5,47049
2026-09-14 10:30:00,2026-09-14 07:30:00+00:00,2026-09-14 07:40:00+00:00,2320.5,2325.5,2320.0,2322.5,37534
2026-09-14 10:40:00,2026-09-14 07:40:00+00:00,2026-09-14 07:50:00+00:00,2323.0,2323.5,2320.0,2320.5,14278
2026-09-14 10:50:00,2026-09-14 07:50:00+00:00,2026-09-14 08:00:00+00:00,2321.0,2321.0,2318.5,2319.0,15058
2026-09-14 11:00:00,2026-09-14 08:00:00+00:00,2026-09-14 08:10:00+00:00,2319.0,2321.5,2319.0,2320.5,7196
2026-09-14 11:10:00,2026-09-14 08:10:00+00:00,2026-09-14 08:20:00+00:00,2320.5,2325.0,2320.0,2324.5,14199
2026-09-14 11:20:00,2026-09-14 08:20:00+00:00,2026-09-14 08:30:00+00:00,2324.0,2326.5,2323.0,2325.0,30624
2026-09-14 11:30:00,2026-09-14 08:30:00+00:00,2026-09-14 08:40:00+00:00,2325.0,2329.0,2324.0,2325.5,26003
2026-09-14 11:40:00,2026-09-14 08:40:00+00:00,2026-09-14 08:50:00+00:00,2325.5,2326.5,2321.0,2323.5,12179
2026-09-14 11:50:00,2026-09-14 08:50:00+00:00,2026-09-14 09:00:00+00:00,2323.5,2324.5,2322.0,2322.5,6743
2026-09-14 12:00:00,2026-09-14 09:00:00+00:00,2026-09-14 09:10:00+00:00,2322.5,2324.0,2314.5,2317.5,51873
2026-09-14 12:10:00,2026-09-14 09:10:00+00:00,2026-09-14 09:20:00+00:00,2317.5,2320.0,2316.5,2318.5,9266
2026-09-14 12:20:00,2026-09-14 09:20:00+00:00,2026-09-14 09:30:00+00:00,2318.5,2321.5,2317.5,2321.5,12215
2026-09-14 12:30:00,2026-09-14 09:30:00+00:00,2026-09-14 09:40:00+00:00,2321.5,2322.5,2319.0,2319.5,9764
2026-09-14 12:40:00,2026-09-14 09:40:00+00:00,2026-09-14 09:50:00+00:00,2319.5,2320.0,2316.0,2316.5,14954
2026-09-14 12:50:00,2026-09-14 09:50:00+00:00,2026-09-14 10:00:00+00:00,2316.0,2320.5,2316.0,2319.0,8762
2026-09-14 13:00:00,2026-09-14 10:00:00+00:00,2026-09-14 10:10:00+00:00,2319.5,2321.0,2316.0,2317.0,15547
2026-09-14 13:10:00,2026-09-14 10:10:00+00:00,2026-09-14 10:20:00+00:00,2317.0,2320.0,2315.5,2320.0,7287
2026-09-14 13:20:00,2026-09-14 10:20:00+00:00,2026-09-14 10:30:00+00:00,2319.0,2322.5,2318.0,2321.5,11715
2026-09-14 13:30:00,2026-09-14 10:30:00+00:00,2026-09-14 10:40:00+00:00,2321.5,2323.5,2319.5,2322.0,6699
2026-09-14 13:40:00,2026-09-14 10:40:00+00:00,2026-09-14 10:50:00+00:00,2322.0,2322.0,2316.5,2316.5,5482
2026-09-14 13:50:00,2026-09-14 10:50:00+00:00,2026-09-14 11:00:00+00:00,2316.5,2318.0,2313.0,2315.0,25541
2026-09-14 14:00:00,2026-09-14 11:00:00+00:00,2026-09-14 11:10:00+00:00,2315.0,2317.0,2313.0,2317.0,13861
2026-09-14 14:10:00,2026-09-14 11:10:00+00:00,2026-09-14 11:20:00+00:00,2316.5,2318.0,2314.5,2318.0,5028
2026-09-14 14:20:00,2026-09-14 11:20:00+00:00,2026-09-14 11:30:00+00:00,2318.0,2320.0,2317.5,2318.5,6804
2026-09-14 14:30:00,2026-09-14 11:30:00+00:00,2026-09-14 11:40:00+00:00,2318.5,2319.5,2317.5,2318.0,4347
2026-09-14 14:40:00,2026-09-14 11:40:00+00:00,2026-09-14 11:50:00+00:00,2318.5,2321.5,2317.5,2319.5,6822
2026-09-14 14:50:00,2026-09-14 11:50:00+00:00,2026-09-14 12:00:00+00:00,2320.0,2321.5,2316.0,2316.5,7322
2026-09-14 15:00:00,2026-09-14 12:00:00+00:00,2026-09-14 12:10:00+00:00,2317.0,2318.5,2314.5,2316.5,6659
2026-09-14 15:10:00,2026-09-14 12:10:00+00:00,2026-09-14 12:20:00+00:00,2316.5,2318.5,2316.0,2317.0,3368
2026-09-14 15:20:00,2026-09-14 12:20:00+00:00,2026-09-14 12:30:00+00:00,2317.0,2325.0,2316.5,2323.5,15741
2026-09-14 15:30:00,2026-09-14 12:30:00+00:00,2026-09-14 12:40:00+00:00,2323.5,2327.5,2321.0,2325.5,33947
2026-09-14 15:40:00,2026-09-14 12:40:00+00:00,2026-09-14 12:50:00+00:00,2325.0,2327.5,2322.5,2323.0,22087
2026-09-14 15:50:00,2026-09-14 12:50:00+00:00,2026-09-14 13:00:00+00:00,2323.5,2326.0,2322.0,2323.0,8257
2026-09-14 16:00:00,2026-09-14 13:00:00+00:00,2026-09-14 13:10:00+00:00,2323.5,2325.5,2323.0,2324.0,4931
2026-09-14 16:10:00,2026-09-14 13:10:00+00:00,2026-09-14 13:20:00+00:00,2324.0,2327.0,2322.5,2322.5,9179
2026-09-14 16:20:00,2026-09-14 13:20:00+00:00,2026-09-14 13:30:00+00:00,2323.0,2324.5,2320.0,2322.0,13815
2026-09-14 16:30:00,2026-09-14 13:30:00+00:00,2026-09-14 13:40:00+00:00,2322.5,2322.5,2317.5,2320.5,15106
2026-09-14 16:40:00,2026-09-14 13:40:00+00:00,2026-09-14 13:50:00+00:00,2321.0,2322.0,2318.5,2320.5,7999
2026-09-14 16:50:00,2026-09-14 13:50:00+00:00,2026-09-14 14:00:00+00:00,2320.5,2323.5,2316.0,2322.5,16657
2026-09-14 17:00:00,2026-09-14 14:00:00+00:00,2026-09-14 14:10:00+00:00,2323.0,2326.5,2322.0,2323.5,20283
2026-09-14 17:10:00,2026-09-14 14:10:00+00:00,2026-09-14 14:20:00+00:00,2324.0,2325.0,2318.0,2320.0,13008
2026-09-14 17:20:00,2026-09-14 14:20:00+00:00,2026-09-14 14:30:00+00:00,2319.5,2325.0,2319.5,2324.0,8652
2026-09-14 17:30:00,2026-09-14 14:30:00+00:00,2026-09-14 14:40:00+00:00,2324.0,2324.5,2321.5,2323.0,5665
2026-09-14 17:40:00,2026-09-14 14:40:00+00:00,2026-09-14 14:50:00+00:00,2322.5,2324.0,2322.5,2323.0,3649
2026-09-14 17:50:00,2026-09-14 14:50:00+00:00,2026-09-14 15:00:00+00:00,2322.5,2324.0,2321.0,2323.0,6138
2026-09-14 18:00:00,2026-09-14 15:00:00+00:00,2026-09-14 15:10:00+00:00,2323.0,2353.5,2316.5,2353.0,180826
2026-09-14 18:10:00,2026-09-14 15:10:00+00:00,2026-09-14 15:20:00+00:00,2353.0,2365.0,2346.0,2364.0,190247
2026-09-14 18:20:00,2026-09-14 15:20:00+00:00,2026-09-14 15:30:00+00:00,2364.5,2386.5,2360.0,2374.0,285290
2026-09-14 18:30:00,2026-09-14 15:30:00+00:00,2026-09-14 15:40:00+00:00,2373.5,2375.0,2362.0,2366.5,92109
2026-09-14 18:40:00,2026-09-14 15:40:00+00:00,2026-09-14 15:50:00+00:00,2367.0,2367.5,2354.5,2364.0,82021
2026-09-14 18:50:00,2026-09-14 15:50:00+00:00,2026-09-14 16:00:00+00:00,2363.0,2365.5,2359.0,2361.5,24041
2026-09-14 19:00:00,2026-09-14 16:00:00+00:00,2026-09-14 16:10:00+00:00,2361.5,2368.0,2355.0,2358.0,51393
2026-09-14 19:10:00,2026-09-14 16:10:00+00:00,2026-09-14 16:20:00+00:00,2358.5,2358.5,2350.0,2355.0,70915
2026-09-14 19:20:00,2026-09-14 16:20:00+00:00,2026-09-14 16:30:00+00:00,2354.5,2362.0,2354.5,2360.5,32910
2026-09-14 19:30:00,2026-09-14 16:30:00+00:00,2026-09-14 16:40:00+00:00,2360.0,2360.0,2344.0,2350.5,75023
2026-09-14 19:40:00,2026-09-14 16:40:00+00:00,2026-09-14 16:50:00+00:00,2350.5,2352.0,2346.0,2349.5,28832
2026-09-14 19:50:00,2026-09-14 16:50:00+00:00,2026-09-14 17:00:00+00:00,2350.0,2355.5,2349.5,2355.0,22504
2026-09-14 20:00:00,2026-09-14 17:00:00+00:00,2026-09-14 17:10:00+00:00,2355.5,2357.0,2349.0,2349.5,12174
2026-09-14 20:10:00,2026-09-14 17:10:00+00:00,2026-09-14 17:20:00+00:00,2349.0,2351.0,2348.0,2350.0,9745
2026-09-14 20:20:00,2026-09-14 17:20:00+00:00,2026-09-14 17:30:00+00:00,2350.0,2354.0,2349.5,2353.0,8829
2026-09-14 20:30:00,2026-09-14 17:30:00+00:00,2026-09-14 17:40:00+00:00,2354.0,2356.0,2352.0,2354.0,8123
2026-09-14 20:40:00,2026-09-14 17:40:00+00:00,2026-09-14 17:50:00+00:00,2353.5,2354.5,2350.5,2351.0,7195
2026-09-14 20:50:00,2026-09-14 17:50:00+00:00,2026-09-14 18:00:00+00:00,2351.0,2354.5,2349.5,2354.0,9139
2026-09-14 21:00:00,2026-09-14 18:00:00+00:00,2026-09-14 18:10:00+00:00,2354.0,2355.5,2352.5,2354.5,7606
2026-09-14 21:10:00,2026-09-14 18:10:00+00:00,2026-09-14 18:20:00+00:00,2354.0,2357.5,2354.0,2354.0,8826
2026-09-14 21:20:00,2026-09-14 18:20:00+00:00,2026-09-14 18:30:00+00:00,2354.0,2354.5,2352.5,2352.5,4726
2026-09-14 21:30:00,2026-09-14 18:30:00+00:00,2026-09-14 18:40:00+00:00,2352.5,2353.0,2344.0,2346.5,22587
2026-09-14 21:40:00,2026-09-14 18:40:00+00:00,2026-09-14 18:50:00+00:00,2346.0,2346.0,2337.5,2344.0,47470
2026-09-14 21:50:00,2026-09-14 18:50:00+00:00,2026-09-14 19:00:00+00:00,2344.0,2348.0,2344.0,2346.0,9978
2026-09-14 22:00:00,2026-09-14 19:00:00+00:00,2026-09-14 19:10:00+00:00,2346.0,2347.0,2344.0,2345.0,6569
2026-09-14 22:10:00,2026-09-14 19:10:00+00:00,2026-09-14 19:20:00+00:00,2345.0,2346.0,2343.0,2344.5,4943
2026-09-14 22:20:00,2026-09-14 19:20:00+00:00,2026-09-14 19:30:00+00:00,2344.5,2346.5,2343.5,2346.0,4000
2026-09-14 22:30:00,2026-09-14 19:30:00+00:00,2026-09-14 19:40:00+00:00,2345.5,2349.0,2345.0,2348.5,10040
2026-09-14 22:40:00,2026-09-14 19:40:00+00:00,2026-09-14 19:50:00+00:00,2348.0,2350.5,2348.0,2348.5,5787
2026-09-14 22:50:00,2026-09-14 19:50:00+00:00,2026-09-14 20:00:00+00:00,2348.5,2348.5,2347.0,2348.0,4010
2026-09-14 23:00:00,2026-09-14 20:00:00+00:00,2026-09-14 20:10:00+00:00,2348.0,2348.0,2346.0,2348.0,2633
2026-09-14 23:10:00,2026-09-14 20:10:00+00:00,2026-09-14 20:20:00+00:00,2347.5,2352.5,2346.5,2351.0,8984
2026-09-14 23:20:00,2026-09-14 20:20:00+00:00,2026-09-14 20:30:00+00:00,2350.5,2353.5,2350.5,2352.0,4038
2026-09-14 23:30:00,2026-09-14 20:30:00+00:00,2026-09-14 20:40:00+00:00,2352.0,2352.0,2349.5,2350.0,3266
2026-09-14 23:40:00,2026-09-14 20:40:00+00:00,2026-09-14 20:50:00+00:00,2350.5,2351.0,2347.0,2350.0,10838
2026-09-15 06:50:00,2026-09-15 03:50:00+00:00,2026-09-15 04:00:00+00:00,2335.0,2335.0,2335.0,2335.0,1798
2026-09-15 07:00:00,2026-09-15 04:00:00+00:00,2026-09-15 04:10:00+00:00,2334.5,2340.0,2332.5,2336.0,47179
2026-09-15 07:10:00,2026-09-15 04:10:00+00:00,2026-09-15 04:20:00+00:00,2336.0,2342.0,2335.0,2342.0,27339
2026-09-15 07:20:00,2026-09-15 04:20:00+00:00,2026-09-15 04:30:00+00:00,2341.5,2346.0,2339.0,2343.5,21184
2026-09-15 07:30:00,2026-09-15 04:30:00+00:00,2026-09-15 04:40:00+00:00,2343.5,2345.0,2340.5,2340.5,17585
2026-09-15 07:40:00,2026-09-15 04:40:00+00:00,2026-09-15 04:50:00+00:00,2340.5,2341.0,2338.5,2339.0,11370
2026-09-15 07:50:00,2026-09-15 04:50:00+00:00,2026-09-15 05:00:00+00:00,2339.5,2341.0,2339.0,2340.5,9802
2026-09-15 08:00:00,2026-09-15 05:00:00+00:00,2026-09-15 05:10:00+00:00,2340.5,2340.5,2337.5,2339.5,7670
2026-09-15 08:10:00,2026-09-15 05:10:00+00:00,2026-09-15 05:20:00+00:00,2339.5,2342.0,2338.0,2340.5,6866
2026-09-15 08:20:00,2026-09-15 05:20:00+00:00,2026-09-15 05:30:00+00:00,2340.5,2346.0,2339.5,2346.0,12474
2026-09-15 08:30:00,2026-09-15 05:30:00+00:00,2026-09-15 05:40:00+00:00,2345.5,2348.0,2342.5,2345.0,14401
2026-09-15 08:40:00,2026-09-15 05:40:00+00:00,2026-09-15 05:50:00+00:00,2345.0,2346.5,2343.0,2343.5,8855
2026-09-15 08:50:00,2026-09-15 05:50:00+00:00,2026-09-15 06:00:00+00:00,2344.0,2345.5,2342.0,2344.0,3257
2026-09-15 09:00:00,2026-09-15 06:00:00+00:00,2026-09-15 06:10:00+00:00,2344.5,2347.0,2343.5,2345.5,5941
2026-09-15 09:10:00,2026-09-15 06:10:00+00:00,2026-09-15 06:20:00+00:00,2346.0,2346.0,2342.0,2344.0,5177
2026-09-15 09:20:00,2026-09-15 06:20:00+00:00,2026-09-15 06:30:00+00:00,2344.5,2351.0,2344.0,2350.0,11175
2026-09-15 09:30:00,2026-09-15 06:30:00+00:00,2026-09-15 06:40:00+00:00,2349.0,2354.5,2347.5,2349.5,29015
2026-09-15 09:40:00,2026-09-15 06:40:00+00:00,2026-09-15 06:50:00+00:00,2349.0,2354.0,2347.5,2353.0,16444
2026-09-15 09:50:00,2026-09-15 06:50:00+00:00,2026-09-15 07:00:00+00:00,2352.5,2360.0,2351.0,2360.0,26080
2026-09-15 10:00:00,2026-09-15 07:00:00+00:00,2026-09-15 07:10:00+00:00,2360.0,2362.0,2355.5,2358.0,44960
2026-09-15 10:10:00,2026-09-15 07:10:00+00:00,2026-09-15 07:20:00+00:00,2358.0,2362.5,2358.0,2358.5,40917
2026-09-15 10:20:00,2026-09-15 07:20:00+00:00,2026-09-15 07:30:00+00:00,2358.5,2359.5,2356.5,2357.5,14473
2026-09-15 10:30:00,2026-09-15 07:30:00+00:00,2026-09-15 07:40:00+00:00,2357.0,2357.5,2353.5,2356.5,23239
2026-09-15 10:40:00,2026-09-15 07:40:00+00:00,2026-09-15 07:50:00+00:00,2356.0,2357.5,2354.5,2356.0,10560
2026-09-15 10:50:00,2026-09-15 07:50:00+00:00,2026-09-15 08:00:00+00:00,2356.0,2358.0,2355.0,2355.5,9762
2026-09-15 11:00:00,2026-09-15 08:00:00+00:00,2026-09-15 08:10:00+00:00,2355.5,2357.5,2355.0,2356.0,6267
2026-09-15 11:10:00,2026-09-15 08:10:00+00:00,2026-09-15 08:20:00+00:00,2356.5,2357.0,2348.0,2349.0,20836
2026-09-15 11:20:00,2026-09-15 08:20:00+00:00,2026-09-15 08:30:00+00:00,2349.5,2352.5,2349.0,2350.5,11587
2026-09-15 11:30:00,2026-09-15 08:30:00+00:00,2026-09-15 08:40:00+00:00,2350.5,2353.5,2350.0,2353.0,7187
2026-09-15 11:40:00,2026-09-15 08:40:00+00:00,2026-09-15 08:50:00+00:00,2353.0,2353.5,2344.5,2345.0,18052
2026-09-15 11:50:00,2026-09-15 08:50:00+00:00,2026-09-15 09:00:00+00:00,2345.0,2345.5,2339.0,2342.0,39223
2026-09-15 12:00:00,2026-09-15 09:00:00+00:00,2026-09-15 09:10:00+00:00,2341.5,2344.5,2339.0,2342.0,37997
2026-09-15 12:10:00,2026-09-15 09:10:00+00:00,2026-09-15 09:20:00+00:00,2341.0,2343.5,2340.5,2343.5,14378
2026-09-15 12:20:00,2026-09-15 09:20:00+00:00,2026-09-15 09:30:00+00:00,2343.0,2347.0,2342.5,2344.5,17068
2026-09-15 12:30:00,2026-09-15 09:30:00+00:00,2026-09-15 09:40:00+00:00,2345.0,2347.5,2343.0,2345.0,12791
2026-09-15 12:40:00,2026-09-15 09:40:00+00:00,2026-09-15 09:50:00+00:00,2345.0,2353.5,2345.0,2350.0,35681
2026-09-15 12:50:00,2026-09-15 09:50:00+00:00,2026-09-15 10:00:00+00:00,2350.0,2351.0,2346.0,2346.0,11179
2026-09-15 13:00:00,2026-09-15 10:00:00+00:00,2026-09-15 10:10:00+00:00,2346.0,2346.5,2342.0,2343.0,9754
2026-09-15 13:10:00,2026-09-15 10:10:00+00:00,2026-09-15 10:20:00+00:00,2342.5,2345.5,2341.0,2344.0,11172
2026-09-15 13:20:00,2026-09-15 10:20:00+00:00,2026-09-15 10:30:00+00:00,2344.0,2373.0,2344.0,2358.0,186017
2026-09-15 13:30:00,2026-09-15 10:30:00+00:00,2026-09-15 10:40:00+00:00,2358.0,2363.0,2354.0,2357.5,51822
2026-09-15 13:40:00,2026-09-15 10:40:00+00:00,2026-09-15 10:50:00+00:00,2357.0,2360.5,2354.0,2360.0,19570
2026-09-15 13:50:00,2026-09-15 10:50:00+00:00,2026-09-15 11:00:00+00:00,2360.0,2360.5,2354.5,2354.5,13027
2026-09-15 14:00:00,2026-09-15 11:00:00+00:00,2026-09-15 11:10:00+00:00,2355.5,2355.5,2345.5,2350.5,34888
2026-09-15 14:10:00,2026-09-15 11:10:00+00:00,2026-09-15 11:20:00+00:00,2350.0,2354.5,2349.5,2351.0,15289
2026-09-15 14:20:00,2026-09-15 11:20:00+00:00,2026-09-15 11:30:00+00:00,2351.0,2352.0,2346.5,2348.5,12291
2026-09-15 14:30:00,2026-09-15 11:30:00+00:00,2026-09-15 11:40:00+00:00,2348.5,2350.5,2342.0,2348.5,34964
2026-09-15 14:40:00,2026-09-15 11:40:00+00:00,2026-09-15 11:50:00+00:00,2348.5,2349.5,2345.5,2347.0,14007
2026-09-15 14:50:00,2026-09-15 11:50:00+00:00,2026-09-15 12:00:00+00:00,2346.5,2347.5,2344.5,2344.5,10686
2026-09-15 15:00:00,2026-09-15 12:00:00+00:00,2026-09-15 12:10:00+00:00,2344.5,2352.5,2344.0,2348.5,17886
2026-09-15 15:10:00,2026-09-15 12:10:00+00:00,2026-09-15 12:20:00+00:00,2348.0,2349.0,2346.5,2347.0,10300
2026-09-15 15:20:00,2026-09-15 12:20:00+00:00,2026-09-15 12:30:00+00:00,2347.5,2352.0,2347.5,2351.0,13501
2026-09-15 15:30:00,2026-09-15 12:30:00+00:00,2026-09-15 12:40:00+00:00,2351.0,2351.0,2348.0,2350.0,15348
2026-09-15 15:40:00,2026-09-15 12:40:00+00:00,2026-09-15 12:50:00+00:00,2350.0,2351.0,2345.0,2345.0,22406
2026-09-15 15:50:00,2026-09-15 12:50:00+00:00,2026-09-15 13:00:00+00:00,2345.0,2346.0,2338.5,2341.0,34486
2026-09-15 16:00:00,2026-09-15 13:00:00+00:00,2026-09-15 13:10:00+00:00,2341.5,2345.5,2341.0,2345.0,20551
2026-09-15 16:10:00,2026-09-15 13:10:00+00:00,2026-09-15 13:20:00+00:00,2344.5,2345.0,2336.5,2339.0,24128
2026-09-15 16:20:00,2026-09-15 13:20:00+00:00,2026-09-15 13:30:00+00:00,2339.0,2346.0,2338.5,2344.5,20176
2026-09-15 16:30:00,2026-09-15 13:30:00+00:00,2026-09-15 13:40:00+00:00,2344.5,2349.5,2343.5,2345.0,29458
2026-09-15 16:40:00,2026-09-15 13:40:00+00:00,2026-09-15 13:50:00+00:00,2345.0,2347.0,2344.0,2346.0,9077
2026-09-15 16:50:00,2026-09-15 13:50:00+00:00,2026-09-15 14:00:00+00:00,2346.0,2349.0,2344.0,2348.5,10301
2026-09-15 17:00:00,2026-09-15 14:00:00+00:00,2026-09-15 14:10:00+00:00,2348.5,2349.5,2345.0,2346.0,10002
2026-09-15 17:10:00,2026-09-15 14:10:00+00:00,2026-09-15 14:20:00+00:00,2345.5,2346.5,2343.5,2346.0,5703
2026-09-15 17:20:00,2026-09-15 14:20:00+00:00,2026-09-15 14:30:00+00:00,2345.5,2347.0,2343.5,2345.5,4696
2026-09-15 17:30:00,2026-09-15 14:30:00+00:00,2026-09-15 14:40:00+00:00,2346.0,2350.0,2345.0,2350.0,13032
2026-09-15 17:40:00,2026-09-15 14:40:00+00:00,2026-09-15 14:50:00+00:00,2349.5,2357.5,2349.5,2357.0,27384
2026-09-15 17:50:00,2026-09-15 14:50:00+00:00,2026-09-15 15:00:00+00:00,2357.5,2357.5,2351.0,2352.5,12188
2026-09-15 18:00:00,2026-09-15 15:00:00+00:00,2026-09-15 15:10:00+00:00,2352.0,2353.5,2349.0,2350.5,7883
2026-09-15 18:10:00,2026-09-15 15:10:00+00:00,2026-09-15 15:20:00+00:00,2350.5,2351.0,2344.0,2346.0,35117
2026-09-15 18:20:00,2026-09-15 15:20:00+00:00,2026-09-15 15:30:00+00:00,2345.5,2346.0,2341.0,2343.0,24684
2026-09-15 18:30:00,2026-09-15 15:30:00+00:00,2026-09-15 15:40:00+00:00,2343.0,2343.5,2340.0,2341.5,18773
2026-09-15 18:40:00,2026-09-15 15:40:00+00:00,2026-09-15 15:50:00+00:00,2342.0,2342.0,2337.0,2339.0,22486
2026-09-15 18:50:00,2026-09-15 15:50:00+00:00,2026-09-15 16:00:00+00:00,2339.0,2340.5,2335.5,2340.0,33213
2026-09-15 19:00:00,2026-09-15 16:00:00+00:00,2026-09-15 16:10:00+00:00,2340.0,2343.5,2338.0,2342.0,12561
2026-09-15 19:10:00,2026-09-15 16:10:00+00:00,2026-09-15 16:20:00+00:00,2342.0,2343.0,2338.5,2340.5,5813
2026-09-15 19:20:00,2026-09-15 16:20:00+00:00,2026-09-15 16:30:00+00:00,2340.5,2345.0,2340.5,2343.0,11440
2026-09-15 19:30:00,2026-09-15 16:30:00+00:00,2026-09-15 16:40:00+00:00,2343.5,2344.5,2342.0,2343.5,3173
2026-09-15 19:40:00,2026-09-15 16:40:00+00:00,2026-09-15 16:50:00+00:00,2343.5,2344.0,2342.0,2342.0,3256
2026-09-15 19:50:00,2026-09-15 16:50:00+00:00,2026-09-15 17:00:00+00:00,2342.5,2343.0,2341.0,2341.0,2393
2026-09-15 20:00:00,2026-09-15 17:00:00+00:00,2026-09-15 17:10:00+00:00,2341.5,2343.5,2340.5,2343.0,5033
2026-09-15 20:10:00,2026-09-15 17:10:00+00:00,2026-09-15 17:20:00+00:00,2343.0,2345.0,2343.0,2344.5,5099
2026-09-15 20:20:00,2026-09-15 17:20:00+00:00,2026-09-15 17:30:00+00:00,2344.0,2346.5,2343.5,2346.5,6568
2026-09-15 20:30:00,2026-09-15 17:30:00+00:00,2026-09-15 17:40:00+00:00,2346.5,2346.5,2344.5,2345.0,2191
2026-09-15 20:40:00,2026-09-15 17:40:00+00:00,2026-09-15 17:50:00+00:00,2344.5,2345.0,2343.5,2343.5,830
2026-09-15 20:50:00,2026-09-15 17:50:00+00:00,2026-09-15 18:00:00+00:00,2344.0,2345.0,2343.0,2344.5,2156
2026-09-15 21:00:00,2026-09-15 18:00:00+00:00,2026-09-15 18:10:00+00:00,2344.0,2344.5,2343.0,2344.0,1433
2026-09-15 21:10:00,2026-09-15 18:10:00+00:00,2026-09-15 18:20:00+00:00,2344.0,2344.0,2340.0,2341.0,5896
2026-09-15 21:20:00,2026-09-15 18:20:00+00:00,2026-09-15 18:30:00+00:00,2340.5,2342.0,2339.5,2341.0,2946
2026-09-15 21:30:00,2026-09-15 18:30:00+00:00,2026-09-15 18:40:00+00:00,2341.5,2341.5,2340.0,2340.5,1369
2026-09-15 21:40:00,2026-09-15 18:40:00+00:00,2026-09-15 18:50:00+00:00,2340.5,2340.5,2338.0,2339.0,3454
2026-09-15 21:50:00,2026-09-15 18:50:00+00:00,2026-09-15 19:00:00+00:00,2339.5,2340.5,2339.0,2340.0,3253
2026-09-15 22:00:00,2026-09-15 19:00:00+00:00,2026-09-15 19:10:00+00:00,2339.5,2339.5,2337.5,2337.5,10506
2026-09-15 22:10:00,2026-09-15 19:10:00+00:00,2026-09-15 19:20:00+00:00,2338.0,2338.5,2336.5,2338.0,5550
2026-09-15 22:20:00,2026-09-15 19:20:00+00:00,2026-09-15 19:30:00+00:00,2337.5,2338.0,2337.0,2338.0,2399
2026-09-15 22:30:00,2026-09-15 19:30:00+00:00,2026-09-15 19:40:00+00:00,2338.0,2339.5,2336.5,2337.5,9002
2026-09-15 22:40:00,2026-09-15 19:40:00+00:00,2026-09-15 19:50:00+00:00,2337.5,2337.5,2335.5,2336.5,3699
2026-09-15 22:50:00,2026-09-15 19:50:00+00:00,2026-09-15 20:00:00+00:00,2336.5,2337.0,2336.0,2336.5,1392
2026-09-15 23:00:00,2026-09-15 20:00:00+00:00,2026-09-15 20:10:00+00:00,2336.0,2337.0,2336.0,2336.5,2341
2026-09-15 23:10:00,2026-09-15 20:10:00+00:00,2026-09-15 20:20:00+00:00,2336.5,2336.5,2334.5,2335.5,5635
2026-09-15 23:20:00,2026-09-15 20:20:00+00:00,2026-09-15 20:30:00+00:00,2335.0,2336.0,2334.5,2335.5,2554
2026-09-15 23:30:00,2026-09-15 20:30:00+00:00,2026-09-15 20:40:00+00:00,2335.5,2335.5,2333.0,2333.5,5281
2026-09-15 23:40:00,2026-09-15 20:40:00+00:00,2026-09-15 20:50:00+00:00,2333.5,2335.0,2332.5,2335.0,8454
2026-09-16 06:50:00,2026-09-16 03:50:00+00:00,2026-09-16 04:00:00+00:00,2335.0,2335.0,2335.0,2335.0,33
2026-09-16 07:00:00,2026-09-16 04:00:00+00:00,2026-09-16 04:10:00+00:00,2334.5,2340.0,2324.0,2338.0,29548
2026-09-16 07:10:00,2026-09-16 04:10:00+00:00,2026-09-16 04:20:00+00:00,2338.0,2339.0,2333.0,2337.0,11063
2026-09-16 07:20:00,2026-09-16 04:20:00+00:00,2026-09-16 04:30:00+00:00,2337.0,2339.0,2335.0,2337.5,5949
2026-09-16 07:30:00,2026-09-16 04:30:00+00:00,2026-09-16 04:40:00+00:00,2338.5,2343.0,2337.5,2341.5,9950
2026-09-16 07:40:00,2026-09-16 04:40:00+00:00,2026-09-16 04:50:00+00:00,2341.5,2341.5,2339.5,2340.5,4218
2026-09-16 07:50:00,2026-09-16 04:50:00+00:00,2026-09-16 05:00:00+00:00,2340.5,2340.5,2339.0,2339.5,3641
2026-09-16 08:00:00,2026-09-16 05:00:00+00:00,2026-09-16 05:10:00+00:00,2340.0,2341.0,2339.0,2340.5,4535
2026-09-16 08:10:00,2026-09-16 05:10:00+00:00,2026-09-16 05:20:00+00:00,2340.5,2343.0,2339.0,2342.5,4736
2026-09-16 08:20:00,2026-09-16 05:20:00+00:00,2026-09-16 05:30:00+00:00,2342.5,2346.0,2340.0,2345.0,12693
2026-09-16 08:30:00,2026-09-16 05:30:00+00:00,2026-09-16 05:40:00+00:00,2345.0,2345.0,2342.5,2343.5,5746
2026-09-16 08:40:00,2026-09-16 05:40:00+00:00,2026-09-16 05:50:00+00:00,2343.5,2343.5,2341.0,2341.5,4311
2026-09-16 08:50:00,2026-09-16 05:50:00+00:00,2026-09-16 06:00:00+00:00,2341.5,2345.5,2341.5,2345.5,10947
2026-09-16 09:00:00,2026-09-16 06:00:00+00:00,2026-09-16 06:10:00+00:00,2345.0,2345.0,2341.0,2341.5,8436
2026-09-16 09:10:00,2026-09-16 06:10:00+00:00,2026-09-16 06:20:00+00:00,2341.5,2342.0,2336.0,2336.0,16450
2026-09-16 09:20:00,2026-09-16 06:20:00+00:00,2026-09-16 06:30:00+00:00,2336.0,2340.0,2335.0,2338.5,11415
2026-09-16 09:30:00,2026-09-16 06:30:00+00:00,2026-09-16 06:40:00+00:00,2338.0,2341.5,2338.0,2340.0,7190
2026-09-16 09:40:00,2026-09-16 06:40:00+00:00,2026-09-16 06:50:00+00:00,2340.0,2342.0,2336.0,2337.0,3965
2026-09-16 09:50:00,2026-09-16 06:50:00+00:00,2026-09-16 07:00:00+00:00,2337.0,2337.5,2329.5,2330.5,23296
2026-09-16 10:00:00,2026-09-16 07:00:00+00:00,2026-09-16 07:10:00+00:00,2330.5,2331.0,2324.5,2328.5,59488
2026-09-16 10:10:00,2026-09-16 07:10:00+00:00,2026-09-16 07:20:00+00:00,2328.5,2333.5,2328.5,2332.0,21101
2026-09-16 10:20:00,2026-09-16 07:20:00+00:00,2026-09-16 07:30:00+00:00,2333.0,2336.0,2329.5,2330.5,19592
2026-09-16 10:30:00,2026-09-16 07:30:00+00:00,2026-09-16 07:40:00+00:00,2330.5,2338.5,2326.5,2335.5,36233
2026-09-16 10:40:00,2026-09-16 07:40:00+00:00,2026-09-16 07:50:00+00:00,2335.5,2337.0,2329.0,2329.5,15424
2026-09-16 10:50:00,2026-09-16 07:50:00+00:00,2026-09-16 08:00:00+00:00,2329.0,2333.0,2328.0,2329.0,6510
2026-09-16 11:00:00,2026-09-16 08:00:00+00:00,2026-09-16 08:10:00+00:00,2329.0,2333.5,2328.0,2330.0,13437
2026-09-16 11:10:00,2026-09-16 08:10:00+00:00,2026-09-16 08:20:00+00:00,2329.5,2332.0,2326.5,2331.5,15491
2026-09-16 11:20:00,2026-09-16 08:20:00+00:00,2026-09-16 08:30:00+00:00,2331.0,2333.0,2328.0,2332.0,8625
2026-09-16 11:30:00,2026-09-16 08:30:00+00:00,2026-09-16 08:40:00+00:00,2332.0,2334.5,2329.0,2330.5,7518
2026-09-16 11:40:00,2026-09-16 08:40:00+00:00,2026-09-16 08:50:00+00:00,2330.5,2331.0,2327.0,2327.5,8740
2026-09-16 11:50:00,2026-09-16 08:50:00+00:00,2026-09-16 09:00:00+00:00,2327.5,2333.0,2325.5,2332.0,18127
2026-09-16 12:00:00,2026-09-16 09:00:00+00:00,2026-09-16 09:10:00+00:00,2332.0,2333.5,2329.0,2331.5,6056
2026-09-16 12:10:00,2026-09-16 09:10:00+00:00,2026-09-16 09:20:00+00:00,2331.0,2332.5,2328.5,2329.5,6186
2026-09-16 12:20:00,2026-09-16 09:20:00+00:00,2026-09-16 09:30:00+00:00,2329.5,2330.5,2326.5,2328.5,13080
2026-09-16 12:30:00,2026-09-16 09:30:00+00:00,2026-09-16 09:40:00+00:00,2328.5,2330.0,2320.5,2323.0,38300
2026-09-16 12:40:00,2026-09-16 09:40:00+00:00,2026-09-16 09:50:00+00:00,2322.5,2323.5,2320.5,2321.5,21700
2026-09-16 12:50:00,2026-09-16 09:50:00+00:00,2026-09-16 10:00:00+00:00,2321.0,2323.0,2318.5,2319.5,28743
2026-09-16 13:00:00,2026-09-16 10:00:00+00:00,2026-09-16 10:10:00+00:00,2319.5,2320.0,2312.0,2312.0,68561
2026-09-16 13:10:00,2026-09-16 10:10:00+00:00,2026-09-16 10:20:00+00:00,2312.0,2314.0,2306.5,2308.5,87098
2026-09-16 13:20:00,2026-09-16 10:20:00+00:00,2026-09-16 10:30:00+00:00,2308.0,2314.5,2308.0,2312.5,39631
2026-09-16 13:30:00,2026-09-16 10:30:00+00:00,2026-09-16 10:40:00+00:00,2312.5,2313.5,2307.5,2310.5,43461
2026-09-16 13:40:00,2026-09-16 10:40:00+00:00,2026-09-16 10:50:00+00:00,2311.5,2314.0,2308.5,2312.5,29983
2026-09-16 13:50:00,2026-09-16 10:50:00+00:00,2026-09-16 11:00:00+00:00,2312.5,2315.5,2310.5,2313.0,23761
2026-09-16 14:00:00,2026-09-16 11:00:00+00:00,2026-09-16 11:10:00+00:00,2313.0,2315.0,2310.5,2313.0,17241
2026-09-16 14:10:00,2026-09-16 11:10:00+00:00,2026-09-16 11:20:00+00:00,2313.0,2313.5,2308.0,2311.0,17811
2026-09-16 14:20:00,2026-09-16 11:20:00+00:00,2026-09-16 11:30:00+00:00,2310.5,2311.5,2305.0,2308.0,27274
2026-09-16 14:30:00,2026-09-16 11:30:00+00:00,2026-09-16 11:40:00+00:00,2307.0,2313.0,2307.0,2311.0,23993
2026-09-16 14:40:00,2026-09-16 11:40:00+00:00,2026-09-16 11:50:00+00:00,2311.0,2316.5,2311.0,2314.5,23190
2026-09-16 14:50:00,2026-09-16 11:50:00+00:00,2026-09-16 12:00:00+00:00,2314.5,2315.0,2311.0,2312.0,7165
2026-09-16 15:00:00,2026-09-16 12:00:00+00:00,2026-09-16 12:10:00+00:00,2312.5,2317.5,2311.5,2315.5,16953
2026-09-16 15:10:00,2026-09-16 12:10:00+00:00,2026-09-16 12:20:00+00:00,2316.0,2317.0,2315.0,2315.5,7058
2026-09-16 15:20:00,2026-09-16 12:20:00+00:00,2026-09-16 12:30:00+00:00,2315.5,2316.0,2313.0,2313.5,5207
2026-09-16 15:30:00,2026-09-16 12:30:00+00:00,2026-09-16 12:40:00+00:00,2313.0,2314.0,2310.0,2311.0,8352
2026-09-16 15:40:00,2026-09-16 12:40:00+00:00,2026-09-16 12:50:00+00:00,2311.0,2313.0,2310.5,2312.0,6638
2026-09-16 15:50:00,2026-09-16 12:50:00+00:00,2026-09-16 13:00:00+00:00,2311.0,2312.0,2310.0,2311.5,8844
2026-09-16 16:00:00,2026-09-16 13:00:00+00:00,2026-09-16 13:10:00+00:00,2311.0,2315.5,2310.0,2314.0,13371
2026-09-16 16:10:00,2026-09-16 13:10:00+00:00,2026-09-16 13:20:00+00:00,2313.5,2314.5,2311.0,2311.0,11974
2026-09-16 16:20:00,2026-09-16 13:20:00+00:00,2026-09-16 13:30:00+00:00,2311.0,2311.5,2308.5,2309.0,11921
2026-09-16 16:30:00,2026-09-16 13:30:00+00:00,2026-09-16 13:40:00+00:00,2309.0,2311.0,2307.0,2308.5,11998
2026-09-16 16:40:00,2026-09-16 13:40:00+00:00,2026-09-16 13:50:00+00:00,2308.5,2311.5,2307.0,2307.0,11367
2026-09-16 16:50:00,2026-09-16 13:50:00+00:00,2026-09-16 14:00:00+00:00,2307.5,2307.5,2298.5,2298.5,61440
2026-09-16 17:00:00,2026-09-16 14:00:00+00:00,2026-09-16 14:10:00+00:00,2298.5,2298.5,2294.5,2296.5,46599
2026-09-16 17:10:00,2026-09-16 14:10:00+00:00,2026-09-16 14:20:00+00:00,2296.5,2298.5,2293.5,2295.0,25393
2026-09-16 17:20:00,2026-09-16 14:20:00+00:00,2026-09-16 14:30:00+00:00,2295.5,2298.0,2292.5,2295.5,29559
2026-09-16 17:30:00,2026-09-16 14:30:00+00:00,2026-09-16 14:40:00+00:00,2295.5,2299.5,2294.5,2297.0,23799
2026-09-16 17:40:00,2026-09-16 14:40:00+00:00,2026-09-16 14:50:00+00:00,2296.5,2296.5,2293.5,2294.0,17451
2026-09-16 17:50:00,2026-09-16 14:50:00+00:00,2026-09-16 15:00:00+00:00,2293.5,2298.5,2293.5,2296.5,16869
2026-09-16 18:00:00,2026-09-16 15:00:00+00:00,2026-09-16 15:10:00+00:00,2296.5,2300.5,2293.0,2294.0,33235
2026-09-16 18:10:00,2026-09-16 15:10:00+00:00,2026-09-16 15:20:00+00:00,2293.5,2298.0,2292.5,2294.5,22088
2026-09-16 18:20:00,2026-09-16 15:20:00+00:00,2026-09-16 15:30:00+00:00,2295.0,2295.0,2285.5,2288.0,46865
2026-09-16 18:30:00,2026-09-16 15:30:00+00:00,2026-09-16 15:40:00+00:00,2287.5,2294.0,2287.0,2293.5,17760
2026-09-16 18:40:00,2026-09-16 15:40:00+00:00,2026-09-16 15:50:00+00:00,2293.0,2294.0,2288.5,2288.5,10096
2026-09-16 18:50:00,2026-09-16 15:50:00+00:00,2026-09-16 16:00:00+00:00,2288.5,2291.5,2287.0,2289.0,9665
2026-09-16 19:00:00,2026-09-16 16:00:00+00:00,2026-09-16 16:10:00+00:00,2289.0,2290.5,2287.0,2288.5,14198
2026-09-16 19:10:00,2026-09-16 16:10:00+00:00,2026-09-16 16:20:00+00:00,2288.0,2288.5,2284.5,2288.5,20993
2026-09-16 19:20:00,2026-09-16 16:20:00+00:00,2026-09-16 16:30:00+00:00,2288.0,2289.5,2287.5,2289.0,5651
2026-09-16 19:30:00,2026-09-16 16:30:00+00:00,2026-09-16 16:40:00+00:00,2289.0,2289.0,2285.5,2287.5,11818
2026-09-16 19:40:00,2026-09-16 16:40:00+00:00,2026-09-16 16:50:00+00:00,2287.5,2288.5,2285.5,2286.5,6408
2026-09-16 19:50:00,2026-09-16 16:50:00+00:00,2026-09-16 17:00:00+00:00,2286.0,2286.5,2282.5,2283.0,18471
2026-09-16 20:00:00,2026-09-16 17:00:00+00:00,2026-09-16 17:10:00+00:00,2283.0,2284.0,2282.0,2284.0,7581
2026-09-16 20:10:00,2026-09-16 17:10:00+00:00,2026-09-16 17:20:00+00:00,2284.0,2284.5,2283.0,2283.5,7006
2026-09-16 20:20:00,2026-09-16 17:20:00+00:00,2026-09-16 17:30:00+00:00,2284.0,2284.0,2282.0,2283.0,9220
2026-09-16 20:30:00,2026-09-16 17:30:00+00:00,2026-09-16 17:40:00+00:00,2283.0,2283.0,2281.0,2282.0,8642
2026-09-16 20:40:00,2026-09-16 17:40:00+00:00,2026-09-16 17:50:00+00:00,2282.0,2283.0,2280.5,2281.5,9021
2026-09-16 20:50:00,2026-09-16 17:50:00+00:00,2026-09-16 18:00:00+00:00,2282.0,2289.0,2281.5,2287.5,17720
2026-09-16 21:00:00,2026-09-16 18:00:00+00:00,2026-09-16 18:10:00+00:00,2287.0,2288.0,2284.0,2287.0,8614
2026-09-16 21:10:00,2026-09-16 18:10:00+00:00,2026-09-16 18:20:00+00:00,2287.0,2287.0,2284.5,2286.0,8270
2026-09-16 21:20:00,2026-09-16 18:20:00+00:00,2026-09-16 18:30:00+00:00,2286.0,2288.0,2285.5,2287.5,3970
2026-09-16 21:30:00,2026-09-16 18:30:00+00:00,2026-09-16 18:40:00+00:00,2287.5,2290.5,2287.0,2289.0,11439
2026-09-16 21:40:00,2026-09-16 18:40:00+00:00,2026-09-16 18:50:00+00:00,2289.0,2292.5,2288.0,2291.0,11138
2026-09-16 21:50:00,2026-09-16 18:50:00+00:00,2026-09-16 19:00:00+00:00,2290.5,2291.5,2288.0,2288.5,7452
2026-09-16 22:00:00,2026-09-16 19:00:00+00:00,2026-09-16 19:10:00+00:00,2289.0,2291.5,2288.5,2289.5,6899
2026-09-16 22:10:00,2026-09-16 19:10:00+00:00,2026-09-16 19:20:00+00:00,2289.5,2290.5,2286.5,2287.0,10828
2026-09-16 22:20:00,2026-09-16 19:20:00+00:00,2026-09-16 19:30:00+00:00,2287.0,2287.5,2285.0,2287.0,3749
2026-09-16 22:30:00,2026-09-16 19:30:00+00:00,2026-09-16 19:40:00+00:00,2287.0,2287.5,2285.0,2285.5,2523
2026-09-16 22:40:00,2026-09-16 19:40:00+00:00,2026-09-16 19:50:00+00:00,2285.0,2286.5,2284.0,2286.5,4506
2026-09-16 22:50:00,2026-09-16 19:50:00+00:00,2026-09-16 20:00:00+00:00,2286.0,2287.5,2286.0,2286.5,3353
2026-09-16 23:00:00,2026-09-16 20:00:00+00:00,2026-09-16 20:10:00+00:00,2287.0,2288.0,2285.0,2285.0,5369
2026-09-16 23:10:00,2026-09-16 20:10:00+00:00,2026-09-16 20:20:00+00:00,2285.5,2286.0,2283.0,2283.0,9667
2026-09-16 23:20:00,2026-09-16 20:20:00+00:00,2026-09-16 20:30:00+00:00,2283.0,2284.0,2281.5,2281.5,8180
2026-09-16 23:30:00,2026-09-16 20:30:00+00:00,2026-09-16 20:40:00+00:00,2282.0,2282.5,2281.0,2281.5,13312
2026-09-16 23:40:00,2026-09-16 20:40:00+00:00,2026-09-16 20:50:00+00:00,2281.5,2284.0,2280.5,2280.5,11269
2026-09-17 06:50:00,2026-09-17 03:50:00+00:00,2026-09-17 04:00:00+00:00,2275.0,2275.0,2275.0,2275.0,2717
2026-09-17 07:00:00,2026-09-17 04:00:00+00:00,2026-09-17 04:10:00+00:00,2276.5,2278.0,2265.0,2270.5,68962
2026-09-17 07:10:00,2026-09-17 04:10:00+00:00,2026-09-17 04:20:00+00:00,2270.5,2274.5,2269.0,2272.5,17229
2026-09-17 07:20:00,2026-09-17 04:20:00+00:00,2026-09-17 04:30:00+00:00,2272.0,2274.5,2268.5,2269.0,14673
2026-09-17 07:30:00,2026-09-17 04:30:00+00:00,2026-09-17 04:40:00+00:00,2268.5,2272.5,2267.5,2270.5,10883
2026-09-17 07:40:00,2026-09-17 04:40:00+00:00,2026-09-17 04:50:00+00:00,2270.5,2273.5,2268.0,2268.0,16229
2026-09-17 07:50:00,2026-09-17 04:50:00+00:00,2026-09-17 05:00:00+00:00,2268.0,2270.0,2267.5,2270.0,5255
2026-09-17 08:00:00,2026-09-17 05:00:00+00:00,2026-09-17 05:10:00+00:00,2269.5,2272.0,2269.0,2271.0,6943
2026-09-17 08:10:00,2026-09-17 05:10:00+00:00,2026-09-17 05:20:00+00:00,2271.0,2273.0,2271.0,2271.0,7136
2026-09-17 08:20:00,2026-09-17 05:20:00+00:00,2026-09-17 05:30:00+00:00,2272.0,2272.0,2267.5,2268.5,8987
2026-09-17 08:30:00,2026-09-17 05:30:00+00:00,2026-09-17 05:40:00+00:00,2269.0,2269.0,2261.5,2262.0,26459
2026-09-17 08:40:00,2026-09-17 05:40:00+00:00,2026-09-17 05:50:00+00:00,2262.5,2263.0,2258.5,2261.5,35300
2026-09-17 08:50:00,2026-09-17 05:50:00+00:00,2026-09-17 06:00:00+00:00,2262.0,2264.0,2260.5,2260.5,16128
2026-09-17 09:00:00,2026-09-17 06:00:00+00:00,2026-09-17 06:10:00+00:00,2261.0,2264.5,2260.0,2262.0,11451
2026-09-17 09:10:00,2026-09-17 06:10:00+00:00,2026-09-17 06:20:00+00:00,2262.0,2264.0,2258.5,2259.5,25332
2026-09-17 09:20:00,2026-09-17 06:20:00+00:00,2026-09-17 06:30:00+00:00,2260.0,2264.5,2259.0,2264.0,12816
2026-09-17 09:30:00,2026-09-17 06:30:00+00:00,2026-09-17 06:40:00+00:00,2264.5,2267.5,2263.0,2263.5,24696
2026-09-17 09:40:00,2026-09-17 06:40:00+00:00,2026-09-17 06:50:00+00:00,2263.5,2269.0,2263.5,2267.5,17942
2026-09-17 09:50:00,2026-09-17 06:50:00+00:00,2026-09-17 07:00:00+00:00,2267.5,2274.5,2265.5,2272.0,25178
2026-09-17 10:00:00,2026-09-17 07:00:00+00:00,2026-09-17 07:10:00+00:00,2272.0,2272.0,2263.5,2264.5,25512
2026-09-17 10:10:00,2026-09-17 07:10:00+00:00,2026-09-17 07:20:00+00:00,2264.5,2267.0,2262.5,2266.0,20863
2026-09-17 10:20:00,2026-09-17 07:20:00+00:00,2026-09-17 07:30:00+00:00,2266.5,2266.5,2257.5,2257.5,50692
2026-09-17 10:30:00,2026-09-17 07:30:00+00:00,2026-09-17 07:40:00+00:00,2258.0,2260.5,2252.5,2254.0,65104
2026-09-17 10:40:00,2026-09-17 07:40:00+00:00,2026-09-17 07:50:00+00:00,2255.0,2258.5,2253.0,2257.0,31038
2026-09-17 10:50:00,2026-09-17 07:50:00+00:00,2026-09-17 08:00:00+00:00,2257.0,2259.5,2256.5,2256.5,13811
2026-09-17 11:00:00,2026-09-17 08:00:00+00:00,2026-09-17 08:10:00+00:00,2256.5,2258.5,2255.5,2257.0,12291
2026-09-17 11:10:00,2026-09-17 08:10:00+00:00,2026-09-17 08:20:00+00:00,2257.0,2262.5,2256.5,2261.5,18510
2026-09-17 11:20:00,2026-09-17 08:20:00+00:00,2026-09-17 08:30:00+00:00,2261.0,2262.5,2257.0,2258.0,13816
2026-09-17 11:30:00,2026-09-17 08:30:00+00:00,2026-09-17 08:40:00+00:00,2258.0,2261.0,2257.5,2260.0,5230
2026-09-17 11:40:00,2026-09-17 08:40:00+00:00,2026-09-17 08:50:00+00:00,2260.0,2268.0,2259.5,2265.5,22742
2026-09-17 11:50:00,2026-09-17 08:50:00+00:00,2026-09-17 09:00:00+00:00,2265.5,2268.0,2261.5,2262.0,33987
2026-09-17 12:00:00,2026-09-17 09:00:00+00:00,2026-09-17 09:10:00+00:00,2262.0,2264.5,2261.0,2262.5,8184
2026-09-17 12:10:00,2026-09-17 09:10:00+00:00,2026-09-17 09:20:00+00:00,2262.0,2262.5,2260.0,2261.0,8895
2026-09-17 12:20:00,2026-09-17 09:20:00+00:00,2026-09-17 09:30:00+00:00,2260.5,2265.0,2260.5,2264.5,13224
2026-09-17 12:30:00,2026-09-17 09:30:00+00:00,2026-09-17 09:40:00+00:00,2264.5,2271.5,2264.5,2266.5,36870
2026-09-17 12:40:00,2026-09-17 09:40:00+00:00,2026-09-17 09:50:00+00:00,2266.5,2267.5,2263.5,2265.0,8881
2026-09-17 12:50:00,2026-09-17 09:50:00+00:00,2026-09-17 10:00:00+00:00,2264.0,2266.0,2264.0,2265.0,4159
2026-09-17 13:00:00,2026-09-17 10:00:00+00:00,2026-09-17 10:10:00+00:00,2265.0,2265.0,2255.0,2256.0,36889
2026-09-17 13:10:00,2026-09-17 10:10:00+00:00,2026-09-17 10:20:00+00:00,2255.5,2258.5,2255.5,2257.0,11741
2026-09-17 13:20:00,2026-09-17 10:20:00+00:00,2026-09-17 10:30:00+00:00,2256.5,2258.0,2251.5,2252.0,33447
2026-09-17 13:30:00,2026-09-17 10:30:00+00:00,2026-09-17 10:40:00+00:00,2253.0,2257.0,2250.5,2256.0,38416
2026-09-17 13:40:00,2026-09-17 10:40:00+00:00,2026-09-17 10:50:00+00:00,2256.0,2256.5,2251.0,2252.0,20061
2026-09-17 13:50:00,2026-09-17 10:50:00+00:00,2026-09-17 11:00:00+00:00,2252.5,2252.5,2246.0,2247.5,59562
2026-09-17 14:00:00,2026-09-17 11:00:00+00:00,2026-09-17 11:10:00+00:00,2247.0,2251.5,2246.5,2250.0,24343
2026-09-17 14:10:00,2026-09-17 11:10:00+00:00,2026-09-17 11:20:00+00:00,2250.0,2250.5,2242.5,2244.0,37749
2026-09-17 14:20:00,2026-09-17 11:20:00+00:00,2026-09-17 11:30:00+00:00,2243.5,2246.5,2243.0,2246.5,18993
2026-09-17 14:30:00,2026-09-17 11:30:00+00:00,2026-09-17 11:40:00+00:00,2246.5,2246.5,2243.0,2244.5,11965
2026-09-17 14:40:00,2026-09-17 11:40:00+00:00,2026-09-17 11:50:00+00:00,2244.5,2247.5,2243.0,2247.5,12319
2026-09-17 14:50:00,2026-09-17 11:50:00+00:00,2026-09-17 12:00:00+00:00,2247.0,2248.0,2243.5,2243.5,19372
2026-09-17 15:00:00,2026-09-17 12:00:00+00:00,2026-09-17 12:10:00+00:00,2243.5,2257.5,2243.5,2256.5,75119
2026-09-17 15:10:00,2026-09-17 12:10:00+00:00,2026-09-17 12:20:00+00:00,2257.5,2258.0,2253.5,2255.5,35205
2026-09-17 15:20:00,2026-09-17 12:20:00+00:00,2026-09-17 12:30:00+00:00,2255.5,2260.0,2247.0,2257.5,67501
2026-09-17 15:30:00,2026-09-17 12:30:00+00:00,2026-09-17 12:40:00+00:00,2257.5,2262.5,2256.0,2260.5,30805
2026-09-17 15:40:00,2026-09-17 12:40:00+00:00,2026-09-17 12:50:00+00:00,2261.0,2267.0,2260.5,2262.5,71206
2026-09-17 15:50:00,2026-09-17 12:50:00+00:00,2026-09-17 13:00:00+00:00,2262.5,2265.0,2260.0,2262.0,37371
2026-09-17 16:00:00,2026-09-17 13:00:00+00:00,2026-09-17 13:10:00+00:00,2262.0,2262.5,2253.0,2254.0,54248
2026-09-17 16:10:00,2026-09-17 13:10:00+00:00,2026-09-17 13:20:00+00:00,2254.0,2261.0,2253.5,2259.0,22487
2026-09-17 16:20:00,2026-09-17 13:20:00+00:00,2026-09-17 13:30:00+00:00,2259.5,2261.0,2255.5,2256.5,15360
2026-09-17 16:30:00,2026-09-17 13:30:00+00:00,2026-09-17 13:40:00+00:00,2256.5,2259.5,2255.5,2258.0,10637
2026-09-17 16:40:00,2026-09-17 13:40:00+00:00,2026-09-17 13:50:00+00:00,2258.0,2259.0,2251.5,2253.0,22140
2026-09-17 16:50:00,2026-09-17 13:50:00+00:00,2026-09-17 14:00:00+00:00,2252.5,2254.0,2245.0,2247.0,49795
2026-09-17 17:00:00,2026-09-17 14:00:00+00:00,2026-09-17 14:10:00+00:00,2246.5,2248.5,2241.0,2241.5,38022
2026-09-17 17:10:00,2026-09-17 14:10:00+00:00,2026-09-17 14:20:00+00:00,2242.0,2245.0,2237.5,2245.0,48035
2026-09-17 17:20:00,2026-09-17 14:20:00+00:00,2026-09-17 14:30:00+00:00,2244.5,2246.5,2242.5,2244.0,17630
2026-09-17 17:30:00,2026-09-17 14:30:00+00:00,2026-09-17 14:40:00+00:00,2244.5,2246.0,2243.0,2245.5,10086
2026-09-17 17:40:00,2026-09-17 14:40:00+00:00,2026-09-17 14:50:00+00:00,2245.5,2245.5,2242.5,2244.0,13164
2026-09-17 17:50:00,2026-09-17 14:50:00+00:00,2026-09-17 15:00:00+00:00,2243.5,2256.0,2243.0,2256.0,57319
2026-09-17 18:00:00,2026-09-17 15:00:00+00:00,2026-09-17 15:10:00+00:00,2255.5,2256.0,2248.0,2250.5,30473
2026-09-17 18:10:00,2026-09-17 15:10:00+00:00,2026-09-17 15:20:00+00:00,2250.0,2252.5,2249.0,2250.5,12121
2026-09-17 18:20:00,2026-09-17 15:20:00+00:00,2026-09-17 15:30:00+00:00,2251.0,2252.5,2246.5,2247.5,28605
2026-09-17 18:30:00,2026-09-17 15:30:00+00:00,2026-09-17 15:40:00+00:00,2248.0,2248.0,2245.5,2247.0,12645
2026-09-17 18:40:00,2026-09-17 15:40:00+00:00,2026-09-17 15:50:00+00:00,2247.5,2251.5,2247.0,2250.5,41569
2026-09-17 18:50:00,2026-09-17 15:50:00+00:00,2026-09-17 16:00:00+00:00,2251.0,2253.5,2248.0,2250.0,22458
2026-09-17 19:00:00,2026-09-17 16:00:00+00:00,2026-09-17 16:10:00+00:00,2250.0,2250.5,2247.5,2250.5,12457
2026-09-17 19:10:00,2026-09-17 16:10:00+00:00,2026-09-17 16:20:00+00:00,2250.0,2250.0,2248.5,2249.5,4838
2026-09-17 19:20:00,2026-09-17 16:20:00+00:00,2026-09-17 16:30:00+00:00,2249.0,2252.5,2249.0,2252.0,9858
2026-09-17 19:30:00,2026-09-17 16:30:00+00:00,2026-09-17 16:40:00+00:00,2251.5,2256.0,2251.5,2253.5,12535
2026-09-17 19:40:00,2026-09-17 16:40:00+00:00,2026-09-17 16:50:00+00:00,2253.0,2253.5,2251.5,2253.5,6483
2026-09-17 19:50:00,2026-09-17 16:50:00+00:00,2026-09-17 17:00:00+00:00,2253.5,2255.5,2253.0,2255.5,3978
2026-09-17 20:00:00,2026-09-17 17:00:00+00:00,2026-09-17 17:10:00+00:00,2255.5,2255.5,2252.5,2254.0,5129
2026-09-17 20:10:00,2026-09-17 17:10:00+00:00,2026-09-17 17:20:00+00:00,2253.5,2262.5,2253.5,2259.0,27926
2026-09-17 20:20:00,2026-09-17 17:20:00+00:00,2026-09-17 17:30:00+00:00,2259.5,2260.0,2256.0,2256.5,5705
2026-09-17 20:30:00,2026-09-17 17:30:00+00:00,2026-09-17 17:40:00+00:00,2256.5,2259.5,2256.0,2258.0,4063
2026-09-17 20:40:00,2026-09-17 17:40:00+00:00,2026-09-17 17:50:00+00:00,2258.0,2260.0,2257.5,2259.5,5436
2026-09-17 20:50:00,2026-09-17 17:50:00+00:00,2026-09-17 18:00:00+00:00,2259.0,2259.0,2255.5,2256.0,10032
2026-09-17 21:00:00,2026-09-17 18:00:00+00:00,2026-09-17 18:10:00+00:00,2256.0,2257.5,2255.5,2256.5,4050
2026-09-17 21:10:00,2026-09-17 18:10:00+00:00,2026-09-17 18:20:00+00:00,2256.5,2256.5,2254.0,2255.0,7130
2026-09-17 21:20:00,2026-09-17 18:20:00+00:00,2026-09-17 18:30:00+00:00,2256.0,2258.5,2255.5,2257.5,4975
2026-09-17 21:30:00,2026-09-17 18:30:00+00:00,2026-09-17 18:40:00+00:00,2258.0,2259.5,2257.0,2259.0,3754
2026-09-17 21:40:00,2026-09-17 18:40:00+00:00,2026-09-17 18:50:00+00:00,2259.0,2260.5,2257.5,2258.0,4346
2026-09-17 21:50:00,2026-09-17 18:50:00+00:00,2026-09-17 19:00:00+00:00,2258.0,2259.5,2257.5,2258.0,2007
2026-09-17 22:00:00,2026-09-17 19:00:00+00:00,2026-09-17 19:10:00+00:00,2258.5,2259.0,2257.0,2257.0,1627
2026-09-17 22:10:00,2026-09-17 19:10:00+00:00,2026-09-17 19:20:00+00:00,2257.0,2258.0,2256.5,2257.0,2604
2026-09-17 22:20:00,2026-09-17 19:20:00+00:00,2026-09-17 19:30:00+00:00,2257.0,2257.5,2255.5,2256.5,2976
2026-09-17 22:30:00,2026-09-17 19:30:00+00:00,2026-09-17 19:40:00+00:00,2257.0,2258.5,2256.0,2258.0,2254
2026-09-17 22:40:00,2026-09-17 19:40:00+00:00,2026-09-17 19:50:00+00:00,2257.5,2260.0,2257.0,2257.0,8388
2026-09-17 22:50:00,2026-09-17 19:50:00+00:00,2026-09-17 20:00:00+00:00,2257.5,2258.5,2256.5,2257.0,1588
2026-09-17 23:00:00,2026-09-17 20:00:00+00:00,2026-09-17 20:10:00+00:00,2257.0,2259.5,2257.0,2258.5,2318
2026-09-17 23:10:00,2026-09-17 20:10:00+00:00,2026-09-17 20:20:00+00:00,2258.5,2259.5,2258.5,2259.5,2384
2026-09-17 23:20:00,2026-09-17 20:20:00+00:00,2026-09-17 20:30:00+00:00,2259.0,2260.0,2258.0,2258.0,3357
2026-09-17 23:30:00,2026-09-17 20:30:00+00:00,2026-09-17 20:40:00+00:00,2258.0,2258.5,2255.5,2256.0,5193
2026-09-17 23:40:00,2026-09-17 20:40:00+00:00,2026-09-17 20:50:00+00:00,2256.5,2257.0,2255.5,2256.5,3724
2026-09-18 06:50:00,2026-09-18 03:50:00+00:00,2026-09-18 04:00:00+00:00,2257.0,2257.0,2257.0,2257.0,530
2026-09-18 07:00:00,2026-09-18 04:00:00+00:00,2026-09-18 04:10:00+00:00,2257.0,2267.0,2256.5,2266.0,25118
2026-09-18 07:10:00,2026-09-18 04:10:00+00:00,2026-09-18 04:20:00+00:00,2266.5,2273.0,2266.5,2268.0,26499
2026-09-18 07:20:00,2026-09-18 04:20:00+00:00,2026-09-18 04:30:00+00:00,2268.0,2270.0,2266.5,2269.0,8567
2026-09-18 07:30:00,2026-09-18 04:30:00+00:00,2026-09-18 04:40:00+00:00,2269.5,2270.5,2267.0,2270.5,10924
2026-09-18 07:40:00,2026-09-18 04:40:00+00:00,2026-09-18 04:50:00+00:00,2270.5,2276.0,2270.0,2274.0,21004
2026-09-18 07:50:00,2026-09-18 04:50:00+00:00,2026-09-18 05:00:00+00:00,2273.5,2274.0,2272.0,2273.0,6843
2026-09-18 08:00:00,2026-09-18 05:00:00+00:00,2026-09-18 05:10:00+00:00,2272.5,2274.0,2270.0,2271.0,7870
2026-09-18 08:10:00,2026-09-18 05:10:00+00:00,2026-09-18 05:20:00+00:00,2271.5,2271.5,2269.0,2269.5,7795
2026-09-18 08:20:00,2026-09-18 05:20:00+00:00,2026-09-18 05:30:00+00:00,2269.5,2269.5,2267.5,2267.5,6336
2026-09-18 08:30:00,2026-09-18 05:30:00+00:00,2026-09-18 05:40:00+00:00,2267.5,2267.5,2263.0,2266.0,23201
2026-09-18 08:40:00,2026-09-18 05:40:00+00:00,2026-09-18 05:50:00+00:00,2266.0,2267.5,2263.5,2264.0,14622
2026-09-18 08:50:00,2026-09-18 05:50:00+00:00,2026-09-18 06:00:00+00:00,2263.5,2266.0,2262.0,2265.0,14847
2026-09-18 09:00:00,2026-09-18 06:00:00+00:00,2026-09-18 06:10:00+00:00,2265.0,2269.0,2263.0,2265.5,16053
2026-09-18 09:10:00,2026-09-18 06:10:00+00:00,2026-09-18 06:20:00+00:00,2266.5,2274.0,2265.0,2271.0,21073
2026-09-18 09:20:00,2026-09-18 06:20:00+00:00,2026-09-18 06:30:00+00:00,2270.5,2272.0,2267.5,2268.0,12801
2026-09-18 09:30:00,2026-09-18 06:30:00+00:00,2026-09-18 06:40:00+00:00,2268.5,2269.0,2264.5,2265.0,9375
2026-09-18 09:40:00,2026-09-18 06:40:00+00:00,2026-09-18 06:50:00+00:00,2265.0,2269.5,2264.5,2265.5,9899
2026-09-18 09:50:00,2026-09-18 06:50:00+00:00,2026-09-18 07:00:00+00:00,2266.0,2266.0,2262.5,2263.5,8846
2026-09-18 10:00:00,2026-09-18 07:00:00+00:00,2026-09-18 07:10:00+00:00,2263.5,2268.5,2259.5,2260.0,23192
2026-09-18 10:10:00,2026-09-18 07:10:00+00:00,2026-09-18 07:20:00+00:00,2260.0,2263.0,2260.0,2262.0,13525
2026-09-18 10:20:00,2026-09-18 07:20:00+00:00,2026-09-18 07:30:00+00:00,2262.0,2262.0,2249.0,2249.0,58626
2026-09-18 10:30:00,2026-09-18 07:30:00+00:00,2026-09-18 07:40:00+00:00,2249.0,2252.0,2246.5,2247.0,60252
2026-09-18 10:40:00,2026-09-18 07:40:00+00:00,2026-09-18 07:50:00+00:00,2247.0,2252.0,2246.5,2250.5,34817
2026-09-18 10:50:00,2026-09-18 07:50:00+00:00,2026-09-18 08:00:00+00:00,2250.5,2255.0,2248.0,2253.5,17717
2026-09-18 11:00:00,2026-09-18 08:00:00+00:00,2026-09-18 08:10:00+00:00,2254.0,2254.0,2247.5,2251.0,29138
2026-09-18 11:10:00,2026-09-18 08:10:00+00:00,2026-09-18 08:20:00+00:00,2251.0,2255.5,2251.0,2251.5,17178
2026-09-18 11:20:00,2026-09-18 08:20:00+00:00,2026-09-18 08:30:00+00:00,2251.0,2255.0,2250.5,2252.0,7313
2026-09-18 11:30:00,2026-09-18 08:30:00+00:00,2026-09-18 08:40:00+00:00,2252.5,2259.0,2252.0,2255.5,21843
2026-09-18 11:40:00,2026-09-18 08:40:00+00:00,2026-09-18 08:50:00+00:00,2256.0,2256.0,2250.5,2250.5,5537
2026-09-18 11:50:00,2026-09-18 08:50:00+00:00,2026-09-18 09:00:00+00:00,2251.0,2253.0,2248.5,2248.5,14195
2026-09-18 12:00:00,2026-09-18 09:00:00+00:00,2026-09-18 09:10:00+00:00,2249.0,2249.5,2241.5,2245.5,47825
2026-09-18 12:10:00,2026-09-18 09:10:00+00:00,2026-09-18 09:20:00+00:00,2245.5,2249.5,2244.5,2247.5,19473
2026-09-18 12:20:00,2026-09-18 09:20:00+00:00,2026-09-18 09:30:00+00:00,2247.5,2254.0,2247.0,2249.5,21690
2026-09-18 12:30:00,2026-09-18 09:30:00+00:00,2026-09-18 09:40:00+00:00,2250.0,2250.0,2243.0,2246.0,21279
2026-09-18 12:40:00,2026-09-18 09:40:00+00:00,2026-09-18 09:50:00+00:00,2246.5,2249.5,2245.0,2249.5,12711
2026-09-18 12:50:00,2026-09-18 09:50:00+00:00,2026-09-18 10:00:00+00:00,2249.5,2251.0,2246.5,2246.5,15382
2026-09-18 13:00:00,2026-09-18 10:00:00+00:00,2026-09-18 10:10:00+00:00,2247.0,2251.5,2246.5,2250.0,8760
2026-09-18 13:10:00,2026-09-18 10:10:00+00:00,2026-09-18 10:20:00+00:00,2251.0,2251.5,2247.5,2249.0,5977
2026-09-18 13:20:00,2026-09-18 10:20:00+00:00,2026-09-18 10:30:00+00:00,2249.0,2253.0,2246.5,2252.0,10654
2026-09-18 13:30:00,2026-09-18 10:30:00+00:00,2026-09-18 10:40:00+00:00,2251.5,2252.0,2248.0,2249.5,3823
2026-09-18 13:40:00,2026-09-18 10:40:00+00:00,2026-09-18 10:50:00+00:00,2250.0,2253.5,2249.0,2252.0,13487
2026-09-18 13:50:00,2026-09-18 10:50:00+00:00,2026-09-18 11:00:00+00:00,2252.5,2254.5,2251.0,2252.0,11996
2026-09-18 14:00:00,2026-09-18 11:00:00+00:00,2026-09-18 11:10:00+00:00,2251.5,2264.5,2250.5,2256.0,60191
2026-09-18 14:10:00,2026-09-18 11:10:00+00:00,2026-09-18 11:20:00+00:00,2256.5,2263.5,2255.5,2262.0,38727
2026-09-18 14:20:00,2026-09-18 11:20:00+00:00,2026-09-18 11:30:00+00:00,2262.0,2263.5,2258.0,2258.5,23336
2026-09-18 14:30:00,2026-09-18 11:30:00+00:00,2026-09-18 11:40:00+00:00,2259.0,2259.5,2256.5,2257.0,12578
2026-09-18 14:40:00,2026-09-18 11:40:00+00:00,2026-09-18 11:50:00+00:00,2256.5,2259.5,2256.0,2259.0,11534
2026-09-18 14:50:00,2026-09-18 11:50:00+00:00,2026-09-18 12:00:00+00:00,2259.5,2261.0,2258.5,2260.5,7795
2026-09-18 15:00:00,2026-09-18 12:00:00+00:00,2026-09-18 12:10:00+00:00,2260.0,2265.0,2260.0,2263.0,24577
2026-09-18 15:10:00,2026-09-18 12:10:00+00:00,2026-09-18 12:20:00+00:00,2263.0,2269.0,2262.0,2266.0,38396
2026-09-18 15:20:00,2026-09-18 12:20:00+00:00,2026-09-18 12:30:00+00:00,2266.0,2273.5,2263.0,2271.0,52057
2026-09-18 15:30:00,2026-09-18 12:30:00+00:00,2026-09-18 12:40:00+00:00,2271.0,2273.5,2266.5,2267.5,38395
2026-09-18 15:40:00,2026-09-18 12:40:00+00:00,2026-09-18 12:50:00+00:00,2267.5,2268.5,2263.5,2265.5,21967
2026-09-18 15:50:00,2026-09-18 12:50:00+00:00,2026-09-18 13:00:00+00:00,2265.0,2268.5,2264.0,2266.0,13334
2026-09-18 16:00:00,2026-09-18 13:00:00+00:00,2026-09-18 13:10:00+00:00,2266.0,2270.0,2265.5,2269.0,18165
2026-09-18 16:10:00,2026-09-18 13:10:00+00:00,2026-09-18 13:20:00+00:00,2269.0,2273.0,2268.5,2272.5,21151
2026-09-18 16:20:00,2026-09-18 13:20:00+00:00,2026-09-18 13:30:00+00:00,2273.0,2274.0,2268.0,2269.5,18862
2026-09-18 16:30:00,2026-09-18 13:30:00+00:00,2026-09-18 13:40:00+00:00,2269.5,2271.5,2269.0,2271.0,7412
2026-09-18 16:40:00,2026-09-18 13:40:00+00:00,2026-09-18 13:50:00+00:00,2270.5,2274.5,2270.0,2273.5,16967
2026-09-18 16:50:00,2026-09-18 13:50:00+00:00,2026-09-18 14:00:00+00:00,2273.0,2279.0,2272.0,2276.5,58992
2026-09-18 17:00:00,2026-09-18 14:00:00+00:00,2026-09-18 14:10:00+00:00,2277.0,2282.0,2275.0,2280.5,51927
2026-09-18 17:10:00,2026-09-18 14:10:00+00:00,2026-09-18 14:20:00+00:00,2280.5,2284.0,2278.5,2282.0,26812
2026-09-18 17:20:00,2026-09-18 14:20:00+00:00,2026-09-18 14:30:00+00:00,2282.5,2283.0,2276.5,2277.5,26046
2026-09-18 17:30:00,2026-09-18 14:30:00+00:00,2026-09-18 14:40:00+00:00,2278.0,2281.0,2276.0,2280.5,17732
2026-09-18 17:40:00,2026-09-18 14:40:00+00:00,2026-09-18 14:50:00+00:00,2280.0,2281.5,2279.0,2280.0,10702
2026-09-18 17:50:00,2026-09-18 14:50:00+00:00,2026-09-18 15:00:00+00:00,2280.5,2280.5,2271.5,2272.5,39743
2026-09-18 18:00:00,2026-09-18 15:00:00+00:00,2026-09-18 15:10:00+00:00,2272.5,2275.0,2272.0,2274.0,15360
2026-09-18 18:10:00,2026-09-18 15:10:00+00:00,2026-09-18 15:20:00+00:00,2274.0,2278.5,2273.5,2278.0,14576
2026-09-18 18:20:00,2026-09-18 15:20:00+00:00,2026-09-18 15:30:00+00:00,2278.0,2280.0,2277.0,2278.0,27529
2026-09-18 18:30:00,2026-09-18 15:30:00+00:00,2026-09-18 15:40:00+00:00,2278.0,2282.0,2277.0,2281.5,15226
2026-09-18 18:40:00,2026-09-18 15:40:00+00:00,2026-09-18 15:50:00+00:00,2281.5,2282.0,2278.0,2279.0,6660
2026-09-18 18:50:00,2026-09-18 15:50:00+00:00,2026-09-18 16:00:00+00:00,2279.0,2281.0,2279.0,2280.0,7703
2026-09-18 19:00:00,2026-09-18 16:00:00+00:00,2026-09-18 16:10:00+00:00,2280.0,2280.5,2278.0,2280.0,20943
2026-09-18 19:10:00,2026-09-18 16:10:00+00:00,2026-09-18 16:20:00+00:00,2280.0,2281.0,2277.5,2279.0,10052
2026-09-18 19:20:00,2026-09-18 16:20:00+00:00,2026-09-18 16:30:00+00:00,2279.0,2280.5,2278.0,2279.0,4089
2026-09-18 19:30:00,2026-09-18 16:30:00+00:00,2026-09-18 16:40:00+00:00,2280.0,2280.5,2275.5,2277.0,12724
2026-09-18 19:40:00,2026-09-18 16:40:00+00:00,2026-09-18 16:50:00+00:00,2277.5,2278.5,2274.5,2274.5,11634
2026-09-18 19:50:00,2026-09-18 16:50:00+00:00,2026-09-18 17:00:00+00:00,2274.5,2275.5,2273.5,2274.5,13429
2026-09-18 20:00:00,2026-09-18 17:00:00+00:00,2026-09-18 17:10:00+00:00,2274.0,2275.5,2272.0,2275.5,16280
2026-09-18 20:10:00,2026-09-18 17:10:00+00:00,2026-09-18 17:20:00+00:00,2274.5,2275.5,2272.5,2273.5,4887
2026-09-18 20:20:00,2026-09-18 17:20:00+00:00,2026-09-18 17:30:00+00:00,2273.5,2274.0,2272.0,2273.0,5719
2026-09-18 20:30:00,2026-09-18 17:30:00+00:00,2026-09-18 17:40:00+00:00,2273.0,2276.0,2272.5,2274.5,7690
2026-09-18 20:40:00,2026-09-18 17:40:00+00:00,2026-09-18 17:50:00+00:00,2275.0,2275.5,2274.0,2275.0,817
2026-09-18 20:50:00,2026-09-18 17:50:00+00:00,2026-09-18 18:00:00+00:00,2275.5,2276.0,2274.0,2275.0,3711
2026-09-18 21:00:00,2026-09-18 18:00:00+00:00,2026-09-18 18:10:00+00:00,2274.5,2275.0,2273.0,2274.0,2436
2026-09-18 21:10:00,2026-09-18 18:10:00+00:00,2026-09-18 18:20:00+00:00,2273.5,2274.0,2273.0,2274.0,2860
2026-09-18 21:20:00,2026-09-18 18:20:00+00:00,2026-09-18 18:30:00+00:00,2273.5,2274.0,2273.0,2274.0,2237
2026-09-18 21:30:00,2026-09-18 18:30:00+00:00,2026-09-18 18:40:00+00:00,2274.0,2274.0,2273.0,2273.5,2392
2026-09-18 21:40:00,2026-09-18 18:40:00+00:00,2026-09-18 18:50:00+00:00,2273.0,2274.0,2273.0,2273.0,2434
2026-09-18 21:50:00,2026-09-18 18:50:00+00:00,2026-09-18 19:00:00+00:00,2273.0,2273.5,2269.0,2270.5,10091
2026-09-18 22:00:00,2026-09-18 19:00:00+00:00,2026-09-18 19:10:00+00:00,2270.0,2271.5,2269.0,2271.0,2000
2026-09-18 22:10:00,2026-09-18 19:10:00+00:00,2026-09-18 19:20:00+00:00,2271.0,2271.5,2269.5,2269.5,2191
2026-09-18 22:20:00,2026-09-18 19:20:00+00:00,2026-09-18 19:30:00+00:00,2269.5,2271.5,2269.5,2271.5,3280
2026-09-18 22:30:00,2026-09-18 19:30:00+00:00,2026-09-18 19:40:00+00:00,2271.0,2273.0,2271.0,2272.0,1780
2026-09-18 22:40:00,2026-09-18 19:40:00+00:00,2026-09-18 19:50:00+00:00,2272.0,2272.5,2270.5,2271.5,1796
2026-09-18 22:50:00,2026-09-18 19:50:00+00:00,2026-09-18 20:00:00+00:00,2271.0,2272.5,2271.0,2272.0,2638
2026-09-18 23:00:00,2026-09-18 20:00:00+00:00,2026-09-18 20:10:00+00:00,2271.5,2272.5,2271.5,2271.5,2278
2026-09-18 23:10:00,2026-09-18 20:10:00+00:00,2026-09-18 20:20:00+00:00,2271.5,2272.5,2271.0,2272.0,2000
2026-09-18 23:20:00,2026-09-18 20:20:00+00:00,2026-09-18 20:30:00+00:00,2272.0,2273.0,2271.5,2272.5,2383
2026-09-18 23:30:00,2026-09-18 20:30:00+00:00,2026-09-18 20:40:00+00:00,2273.0,2279.0,2272.0,2277.0,19777
2026-09-18 23:40:00,2026-09-18 20:40:00+00:00,2026-09-18 20:50:00+00:00,2277.0,2278.5,2275.5,2275.5,8940
2026-09-19 09:50:00,2026-09-19 06:50:00+00:00,2026-09-19 07:00:00+00:00,2263.0,2263.0,2263.0,2263.0,1593
2026-09-19 10:00:00,2026-09-19 07:00:00+00:00,2026-09-19 07:10:00+00:00,2263.0,2266.0,2252.0,2261.5,39741
2026-09-19 10:10:00,2026-09-19 07:10:00+00:00,2026-09-19 07:20:00+00:00,2261.5,2266.0,2261.0,2263.5,9599
2026-09-19 10:20:00,2026-09-19 07:20:00+00:00,2026-09-19 07:30:00+00:00,2264.0,2266.0,2263.5,2264.0,4402
2026-09-19 10:30:00,2026-09-19 07:30:00+00:00,2026-09-19 07:40:00+00:00,2264.0,2266.0,2263.0,2265.0,3984
2026-09-19 10:40:00,2026-09-19 07:40:00+00:00,2026-09-19 07:50:00+00:00,2265.0,2265.0,2263.0,2263.5,1948
2026-09-19 10:50:00,2026-09-19 07:50:00+00:00,2026-09-19 08:00:00+00:00,2263.0,2265.0,2262.5,2265.0,601
2026-09-19 11:00:00,2026-09-19 08:00:00+00:00,2026-09-19 08:10:00+00:00,2264.5,2266.0,2262.5,2262.5,5302
2026-09-19 11:10:00,2026-09-19 08:10:00+00:00,2026-09-19 08:20:00+00:00,2263.5,2264.0,2262.5,2263.5,1695
2026-09-19 11:20:00,2026-09-19 08:20:00+00:00,2026-09-19 08:30:00+00:00,2263.5,2263.5,2261.5,2263.0,3562
2026-09-19 11:30:00,2026-09-19 08:30:00+00:00,2026-09-19 08:40:00+00:00,2262.5,2265.0,2262.0,2264.5,2341
2026-09-19 11:40:00,2026-09-19 08:40:00+00:00,2026-09-19 08:50:00+00:00,2265.0,2265.0,2263.5,2263.5,620
2026-09-19 11:50:00,2026-09-19 08:50:00+00:00,2026-09-19 09:00:00+00:00,2264.0,2264.0,2263.5,2264.0,456
2026-09-19 12:00:00,2026-09-19 09:00:00+00:00,2026-09-19 09:10:00+00:00,2264.5,2265.0,2263.5,2264.5,514
2026-09-19 12:10:00,2026-09-19 09:10:00+00:00,2026-09-19 09:20:00+00:00,2264.5,2265.0,2264.0,2264.5,302
2026-09-19 12:20:00,2026-09-19 09:20:00+00:00,2026-09-19 09:30:00+00:00,2264.0,2264.5,2263.5,2264.0,589
2026-09-19 12:30:00,2026-09-19 09:30:00+00:00,2026-09-19 09:40:00+00:00,2264.0,2264.0,2263.5,2263.5,107
2026-09-19 12:40:00,2026-09-19 09:40:00+00:00,2026-09-19 09:50:00+00:00,2264.0,2264.5,2263.0,2264.5,852
2026-09-19 12:50:00,2026-09-19 09:50:00+00:00,2026-09-19 10:00:00+00:00,2264.5,2265.0,2264.0,2265.0,470
2026-09-19 13:00:00,2026-09-19 10:00:00+00:00,2026-09-19 10:10:00+00:00,2265.0,2265.0,2263.5,2263.5,1501
2026-09-19 13:10:00,2026-09-19 10:10:00+00:00,2026-09-19 10:20:00+00:00,2264.0,2264.0,2263.0,2263.0,271
2026-09-19 13:20:00,2026-09-19 10:20:00+00:00,2026-09-19 10:30:00+00:00,2263.5,2264.5,2263.5,2264.0,654
2026-09-19 13:30:00,2026-09-19 10:30:00+00:00,2026-09-19 10:40:00+00:00,2264.5,2264.5,2262.5,2262.5,1812
2026-09-19 13:40:00,2026-09-19 10:40:00+00:00,2026-09-19 10:50:00+00:00,2262.5,2263.5,2262.5,2263.0,428
2026-09-19 13:50:00,2026-09-19 10:50:00+00:00,2026-09-19 11:00:00+00:00,2263.5,2264.0,2263.5,2264.0,405
2026-09-19 14:00:00,2026-09-19 11:00:00+00:00,2026-09-19 11:10:00+00:00,2264.0,2264.0,2263.5,2263.5,200
2026-09-19 14:10:00,2026-09-19 11:10:00+00:00,2026-09-19 11:20:00+00:00,2263.5,2265.0,2262.5,2263.5,3163
2026-09-19 14:20:00,2026-09-19 11:20:00+00:00,2026-09-19 11:30:00+00:00,2264.0,2264.0,2263.5,2264.0,107
2026-09-19 14:30:00,2026-09-19 11:30:00+00:00,2026-09-19 11:40:00+00:00,2264.0,2265.0,2263.5,2264.5,627
2026-09-19 14:40:00,2026-09-19 11:40:00+00:00,2026-09-19 11:50:00+00:00,2264.5,2265.0,2264.0,2265.0,631
2026-09-19 14:50:00,2026-09-19 11:50:00+00:00,2026-09-19 12:00:00+00:00,2265.0,2265.0,2264.0,2264.5,240
2026-09-19 15:00:00,2026-09-19 12:00:00+00:00,2026-09-19 12:10:00+00:00,2264.5,2265.0,2264.0,2264.0,425
2026-09-19 15:10:00,2026-09-19 12:10:00+00:00,2026-09-19 12:20:00+00:00,2264.5,2265.0,2264.0,2264.5,366
2026-09-19 15:20:00,2026-09-19 12:20:00+00:00,2026-09-19 12:30:00+00:00,2264.5,2264.5,2263.5,2263.5,1027
2026-09-19 15:30:00,2026-09-19 12:30:00+00:00,2026-09-19 12:40:00+00:00,2263.5,2264.0,2263.5,2264.0,239
2026-09-19 15:40:00,2026-09-19 12:40:00+00:00,2026-09-19 12:50:00+00:00,2264.0,2264.5,2263.5,2264.0,287
2026-09-19 15:50:00,2026-09-19 12:50:00+00:00,2026-09-19 13:00:00+00:00,2264.5,2264.5,2263.5,2264.0,395
2026-09-19 16:00:00,2026-09-19 13:00:00+00:00,2026-09-19 13:10:00+00:00,2264.0,2264.0,2263.5,2263.5,333
2026-09-19 16:10:00,2026-09-19 13:10:00+00:00,2026-09-19 13:20:00+00:00,2263.5,2264.5,2263.5,2264.5,1381
2026-09-19 16:20:00,2026-09-19 13:20:00+00:00,2026-09-19 13:30:00+00:00,2264.5,2265.0,2264.0,2265.0,1822
2026-09-19 16:30:00,2026-09-19 13:30:00+00:00,2026-09-19 13:40:00+00:00,2264.5,2265.0,2262.5,2262.5,1246
2026-09-19 16:40:00,2026-09-19 13:40:00+00:00,2026-09-19 13:50:00+00:00,2263.0,2264.0,2263.0,2264.0,284
2026-09-19 16:50:00,2026-09-19 13:50:00+00:00,2026-09-19 14:00:00+00:00,2264.0,2264.5,2263.5,2264.0,452
2026-09-19 17:00:00,2026-09-19 14:00:00+00:00,2026-09-19 14:10:00+00:00,2263.5,2264.0,2263.0,2263.5,110
2026-09-19 17:10:00,2026-09-19 14:10:00+00:00,2026-09-19 14:20:00+00:00,2264.0,2264.0,2264.0,2264.0,224
2026-09-19 17:20:00,2026-09-19 14:20:00+00:00,2026-09-19 14:30:00+00:00,2264.0,2264.0,2263.5,2263.5,172
2026-09-19 17:30:00,2026-09-19 14:30:00+00:00,2026-09-19 14:40:00+00:00,2264.0,2264.0,2263.5,2263.5,280
2026-09-19 17:40:00,2026-09-19 14:40:00+00:00,2026-09-19 14:50:00+00:00,2263.5,2264.0,2263.5,2264.0,77
2026-09-19 17:50:00,2026-09-19 14:50:00+00:00,2026-09-19 15:00:00+00:00,2264.0,2264.5,2263.5,2264.5,1418
2026-09-19 18:00:00,2026-09-19 15:00:00+00:00,2026-09-19 15:10:00+00:00,2264.5,2264.5,2264.0,2264.0,233
2026-09-19 18:10:00,2026-09-19 15:10:00+00:00,2026-09-19 15:20:00+00:00,2264.5,2265.0,2264.0,2264.5,1594
2026-09-19 18:20:00,2026-09-19 15:20:00+00:00,2026-09-19 15:30:00+00:00,2264.5,2265.0,2264.5,2264.5,470
2026-09-19 18:30:00,2026-09-19 15:30:00+00:00,2026-09-19 15:40:00+00:00,2265.0,2265.0,2264.5,2264.5,1736
2026-09-19 18:40:00,2026-09-19 15:40:00+00:00,2026-09-19 15:50:00+00:00,2265.0,2265.0,2264.5,2264.5,418
2026-09-19 18:50:00,2026-09-19 15:50:00+00:00,2026-09-19 16:00:00+00:00,2264.5,2265.0,2264.5,2265.0,639
2026-09-20 09:50:00,2026-09-20 06:50:00+00:00,2026-09-20 07:00:00+00:00,2265.0,2265.0,2265.0,2265.0,425
2026-09-20 10:00:00,2026-09-20 07:00:00+00:00,2026-09-20 07:10:00+00:00,2264.5,2265.0,2261.0,2263.0,10099
2026-09-20 10:10:00,2026-09-20 07:10:00+00:00,2026-09-20 07:20:00+00:00,2263.0,2263.0,2262.0,2263.0,1442
2026-09-20 10:20:00,2026-09-20 07:20:00+00:00,2026-09-20 07:30:00+00:00,2263.0,2263.0,2262.0,2262.0,1513
2026-09-20 10:30:00,2026-09-20 07:30:00+00:00,2026-09-20 07:40:00+00:00,2262.5,2262.5,2262.0,2262.0,434
2026-09-20 10:40:00,2026-09-20 07:40:00+00:00,2026-09-20 07:50:00+00:00,2262.0,2262.0,2260.5,2261.0,1075
2026-09-20 10:50:00,2026-09-20 07:50:00+00:00,2026-09-20 08:00:00+00:00,2261.0,2261.5,2260.5,2260.5,1044
2026-09-20 11:00:00,2026-09-20 08:00:00+00:00,2026-09-20 08:10:00+00:00,2260.5,2261.0,2260.5,2260.5,451
2026-09-20 11:10:00,2026-09-20 08:10:00+00:00,2026-09-20 08:20:00+00:00,2260.5,2261.0,2260.0,2260.5,476
2026-09-20 11:20:00,2026-09-20 08:20:00+00:00,2026-09-20 08:30:00+00:00,2260.5,2261.0,2259.0,2260.5,2243
2026-09-20 11:30:00,2026-09-20 08:30:00+00:00,2026-09-20 08:40:00+00:00,2260.5,2260.5,2259.0,2259.5,2226
2026-09-20 11:40:00,2026-09-20 08:40:00+00:00,2026-09-20 08:50:00+00:00,2260.0,2260.0,2256.0,2257.0,5701
2026-09-20 11:50:00,2026-09-20 08:50:00+00:00,2026-09-20 09:00:00+00:00,2257.0,2258.0,2256.0,2256.0,3429
2026-09-20 12:00:00,2026-09-20 09:00:00+00:00,2026-09-20 09:10:00+00:00,2256.0,2257.0,2255.5,2257.0,3581
2026-09-20 12:10:00,2026-09-20 09:10:00+00:00,2026-09-20 09:20:00+00:00,2257.0,2259.5,2256.5,2259.5,1966
2026-09-20 12:20:00,2026-09-20 09:20:00+00:00,2026-09-20 09:30:00+00:00,2259.5,2260.5,2259.0,2260.0,1324
2026-09-20 12:30:00,2026-09-20 09:30:00+00:00,2026-09-20 09:40:00+00:00,2259.5,2260.0,2258.0,2258.5,960
2026-09-20 12:40:00,2026-09-20 09:40:00+00:00,2026-09-20 09:50:00+00:00,2259.0,2259.0,2258.0,2258.0,931
2026-09-20 12:50:00,2026-09-20 09:50:00+00:00,2026-09-20 10:00:00+00:00,2258.0,2258.5,2257.5,2258.0,1217
2026-09-20 13:00:00,2026-09-20 10:00:00+00:00,2026-09-20 10:10:00+00:00,2258.0,2258.5,2257.5,2258.5,586
2026-09-20 13:10:00,2026-09-20 10:10:00+00:00,2026-09-20 10:20:00+00:00,2258.5,2259.0,2258.0,2258.0,606
2026-09-20 13:20:00,2026-09-20 10:20:00+00:00,2026-09-20 10:30:00+00:00,2258.0,2258.5,2257.0,2258.0,1106
2026-09-20 13:30:00,2026-09-20 10:30:00+00:00,2026-09-20 10:40:00+00:00,2258.0,2258.5,2258.0,2258.5,428
2026-09-20 13:40:00,2026-09-20 10:40:00+00:00,2026-09-20 10:50:00+00:00,2258.0,2259.0,2258.0,2258.5,601
2026-09-20 13:50:00,2026-09-20 10:50:00+00:00,2026-09-20 11:00:00+00:00,2259.0,2259.5,2258.0,2258.0,663
2026-09-20 14:00:00,2026-09-20 11:00:00+00:00,2026-09-20 11:10:00+00:00,2258.5,2259.5,2257.5,2259.0,988
2026-09-20 14:10:00,2026-09-20 11:10:00+00:00,2026-09-20 11:20:00+00:00,2259.5,2260.0,2259.0,2259.5,359
2026-09-20 14:20:00,2026-09-20 11:20:00+00:00,2026-09-20 11:30:00+00:00,2259.5,2260.5,2259.0,2260.0,560
2026-09-20 14:30:00,2026-09-20 11:30:00+00:00,2026-09-20 11:40:00+00:00,2260.0,2261.0,2259.0,2261.0,725
2026-09-20 14:40:00,2026-09-20 11:40:00+00:00,2026-09-20 11:50:00+00:00,2260.5,2261.5,2259.0,2259.5,2454
2026-09-20 14:50:00,2026-09-20 11:50:00+00:00,2026-09-20 12:00:00+00:00,2260.0,2261.0,2259.5,2260.5,343
2026-09-20 15:00:00,2026-09-20 12:00:00+00:00,2026-09-20 12:10:00+00:00,2260.5,2261.5,2259.5,2261.5,960
2026-09-20 15:10:00,2026-09-20 12:10:00+00:00,2026-09-20 12:20:00+00:00,2261.5,2263.0,2260.5,2263.0,1649
2026-09-20 15:20:00,2026-09-20 12:20:00+00:00,2026-09-20 12:30:00+00:00,2262.5,2264.0,2262.0,2263.5,3065
2026-09-20 15:30:00,2026-09-20 12:30:00+00:00,2026-09-20 12:40:00+00:00,2263.5,2264.0,2263.0,2263.0,1084
2026-09-20 15:40:00,2026-09-20 12:40:00+00:00,2026-09-20 12:50:00+00:00,2263.5,2264.0,2263.0,2264.0,952
2026-09-20 15:50:00,2026-09-20 12:50:00+00:00,2026-09-20 13:00:00+00:00,2264.0,2265.5,2263.5,2264.5,2985
2026-09-20 16:00:00,2026-09-20 13:00:00+00:00,2026-09-20 13:10:00+00:00,2264.5,2266.0,2264.5,2266.0,4071
2026-09-20 16:10:00,2026-09-20 13:10:00+00:00,2026-09-20 13:20:00+00:00,2265.5,2267.5,2265.5,2267.0,2744
2026-09-20 16:20:00,2026-09-20 13:20:00+00:00,2026-09-20 13:30:00+00:00,2267.0,2268.5,2266.5,2268.5,2918
2026-09-20 16:30:00,2026-09-20 13:30:00+00:00,2026-09-20 13:40:00+00:00,2268.0,2268.5,2267.0,2267.0,1445
2026-09-20 16:40:00,2026-09-20 13:40:00+00:00,2026-09-20 13:50:00+00:00,2267.0,2268.5,2267.0,2267.0,2797
2026-09-20 16:50:00,2026-09-20 13:50:00+00:00,2026-09-20 14:00:00+00:00,2266.5,2268.5,2266.0,2268.0,2830
2026-09-20 17:00:00,2026-09-20 14:00:00+00:00,2026-09-20 14:10:00+00:00,2268.5,2268.5,2267.5,2268.0,1164
2026-09-20 17:10:00,2026-09-20 14:10:00+00:00,2026-09-20 14:20:00+00:00,2268.0,2268.5,2267.5,2268.0,1367
2026-09-20 17:20:00,2026-09-20 14:20:00+00:00,2026-09-20 14:30:00+00:00,2268.0,2268.5,2266.0,2266.0,751
2026-09-20 17:30:00,2026-09-20 14:30:00+00:00,2026-09-20 14:40:00+00:00,2266.0,2266.5,2265.0,2265.5,1398
2026-09-20 17:40:00,2026-09-20 14:40:00+00:00,2026-09-20 14:50:00+00:00,2265.5,2266.5,2265.5,2266.5,719
2026-09-20 17:50:00,2026-09-20 14:50:00+00:00,2026-09-20 15:00:00+00:00,2266.5,2266.5,2266.0,2266.5,181
2026-09-20 18:00:00,2026-09-20 15:00:00+00:00,2026-09-20 15:10:00+00:00,2266.5,2267.5,2266.0,2267.0,980
2026-09-20 18:10:00,2026-09-20 15:10:00+00:00,2026-09-20 15:20:00+00:00,2267.5,2267.5,2267.0,2267.0,735
2026-09-20 18:20:00,2026-09-20 15:20:00+00:00,2026-09-20 15:30:00+00:00,2267.0,2268.5,2267.0,2267.5,1648
2026-09-20 18:30:00,2026-09-20 15:30:00+00:00,2026-09-20 15:40:00+00:00,2268.0,2269.5,2267.5,2269.0,3939
2026-09-20 18:40:00,2026-09-20 15:40:00+00:00,2026-09-20 15:50:00+00:00,2269.0,2269.5,2267.5,2268.5,2351
2026-09-20 18:50:00,2026-09-20 15:50:00+00:00,2026-09-20 16:00:00+00:00,2268.5,2269.0,2268.0,2268.0,2143
2026-09-21 06:50:00,2026-09-21 03:50:00+00:00,2026-09-21 04:00:00+00:00,2266.0,2266.0,2266.0,2266.0,393
2026-09-21 07:00:00,2026-09-21 04:00:00+00:00,2026-09-21 04:10:00+00:00,2267.0,2269.0,2260.5,2262.5,26949
2026-09-21 07:10:00,2026-09-21 04:10:00+00:00,2026-09-21 04:20:00+00:00,2262.0,2265.0,2262.0,2262.5,6917
2026-09-21 07:20:00,2026-09-21 04:20:00+00:00,2026-09-21 04:30:00+00:00,2262.5,2266.0,2261.0,2264.5,7523
2026-09-21 07:30:00,2026-09-21 04:30:00+00:00,2026-09-21 04:40:00+00:00,2264.0,2274.0,2263.0,2270.0,19168
2026-09-21 07:40:00,2026-09-21 04:40:00+00:00,2026-09-21 04:50:00+00:00,2270.0,2272.0,2268.0,2268.0,7715
2026-09-21 07:50:00,2026-09-21 04:50:00+00:00,2026-09-21 05:00:00+00:00,2268.0,2271.0,2267.0,2267.0,3451
2026-09-21 08:00:00,2026-09-21 05:00:00+00:00,2026-09-21 05:10:00+00:00,2267.5,2274.0,2267.0,2271.0,8358
2026-09-21 08:10:00,2026-09-21 05:10:00+00:00,2026-09-21 05:20:00+00:00,2271.0,2278.0,2270.0,2277.0,23828
2026-09-21 08:20:00,2026-09-21 05:20:00+00:00,2026-09-21 05:30:00+00:00,2277.0,2279.0,2274.5,2275.0,12770
2026-09-21 08:30:00,2026-09-21 05:30:00+00:00,2026-09-21 05:40:00+00:00,2275.5,2278.0,2275.0,2277.5,4859
2026-09-21 08:40:00,2026-09-21 05:40:00+00:00,2026-09-21 05:50:00+00:00,2277.0,2280.0,2277.0,2278.0,7267
2026-09-21 08:50:00,2026-09-21 05:50:00+00:00,2026-09-21 06:00:00+00:00,2278.5,2278.5,2276.0,2276.0,7462
2026-09-21 09:00:00,2026-09-21 06:00:00+00:00,2026-09-21 06:10:00+00:00,2276.0,2278.5,2274.5,2278.0,13823
2026-09-21 09:10:00,2026-09-21 06:10:00+00:00,2026-09-21 06:20:00+00:00,2278.0,2280.5,2275.5,2276.5,14096
2026-09-21 09:20:00,2026-09-21 06:20:00+00:00,2026-09-21 06:30:00+00:00,2277.0,2280.5,2275.0,2277.5,9554
2026-09-21 09:30:00,2026-09-21 06:30:00+00:00,2026-09-21 06:40:00+00:00,2277.0,2279.0,2272.0,2272.5,13403
2026-09-21 09:40:00,2026-09-21 06:40:00+00:00,2026-09-21 06:50:00+00:00,2273.0,2275.5,2271.0,2274.0,9545
2026-09-21 09:50:00,2026-09-21 06:50:00+00:00,2026-09-21 07:00:00+00:00,2274.0,2275.0,2272.5,2273.0,5857
2026-09-21 10:00:00,2026-09-21 07:00:00+00:00,2026-09-21 07:10:00+00:00,2273.5,2273.5,2263.0,2265.0,51603
2026-09-21 10:10:00,2026-09-21 07:10:00+00:00,2026-09-21 07:20:00+00:00,2265.5,2269.0,2264.0,2265.0,21086
2026-09-21 10:20:00,2026-09-21 07:20:00+00:00,2026-09-21 07:30:00+00:00,2265.0,2268.0,2261.5,2266.5,18518
2026-09-21 10:30:00,2026-09-21 07:30:00+00:00,2026-09-21 07:40:00+00:00,2266.5,2267.5,2264.0,2264.0,8723
2026-09-21 10:40:00,2026-09-21 07:40:00+00:00,2026-09-21 07:50:00+00:00,2264.0,2267.0,2262.0,2265.5,14375
2026-09-21 10:50:00,2026-09-21 07:50:00+00:00,2026-09-21 08:00:00+00:00,2265.0,2266.0,2260.0,2262.5,18974
2026-09-21 11:00:00,2026-09-21 08:00:00+00:00,2026-09-21 08:10:00+00:00,2262.0,2269.0,2261.0,2265.5,27300
2026-09-21 11:10:00,2026-09-21 08:10:00+00:00,2026-09-21 08:20:00+00:00,2265.5,2272.0,2262.5,2264.5,25486
2026-09-21 11:20:00,2026-09-21 08:20:00+00:00,2026-09-21 08:30:00+00:00,2265.0,2265.0,2254.5,2255.0,42022
2026-09-21 11:30:00,2026-09-21 08:30:00+00:00,2026-09-21 08:40:00+00:00,2255.5,2258.5,2254.5,2258.0,22261
2026-09-21 11:40:00,2026-09-21 08:40:00+00:00,2026-09-21 08:50:00+00:00,2257.5,2262.0,2256.0,2259.0,22810
2026-09-21 11:50:00,2026-09-21 08:50:00+00:00,2026-09-21 09:00:00+00:00,2258.5,2261.0,2257.5,2258.0,8383
2026-09-21 12:00:00,2026-09-21 09:00:00+00:00,2026-09-21 09:10:00+00:00,2258.0,2258.0,2251.5,2253.0,39954
2026-09-21 12:10:00,2026-09-21 09:10:00+00:00,2026-09-21 09:20:00+00:00,2253.0,2255.5,2250.5,2254.0,19747
2026-09-21 12:20:00,2026-09-21 09:20:00+00:00,2026-09-21 09:30:00+00:00,2254.5,2255.5,2251.0,2253.5,12621
2026-09-21 12:30:00,2026-09-21 09:30:00+00:00,2026-09-21 09:40:00+00:00,2252.5,2253.0,2248.0,2252.0,30180
2026-09-21 12:40:00,2026-09-21 09:40:00+00:00,2026-09-21 09:50:00+00:00,2252.0,2257.5,2250.5,2255.0,27247
2026-09-21 12:50:00,2026-09-21 09:50:00+00:00,2026-09-21 10:00:00+00:00,2255.5,2256.5,2253.0,2253.0,11407
2026-09-21 13:00:00,2026-09-21 10:00:00+00:00,2026-09-21 10:10:00+00:00,2252.5,2256.0,2252.0,2254.5,10917
2026-09-21 13:10:00,2026-09-21 10:10:00+00:00,2026-09-21 10:20:00+00:00,2254.5,2255.0,2248.5,2249.0,14336
2026-09-21 13:20:00,2026-09-21 10:20:00+00:00,2026-09-21 10:30:00+00:00,2249.5,2253.5,2249.0,2252.5,13331
2026-09-21 13:30:00,2026-09-21 10:30:00+00:00,2026-09-21 10:40:00+00:00,2252.5,2253.0,2247.0,2250.5,23425
2026-09-21 13:40:00,2026-09-21 10:40:00+00:00,2026-09-21 10:50:00+00:00,2250.5,2251.0,2246.5,2248.0,14022
2026-09-21 13:50:00,2026-09-21 10:50:00+00:00,2026-09-21 11:00:00+00:00,2248.0,2250.5,2247.0,2250.5,10980
2026-09-21 14:00:00,2026-09-21 11:00:00+00:00,2026-09-21 11:10:00+00:00,2250.5,2254.5,2248.5,2252.5,16531
2026-09-21 14:10:00,2026-09-21 11:10:00+00:00,2026-09-21 11:20:00+00:00,2252.5,2255.5,2252.5,2253.5,14498
2026-09-21 14:20:00,2026-09-21 11:20:00+00:00,2026-09-21 11:30:00+00:00,2253.0,2254.0,2250.0,2251.5,13430
2026-09-21 14:30:00,2026-09-21 11:30:00+00:00,2026-09-21 11:40:00+00:00,2252.0,2252.0,2248.5,2252.0,8164
2026-09-21 14:40:00,2026-09-21 11:40:00+00:00,2026-09-21 11:50:00+00:00,2251.5,2258.0,2251.0,2257.5,23756
2026-09-21 14:50:00,2026-09-21 11:50:00+00:00,2026-09-21 12:00:00+00:00,2257.0,2265.5,2254.5,2262.0,67169
2026-09-21 15:00:00,2026-09-21 12:00:00+00:00,2026-09-21 12:10:00+00:00,2262.5,2267.5,2260.5,2263.0,40543
2026-09-21 15:10:00,2026-09-21 12:10:00+00:00,2026-09-21 12:20:00+00:00,2264.0,2264.0,2260.0,2262.5,17026
2026-09-21 15:20:00,2026-09-21 12:20:00+00:00,2026-09-21 12:30:00+00:00,2262.5,2265.5,2261.5,2262.0,15622
2026-09-21 15:30:00,2026-09-21 12:30:00+00:00,2026-09-21 12:40:00+00:00,2262.0,2262.5,2259.5,2260.5,9241
2026-09-21 15:40:00,2026-09-21 12:40:00+00:00,2026-09-21 12:50:00+00:00,2260.5,2261.0,2257.5,2259.0,13880
2026-09-21 15:50:00,2026-09-21 12:50:00+00:00,2026-09-21 13:00:00+00:00,2259.0,2261.5,2258.5,2259.5,5227
2026-09-21 16:00:00,2026-09-21 13:00:00+00:00,2026-09-21 13:10:00+00:00,2259.5,2260.0,2256.5,2257.5,8335
2026-09-21 16:10:00,2026-09-21 13:10:00+00:00,2026-09-21 13:20:00+00:00,2257.5,2259.0,2255.5,2257.5,9005
2026-09-21 16:20:00,2026-09-21 13:20:00+00:00,2026-09-21 13:30:00+00:00,2257.0,2258.0,2256.0,2258.0,3943
2026-09-21 16:30:00,2026-09-21 13:30:00+00:00,2026-09-21 13:40:00+00:00,2258.0,2260.5,2256.5,2259.0,5947
2026-09-21 16:40:00,2026-09-21 13:40:00+00:00,2026-09-21 13:50:00+00:00,2258.5,2258.5,2253.5,2255.0,7351
2026-09-21 16:50:00,2026-09-21 13:50:00+00:00,2026-09-21 14:00:00+00:00,2255.0,2263.0,2255.0,2260.0,19836
2026-09-21 17:00:00,2026-09-21 14:00:00+00:00,2026-09-21 14:10:00+00:00,2260.0,2264.5,2257.5,2262.5,32944
2026-09-21 17:10:00,2026-09-21 14:10:00+00:00,2026-09-21 14:20:00+00:00,2262.5,2264.0,2260.0,2261.0,11238
2026-09-21 17:20:00,2026-09-21 14:20:00+00:00,2026-09-21 14:30:00+00:00,2262.0,2264.0,2260.0,2261.0,14567
2026-09-21 17:30:00,2026-09-21 14:30:00+00:00,2026-09-21 14:40:00+00:00,2261.0,2262.5,2256.0,2256.5,16417
2026-09-21 17:40:00,2026-09-21 14:40:00+00:00,2026-09-21 14:50:00+00:00,2256.5,2261.0,2256.0,2261.0,8133
2026-09-21 17:50:00,2026-09-21 14:50:00+00:00,2026-09-21 15:00:00+00:00,2260.5,2265.0,2259.0,2261.5,16751
2026-09-21 18:00:00,2026-09-21 15:00:00+00:00,2026-09-21 15:10:00+00:00,2262.5,2269.5,2262.0,2264.5,27385
2026-09-21 18:10:00,2026-09-21 15:10:00+00:00,2026-09-21 15:20:00+00:00,2264.5,2266.0,2262.5,2263.0,6902
2026-09-21 18:20:00,2026-09-21 15:20:00+00:00,2026-09-21 15:30:00+00:00,2263.0,2265.0,2262.0,2264.0,7222
2026-09-21 18:30:00,2026-09-21 15:30:00+00:00,2026-09-21 15:40:00+00:00,2263.5,2264.0,2260.0,2262.0,9777
2026-09-21 18:40:00,2026-09-21 15:40:00+00:00,2026-09-21 15:50:00+00:00,2262.5,2263.0,2260.0,2260.0,6084
2026-09-21 18:50:00,2026-09-21 15:50:00+00:00,2026-09-21 16:00:00+00:00,2260.0,2261.0,2259.0,2259.5,4377
2026-09-21 19:00:00,2026-09-21 16:00:00+00:00,2026-09-21 16:10:00+00:00,2259.0,2261.0,2257.5,2258.0,10978
2026-09-21 19:10:00,2026-09-21 16:10:00+00:00,2026-09-21 16:20:00+00:00,2258.0,2260.0,2257.0,2259.5,5426
2026-09-21 19:20:00,2026-09-21 16:20:00+00:00,2026-09-21 16:30:00+00:00,2259.5,2260.0,2257.5,2259.0,5982
2026-09-21 19:30:00,2026-09-21 16:30:00+00:00,2026-09-21 16:40:00+00:00,2259.0,2261.0,2258.5,2259.0,5340
2026-09-21 19:40:00,2026-09-21 16:40:00+00:00,2026-09-21 16:50:00+00:00,2259.0,2262.5,2259.0,2261.5,6480
2026-09-21 19:50:00,2026-09-21 16:50:00+00:00,2026-09-21 17:00:00+00:00,2261.0,2262.5,2260.5,2262.0,2076
2026-09-21 20:00:00,2026-09-21 17:00:00+00:00,2026-09-21 17:10:00+00:00,2262.0,2263.5,2260.5,2261.0,5596
2026-09-21 20:10:00,2026-09-21 17:10:00+00:00,2026-09-21 17:20:00+00:00,2260.5,2262.0,2260.5,2261.0,824
2026-09-21 20:20:00,2026-09-21 17:20:00+00:00,2026-09-21 17:30:00+00:00,2261.0,2262.5,2259.5,2261.5,3552
2026-09-21 20:30:00,2026-09-21 17:30:00+00:00,2026-09-21 17:40:00+00:00,2261.5,2264.0,2261.5,2263.5,2914
2026-09-21 20:40:00,2026-09-21 17:40:00+00:00,2026-09-21 17:50:00+00:00,2263.0,2263.5,2262.5,2263.0,1090
2026-09-21 20:50:00,2026-09-21 17:50:00+00:00,2026-09-21 18:00:00+00:00,2263.0,2265.0,2261.5,2263.0,3222
2026-09-21 21:00:00,2026-09-21 18:00:00+00:00,2026-09-21 18:10:00+00:00,2263.0,2264.0,2262.0,2263.5,1118
2026-09-21 21:10:00,2026-09-21 18:10:00+00:00,2026-09-21 18:20:00+00:00,2264.0,2264.5,2262.5,2262.5,2676
2026-09-21 21:20:00,2026-09-21 18:20:00+00:00,2026-09-21 18:30:00+00:00,2262.5,2264.5,2262.0,2264.5,5041
2026-09-21 21:30:00,2026-09-21 18:30:00+00:00,2026-09-21 18:40:00+00:00,2264.0,2266.0,2263.0,2263.5,4204
2026-09-21 21:40:00,2026-09-21 18:40:00+00:00,2026-09-21 18:50:00+00:00,2263.5,2264.5,2263.5,2264.5,751
2026-09-21 21:50:00,2026-09-21 18:50:00+00:00,2026-09-21 19:00:00+00:00,2264.5,2265.5,2264.0,2265.0,2003
2026-09-21 22:00:00,2026-09-21 19:00:00+00:00,2026-09-21 19:10:00+00:00,2264.5,2265.0,2263.5,2264.5,1445
2026-09-21 22:10:00,2026-09-21 19:10:00+00:00,2026-09-21 19:20:00+00:00,2264.0,2267.5,2264.0,2266.0,3747
2026-09-21 22:20:00,2026-09-21 19:20:00+00:00,2026-09-21 19:30:00+00:00,2266.0,2266.0,2264.0,2264.0,1935
2026-09-21 22:30:00,2026-09-21 19:30:00+00:00,2026-09-21 19:40:00+00:00,2264.0,2265.0,2263.5,2264.5,603
2026-09-21 22:40:00,2026-09-21 19:40:00+00:00,2026-09-21 19:50:00+00:00,2264.5,2266.0,2264.5,2265.0,466
2026-09-21 22:50:00,2026-09-21 19:50:00+00:00,2026-09-21 20:00:00+00:00,2264.5,2265.0,2264.0,2265.0,564
2026-09-21 23:00:00,2026-09-21 20:00:00+00:00,2026-09-21 20:10:00+00:00,2265.0,2265.5,2264.0,2264.5,669
2026-09-21 23:10:00,2026-09-21 20:10:00+00:00,2026-09-21 20:20:00+00:00,2264.5,2265.5,2264.5,2265.0,1410
2026-09-21 23:20:00,2026-09-21 20:20:00+00:00,2026-09-21 20:30:00+00:00,2265.0,2267.0,2265.0,2266.0,2463
2026-09-21 23:30:00,2026-09-21 20:30:00+00:00,2026-09-21 20:40:00+00:00,2266.5,2266.5,2265.0,2265.0,3769
2026-09-21 23:40:00,2026-09-21 20:40:00+00:00,2026-09-21 20:50:00+00:00,2265.0,2269.0,2265.0,2268.5,7368
2026-09-22 06:50:00,2026-09-22 03:50:00+00:00,2026-09-22 04:00:00+00:00,2265.0,2265.0,2265.0,2265.0,132
2026-09-22 07:00:00,2026-09-22 04:00:00+00:00,2026-09-22 04:10:00+00:00,2265.5,2276.5,2264.5,2271.5,23742
2026-09-22 07:10:00,2026-09-22 04:10:00+00:00,2026-09-22 04:20:00+00:00,2271.5,2273.0,2271.0,2272.0,4556
2026-09-22 07:20:00,2026-09-22 04:20:00+00:00,2026-09-22 04:30:00+00:00,2272.0,2274.0,2272.0,2273.0,3355
2026-09-22 07:30:00,2026-09-22 04:30:00+00:00,2026-09-22 04:40:00+00:00,2273.0,2273.5,2269.0,2271.0,8151
2026-09-22 07:40:00,2026-09-22 04:40:00+00:00,2026-09-22 04:50:00+00:00,2271.0,2272.5,2270.5,2271.5,4320
2026-09-22 07:50:00,2026-09-22 04:50:00+00:00,2026-09-22 05:00:00+00:00,2271.0,2271.5,2269.0,2270.0,2192
2026-09-22 08:00:00,2026-09-22 05:00:00+00:00,2026-09-22 05:10:00+00:00,2270.0,2270.5,2268.0,2270.5,4321
2026-09-22 08:10:00,2026-09-22 05:10:00+00:00,2026-09-22 05:20:00+00:00,2270.5,2272.0,2270.5,2271.0,5191
2026-09-22 08:20:00,2026-09-22 05:20:00+00:00,2026-09-22 05:30:00+00:00,2271.0,2271.5,2270.5,2271.0,814
2026-09-22 08:30:00,2026-09-22 05:30:00+00:00,2026-09-22 05:40:00+00:00,2271.0,2272.0,2271.0,2272.0,3751
2026-09-22 08:40:00,2026-09-22 05:40:00+00:00,2026-09-22 05:50:00+00:00,2272.0,2273.5,2270.5,2271.0,5268
2026-09-22 08:50:00,2026-09-22 05:50:00+00:00,2026-09-22 06:00:00+00:00,2271.0,2271.5,2269.0,2270.5,4262
2026-09-22 09:00:00,2026-09-22 06:00:00+00:00,2026-09-22 06:10:00+00:00,2271.0,2274.0,2270.0,2273.0,7169
2026-09-22 09:10:00,2026-09-22 06:10:00+00:00,2026-09-22 06:20:00+00:00,2273.5,2277.5,2272.0,2275.0,23946
2026-09-22 09:20:00,2026-09-22 06:20:00+00:00,2026-09-22 06:30:00+00:00,2275.0,2275.0,2272.5,2273.0,5724
2026-09-22 09:30:00,2026-09-22 06:30:00+00:00,2026-09-22 06:40:00+00:00,2273.5,2275.0,2271.0,2272.0,5893
2026-09-22 09:40:00,2026-09-22 06:40:00+00:00,2026-09-22 06:50:00+00:00,2272.5,2272.5,2270.0,2271.0,7339
2026-09-22 09:50:00,2026-09-22 06:50:00+00:00,2026-09-22 07:00:00+00:00,2271.5,2273.5,2270.0,2271.0,9162
2026-09-22 10:00:00,2026-09-22 07:00:00+00:00,2026-09-22 07:10:00+00:00,2271.0,2275.5,2271.0,2273.0,10396
2026-09-22 10:10:00,2026-09-22 07:10:00+00:00,2026-09-22 07:20:00+00:00,2274.0,2277.0,2272.0,2277.0,9007
2026-09-22 10:20:00,2026-09-22 07:20:00+00:00,2026-09-22 07:30:00+00:00,2276.5,2287.5,2276.5,2286.0,103563
2026-09-22 10:30:00,2026-09-22 07:30:00+00:00,2026-09-22 07:40:00+00:00,2285.5,2297.0,2285.5,2295.0,96051
2026-09-22 10:40:00,2026-09-22 07:40:00+00:00,2026-09-22 07:50:00+00:00,2295.0,2297.0,2290.5,2293.0,50029
2026-09-22 10:50:00,2026-09-22 07:50:00+00:00,2026-09-22 08:00:00+00:00,2293.0,2295.0,2292.0,2293.5,23188
2026-09-22 11:00:00,2026-09-22 08:00:00+00:00,2026-09-22 08:10:00+00:00,2294.0,2295.0,2291.0,2292.5,12003
2026-09-22 11:10:00,2026-09-22 08:10:00+00:00,2026-09-22 08:20:00+00:00,2292.0,2299.5,2292.0,2299.0,49312
2026-09-22 11:20:00,2026-09-22 08:20:00+00:00,2026-09-22 08:30:00+00:00,2299.0,2299.0,2295.5,2297.5,17374
2026-09-22 11:30:00,2026-09-22 08:30:00+00:00,2026-09-22 08:40:00+00:00,2297.0,2302.0,2296.0,2298.0,33920
2026-09-22 11:40:00,2026-09-22 08:40:00+00:00,2026-09-22 08:50:00+00:00,2297.5,2298.5,2290.5,2291.0,43605
2026-09-22 11:50:00,2026-09-22 08:50:00+00:00,2026-09-22 09:00:00+00:00,2291.0,2293.0,2287.5,2288.0,28804
2026-09-22 12:00:00,2026-09-22 09:00:00+00:00,2026-09-22 09:10:00+00:00,2288.5,2292.0,2288.0,2290.5,24476
2026-09-22 12:10:00,2026-09-22 09:10:00+00:00,2026-09-22 09:20:00+00:00,2290.5,2293.5,2290.0,2290.5,9202
2026-09-22 12:20:00,2026-09-22 09:20:00+00:00,2026-09-22 09:30:00+00:00,2290.5,2292.0,2289.0,2292.0,12083
2026-09-22 12:30:00,2026-09-22 09:30:00+00:00,2026-09-22 09:40:00+00:00,2292.5,2294.5,2291.0,2293.0,8055
2026-09-22 12:40:00,2026-09-22 09:40:00+00:00,2026-09-22 09:50:00+00:00,2294.0,2295.0,2291.0,2292.5,7848
2026-09-22 12:50:00,2026-09-22 09:50:00+00:00,2026-09-22 10:00:00+00:00,2293.0,2294.0,2289.5,2289.5,9617
2026-09-22 13:00:00,2026-09-22 10:00:00+00:00,2026-09-22 10:10:00+00:00,2290.0,2291.0,2284.5,2287.0,34506
2026-09-22 13:10:00,2026-09-22 10:10:00+00:00,2026-09-22 10:20:00+00:00,2286.5,2288.0,2286.0,2287.5,19181
2026-09-22 13:20:00,2026-09-22 10:20:00+00:00,2026-09-22 10:30:00+00:00,2287.5,2289.5,2287.0,2288.0,11430
2026-09-22 13:30:00,2026-09-22 10:30:00+00:00,2026-09-22 10:40:00+00:00,2288.0,2290.0,2286.5,2287.5,10091
2026-09-22 13:40:00,2026-09-22 10:40:00+00:00,2026-09-22 10:50:00+00:00,2287.5,2289.0,2285.5,2285.5,8780
2026-09-22 13:50:00,2026-09-22 10:50:00+00:00,2026-09-22 11:00:00+00:00,2286.0,2288.5,2285.0,2288.5,9249
2026-09-22 14:00:00,2026-09-22 11:00:00+00:00,2026-09-22 11:10:00+00:00,2288.5,2293.0,2288.0,2291.5,29903
2026-09-22 14:10:00,2026-09-22 11:10:00+00:00,2026-09-22 11:20:00+00:00,2292.5,2298.0,2290.0,2297.5,20668
2026-09-22 14:20:00,2026-09-22 11:20:00+00:00,2026-09-22 11:30:00+00:00,2298.0,2298.0,2293.0,2293.5,12542
2026-09-22 14:30:00,2026-09-22 11:30:00+00:00,2026-09-22 11:40:00+00:00,2294.0,2295.0,2292.0,2294.0,5071
2026-09-22 14:40:00,2026-09-22 11:40:00+00:00,2026-09-22 11:50:00+00:00,2294.5,2294.5,2288.5,2293.0,14367
2026-09-22 14:50:00,2026-09-22 11:50:00+00:00,2026-09-22 12:00:00+00:00,2293.0,2299.0,2291.0,2293.0,22570
2026-09-22 15:00:00,2026-09-22 12:00:00+00:00,2026-09-22 12:10:00+00:00,2292.5,2296.0,2292.5,2293.0,11104
2026-09-22 15:10:00,2026-09-22 12:10:00+00:00,2026-09-22 12:20:00+00:00,2293.0,2295.5,2291.5,2295.5,7362
2026-09-22 15:20:00,2026-09-22 12:20:00+00:00,2026-09-22 12:30:00+00:00,2295.5,2297.0,2293.0,2295.0,8468
2026-09-22 15:30:00,2026-09-22 12:30:00+00:00,2026-09-22 12:40:00+00:00,2295.0,2296.0,2293.0,2293.5,7505
2026-09-22 15:40:00,2026-09-22 12:40:00+00:00,2026-09-22 12:50:00+00:00,2293.5,2296.0,2291.5,2295.0,12626
2026-09-22 15:50:00,2026-09-22 12:50:00+00:00,2026-09-22 13:00:00+00:00,2294.5,2298.0,2294.0,2296.0,10376
2026-09-22 16:00:00,2026-09-22 13:00:00+00:00,2026-09-22 13:10:00+00:00,2296.5,2299.5,2296.5,2298.0,25193
2026-09-22 16:10:00,2026-09-22 13:10:00+00:00,2026-09-22 13:20:00+00:00,2298.0,2302.5,2294.5,2297.0,29900
2026-09-22 16:20:00,2026-09-22 13:20:00+00:00,2026-09-22 13:30:00+00:00,2297.0,2298.0,2296.0,2297.5,7323
2026-09-22 16:30:00,2026-09-22 13:30:00+00:00,2026-09-22 13:40:00+00:00,2297.5,2301.0,2297.0,2299.5,13039
2026-09-22 16:40:00,2026-09-22 13:40:00+00:00,2026-09-22 13:50:00+00:00,2299.5,2303.0,2297.0,2301.5,35668
2026-09-22 16:50:00,2026-09-22 13:50:00+00:00,2026-09-22 14:00:00+00:00,2301.5,2304.0,2299.5,2300.0,20406
2026-09-22 17:00:00,2026-09-22 14:00:00+00:00,2026-09-22 14:10:00+00:00,2300.5,2303.5,2300.0,2301.5,15513
2026-09-22 17:10:00,2026-09-22 14:10:00+00:00,2026-09-22 14:20:00+00:00,2302.0,2303.5,2300.5,2301.5,8659
2026-09-22 17:20:00,2026-09-22 14:20:00+00:00,2026-09-22 14:30:00+00:00,2302.0,2302.5,2301.0,2301.5,4971
2026-09-22 17:30:00,2026-09-22 14:30:00+00:00,2026-09-22 14:40:00+00:00,2302.0,2307.0,2301.0,2305.0,22925
2026-09-22 17:40:00,2026-09-22 14:40:00+00:00,2026-09-22 14:50:00+00:00,2305.5,2309.0,2304.5,2305.0,29495
2026-09-22 17:50:00,2026-09-22 14:50:00+00:00,2026-09-22 15:00:00+00:00,2305.0,2307.0,2292.0,2296.0,58991
2026-09-22 18:00:00,2026-09-22 15:00:00+00:00,2026-09-22 15:10:00+00:00,2295.5,2299.5,2292.5,2294.0,43900
2026-09-22 18:10:00,2026-09-22 15:10:00+00:00,2026-09-22 15:20:00+00:00,2294.5,2297.5,2293.0,2297.5,12033
2026-09-22 18:20:00,2026-09-22 15:20:00+00:00,2026-09-22 15:30:00+00:00,2297.5,2299.0,2296.5,2298.0,6544
2026-09-22 18:30:00,2026-09-22 15:30:00+00:00,2026-09-22 15:40:00+00:00,2298.5,2301.5,2298.0,2298.0,13497
2026-09-22 18:40:00,2026-09-22 15:40:00+00:00,2026-09-22 15:50:00+00:00,2298.0,2300.5,2297.5,2299.5,5264
2026-09-22 18:50:00,2026-09-22 15:50:00+00:00,2026-09-22 16:00:00+00:00,2299.5,2304.5,2298.0,2303.0,15644
2026-09-22 19:00:00,2026-09-22 16:00:00+00:00,2026-09-22 16:10:00+00:00,2303.0,2303.5,2299.5,2300.5,9525
2026-09-22 19:10:00,2026-09-22 16:10:00+00:00,2026-09-22 16:20:00+00:00,2300.0,2304.5,2299.5,2303.0,10918
2026-09-22 19:20:00,2026-09-22 16:20:00+00:00,2026-09-22 16:30:00+00:00,2303.5,2305.0,2302.0,2302.5,5335
2026-09-22 19:30:00,2026-09-22 16:30:00+00:00,2026-09-22 16:40:00+00:00,2303.0,2303.0,2301.5,2301.5,2755
2026-09-22 19:40:00,2026-09-22 16:40:00+00:00,2026-09-22 16:50:00+00:00,2301.5,2302.0,2298.5,2299.5,9170
2026-09-22 19:50:00,2026-09-22 16:50:00+00:00,2026-09-22 17:00:00+00:00,2299.0,2301.0,2298.5,2300.0,3208
2026-09-22 20:00:00,2026-09-22 17:00:00+00:00,2026-09-22 17:10:00+00:00,2300.0,2301.0,2299.5,2301.0,1181
2026-09-22 20:10:00,2026-09-22 17:10:00+00:00,2026-09-22 17:20:00+00:00,2300.5,2302.5,2300.5,2302.0,2690
2026-09-22 20:20:00,2026-09-22 17:20:00+00:00,2026-09-22 17:30:00+00:00,2302.5,2302.5,2299.5,2300.5,5837
2026-09-22 20:30:00,2026-09-22 17:30:00+00:00,2026-09-22 17:40:00+00:00,2301.0,2302.0,2299.5,2300.0,4871
2026-09-22 20:40:00,2026-09-22 17:40:00+00:00,2026-09-22 17:50:00+00:00,2299.5,2299.5,2297.0,2298.5,8958
2026-09-22 20:50:00,2026-09-22 17:50:00+00:00,2026-09-22 18:00:00+00:00,2299.0,2306.0,2292.5,2296.5,41111
2026-09-22 21:00:00,2026-09-22 18:00:00+00:00,2026-09-22 18:10:00+00:00,2296.0,2303.0,2295.0,2302.5,22794
2026-09-22 21:10:00,2026-09-22 18:10:00+00:00,2026-09-22 18:20:00+00:00,2302.5,2303.0,2298.5,2299.5,8971
2026-09-22 21:20:00,2026-09-22 18:20:00+00:00,2026-09-22 18:30:00+00:00,2299.5,2301.5,2299.5,2300.5,3936
2026-09-22 21:30:00,2026-09-22 18:30:00+00:00,2026-09-22 18:40:00+00:00,2301.0,2304.0,2300.5,2302.5,9246
2026-09-22 21:40:00,2026-09-22 18:40:00+00:00,2026-09-22 18:50:00+00:00,2302.5,2303.5,2302.0,2303.5,15127
2026-09-22 21:50:00,2026-09-22 18:50:00+00:00,2026-09-22 19:00:00+00:00,2303.5,2305.0,2299.0,2301.5,20239
2026-09-22 22:00:00,2026-09-22 19:00:00+00:00,2026-09-22 19:10:00+00:00,2301.5,2303.0,2298.5,2302.0,6423
2026-09-22 22:10:00,2026-09-22 19:10:00+00:00,2026-09-22 19:20:00+00:00,2302.0,2302.5,2296.0,2296.5,13457
2026-09-22 22:20:00,2026-09-22 19:20:00+00:00,2026-09-22 19:30:00+00:00,2296.0,2299.0,2296.0,2297.5,3960
2026-09-22 22:30:00,2026-09-22 19:30:00+00:00,2026-09-22 19:40:00+00:00,2297.0,2301.0,2296.5,2299.0,16763
2026-09-22 22:40:00,2026-09-22 19:40:00+00:00,2026-09-22 19:50:00+00:00,2298.5,2299.5,2298.0,2298.5,5666
2026-09-22 22:50:00,2026-09-22 19:50:00+00:00,2026-09-22 20:00:00+00:00,2299.0,2301.5,2298.0,2301.0,5498
2026-09-22 23:00:00,2026-09-22 20:00:00+00:00,2026-09-22 20:10:00+00:00,2301.5,2303.5,2300.0,2302.0,4431
2026-09-22 23:10:00,2026-09-22 20:10:00+00:00,2026-09-22 20:20:00+00:00,2302.5,2304.5,2301.5,2302.0,5866
2026-09-22 23:20:00,2026-09-22 20:20:00+00:00,2026-09-22 20:30:00+00:00,2301.5,2303.0,2301.0,2302.0,4082
2026-09-22 23:30:00,2026-09-22 20:30:00+00:00,2026-09-22 20:40:00+00:00,2301.5,2303.0,2301.5,2302.5,2303
2026-09-22 23:40:00,2026-09-22 20:40:00+00:00,2026-09-22 20:50:00+00:00,2302.5,2307.5,2302.0,2306.0,13039
2026-09-23 06:50:00,2026-09-23 03:50:00+00:00,2026-09-23 04:00:00+00:00,2307.0,2307.0,2307.0,2307.0,256
2026-09-23 07:00:00,2026-09-23 04:00:00+00:00,2026-09-23 04:10:00+00:00,2306.5,2314.5,2306.0,2311.0,29884
2026-09-23 07:10:00,2026-09-23 04:10:00+00:00,2026-09-23 04:20:00+00:00,2311.0,2317.0,2310.0,2315.0,28960
2026-09-23 07:20:00,2026-09-23 04:20:00+00:00,2026-09-23 04:30:00+00:00,2315.0,2317.0,2312.5,2313.5,14830
2026-09-23 07:30:00,2026-09-23 04:30:00+00:00,2026-09-23 04:40:00+00:00,2313.0,2315.0,2311.5,2313.0,8569
2026-09-23 07:40:00,2026-09-23 04:40:00+00:00,2026-09-23 04:50:00+00:00,2313.0,2313.5,2311.0,2311.5,11643
2026-09-23 07:50:00,2026-09-23 04:50:00+00:00,2026-09-23 05:00:00+00:00,2311.5,2313.0,2311.0,2311.5,5720
2026-09-23 08:00:00,2026-09-23 05:00:00+00:00,2026-09-23 05:10:00+00:00,2311.5,2314.0,2311.5,2311.5,8365
2026-09-23 08:10:00,2026-09-23 05:10:00+00:00,2026-09-23 05:20:00+00:00,2311.5,2311.5,2308.0,2310.5,9520
2026-09-23 08:20:00,2026-09-23 05:20:00+00:00,2026-09-23 05:30:00+00:00,2310.0,2311.0,2309.5,2310.0,3159
2026-09-23 08:30:00,2026-09-23 05:30:00+00:00,2026-09-23 05:40:00+00:00,2309.5,2313.0,2309.5,2312.0,4589
2026-09-23 08:40:00,2026-09-23 05:40:00+00:00,2026-09-23 05:50:00+00:00,2312.0,2313.0,2310.0,2311.5,4342
2026-09-23 08:50:00,2026-09-23 05:50:00+00:00,2026-09-23 06:00:00+00:00,2311.5,2313.0,2309.5,2311.0,5556
2026-09-23 09:00:00,2026-09-23 06:00:00+00:00,2026-09-23 06:10:00+00:00,2311.0,2312.0,2306.5,2308.0,9775
2026-09-23 09:10:00,2026-09-23 06:10:00+00:00,2026-09-23 06:20:00+00:00,2308.0,2310.0,2306.0,2309.5,7706
2026-09-23 09:20:00,2026-09-23 06:20:00+00:00,2026-09-23 06:30:00+00:00,2309.5,2310.0,2306.5,2308.5,6517
2026-09-23 09:30:00,2026-09-23 06:30:00+00:00,2026-09-23 06:40:00+00:00,2308.5,2309.0,2306.5,2307.0,4194
2026-09-23 09:40:00,2026-09-23 06:40:00+00:00,2026-09-23 06:50:00+00:00,2307.0,2310.5,2306.0,2310.0,8784
2026-09-23 09:50:00,2026-09-23 06:50:00+00:00,2026-09-23 07:00:00+00:00,2309.5,2310.0,2307.5,2309.5,6206
2026-09-23 10:00:00,2026-09-23 07:00:00+00:00,2026-09-23 07:10:00+00:00,2308.5,2309.0,2304.0,2304.0,17975
2026-09-23 10:10:00,2026-09-23 07:10:00+00:00,2026-09-23 07:20:00+00:00,2304.5,2304.5,2301.0,2301.5,23708
2026-09-23 10:20:00,2026-09-23 07:20:00+00:00,2026-09-23 07:30:00+00:00,2301.5,2305.0,2300.0,2304.0,16241
2026-09-23 10:30:00,2026-09-23 07:30:00+00:00,2026-09-23 07:40:00+00:00,2303.5,2305.0,2302.5,2303.5,9111
2026-09-23 10:40:00,2026-09-23 07:40:00+00:00,2026-09-23 07:50:00+00:00,2303.5,2305.0,2301.0,2301.0,9005
2026-09-23 10:50:00,2026-09-23 07:50:00+00:00,2026-09-23 08:00:00+00:00,2301.5,2313.0,2301.0,2312.5,25621
2026-09-23 11:00:00,2026-09-23 08:00:00+00:00,2026-09-23 08:10:00+00:00,2311.5,2313.5,2306.0,2306.5,50308
2026-09-23 11:10:00,2026-09-23 08:10:00+00:00,2026-09-23 08:20:00+00:00,2306.5,2321.5,2306.5,2319.0,64432
2026-09-23 11:20:00,2026-09-23 08:20:00+00:00,2026-09-23 08:30:00+00:00,2319.0,2319.5,2315.5,2316.0,25771
2026-09-23 11:30:00,2026-09-23 08:30:00+00:00,2026-09-23 08:40:00+00:00,2316.0,2317.5,2313.0,2314.5,24846
2026-09-23 11:40:00,2026-09-23 08:40:00+00:00,2026-09-23 08:50:00+00:00,2313.5,2314.5,2312.0,2313.5,13720
2026-09-23 11:50:00,2026-09-23 08:50:00+00:00,2026-09-23 09:00:00+00:00,2312.5,2313.5,2310.5,2310.5,9429
2026-09-23 12:00:00,2026-09-23 09:00:00+00:00,2026-09-23 09:10:00+00:00,2310.5,2312.0,2308.5,2311.0,11369
2026-09-23 12:10:00,2026-09-23 09:10:00+00:00,2026-09-23 09:20:00+00:00,2311.0,2311.5,2290.0,2294.5,114130
2026-09-23 12:20:00,2026-09-23 09:20:00+00:00,2026-09-23 09:30:00+00:00,2294.0,2298.5,2293.5,2295.5,33007
2026-09-23 12:30:00,2026-09-23 09:30:00+00:00,2026-09-23 09:40:00+00:00,2295.5,2297.5,2287.0,2290.5,52558
2026-09-23 12:40:00,2026-09-23 09:40:00+00:00,2026-09-23 09:50:00+00:00,2290.0,2295.0,2289.0,2291.0,37309
2026-09-23 12:50:00,2026-09-23 09:50:00+00:00,2026-09-23 10:00:00+00:00,2291.5,2294.0,2290.5,2291.5,11735
2026-09-23 13:00:00,2026-09-23 10:00:00+00:00,2026-09-23 10:10:00+00:00,2291.5,2295.5,2290.0,2294.0,16125
2026-09-23 13:10:00,2026-09-23 10:10:00+00:00,2026-09-23 10:20:00+00:00,2294.0,2297.0,2294.0,2296.0,13481
2026-09-23 13:20:00,2026-09-23 10:20:00+00:00,2026-09-23 10:30:00+00:00,2295.5,2298.5,2294.0,2297.0,16473
2026-09-23 13:30:00,2026-09-23 10:30:00+00:00,2026-09-23 10:40:00+00:00,2297.0,2297.5,2295.0,2296.0,13140
2026-09-23 13:40:00,2026-09-23 10:40:00+00:00,2026-09-23 10:50:00+00:00,2296.5,2298.5,2296.0,2297.5,5470
2026-09-23 13:50:00,2026-09-23 10:50:00+00:00,2026-09-23 11:00:00+00:00,2297.5,2298.0,2294.0,2294.0,9383
2026-09-23 14:00:00,2026-09-23 11:00:00+00:00,2026-09-23 11:10:00+00:00,2294.0,2299.5,2293.5,2296.0,11677
2026-09-23 14:10:00,2026-09-23 11:10:00+00:00,2026-09-23 11:20:00+00:00,2296.0,2303.5,2296.0,2300.0,23669
2026-09-23 14:20:00,2026-09-23 11:20:00+00:00,2026-09-23 11:30:00+00:00,2301.0,2302.0,2298.5,2301.0,8310
2026-09-23 14:30:00,2026-09-23 11:30:00+00:00,2026-09-23 11:40:00+00:00,2301.0,2302.0,2299.5,2300.5,4190
2026-09-23 14:40:00,2026-09-23 11:40:00+00:00,2026-09-23 11:50:00+00:00,2300.5,2301.0,2299.0,2299.5,4101
2026-09-23 14:50:00,2026-09-23 11:50:00+00:00,2026-09-23 12:00:00+00:00,2299.0,2299.5,2296.0,2299.5,16754
2026-09-23 15:00:00,2026-09-23 12:00:00+00:00,2026-09-23 12:10:00+00:00,2299.5,2301.0,2296.0,2296.0,9644
2026-09-23 15:10:00,2026-09-23 12:10:00+00:00,2026-09-23 12:20:00+00:00,2296.0,2299.5,2295.0,2295.5,8369
2026-09-23 15:20:00,2026-09-23 12:20:00+00:00,2026-09-23 12:30:00+00:00,2295.5,2300.0,2295.0,2299.5,4737
2026-09-23 15:30:00,2026-09-23 12:30:00+00:00,2026-09-23 12:40:00+00:00,2299.0,2300.0,2293.0,2296.5,25649
2026-09-23 15:40:00,2026-09-23 12:40:00+00:00,2026-09-23 12:50:00+00:00,2296.0,2298.0,2295.0,2296.0,2880
2026-09-23 15:50:00,2026-09-23 12:50:00+00:00,2026-09-23 13:00:00+00:00,2295.5,2298.0,2295.0,2295.5,5177
2026-09-23 16:00:00,2026-09-23 13:00:00+00:00,2026-09-23 13:10:00+00:00,2295.5,2298.5,2295.0,2298.0,5649
2026-09-23 16:10:00,2026-09-23 13:10:00+00:00,2026-09-23 13:20:00+00:00,2298.0,2301.0,2297.0,2299.5,9173
2026-09-23 16:20:00,2026-09-23 13:20:00+00:00,2026-09-23 13:30:00+00:00,2299.5,2303.0,2298.5,2301.0,12443
2026-09-23 16:30:00,2026-09-23 13:30:00+00:00,2026-09-23 13:40:00+00:00,2300.5,2302.0,2299.0,2301.5,4689
2026-09-23 16:40:00,2026-09-23 13:40:00+00:00,2026-09-23 13:50:00+00:00,2301.5,2308.5,2299.0,2304.5,21355
2026-09-23 16:50:00,2026-09-23 13:50:00+00:00,2026-09-23 14:00:00+00:00,2304.0,2305.0,2300.0,2300.5,7345
2026-09-23 17:00:00,2026-09-23 14:00:00+00:00,2026-09-23 14:10:00+00:00,2300.5,2303.0,2300.0,2302.0,4597
2026-09-23 17:10:00,2026-09-23 14:10:00+00:00,2026-09-23 14:20:00+00:00,2301.5,2303.5,2293.0,2297.5,22079
2026-09-23 17:20:00,2026-09-23 14:20:00+00:00,2026-09-23 14:30:00+00:00,2296.5,2299.0,2295.0,2297.5,11873
2026-09-23 17:30:00,2026-09-23 14:30:00+00:00,2026-09-23 14:40:00+00:00,2298.0,2307.5,2291.0,2301.0,62802
2026-09-23 17:40:00,2026-09-23 14:40:00+00:00,2026-09-23 14:50:00+00:00,2301.0,2307.0,2292.5,2293.5,34332
2026-09-23 17:50:00,2026-09-23 14:50:00+00:00,2026-09-23 15:00:00+00:00,2293.5,2295.0,2290.0,2293.0,19305
2026-09-23 18:00:00,2026-09-23 15:00:00+00:00,2026-09-23 15:10:00+00:00,2293.0,2298.0,2292.0,2294.5,12137
2026-09-23 18:10:00,2026-09-23 15:10:00+00:00,2026-09-23 15:20:00+00:00,2295.0,2303.0,2294.5,2302.5,11748
2026-09-23 18:20:00,2026-09-23 15:20:00+00:00,2026-09-23 15:30:00+00:00,2302.5,2317.5,2300.5,2311.0,93836
2026-09-23 18:30:00,2026-09-23 15:30:00+00:00,2026-09-23 15:40:00+00:00,2311.5,2314.5,2307.5,2311.5,48130
2026-09-23 18:40:00,2026-09-23 15:40:00+00:00,2026-09-23 15:50:00+00:00,2311.5,2317.5,2309.5,2311.0,29669
2026-09-23 18:50:00,2026-09-23 15:50:00+00:00,2026-09-23 16:00:00+00:00,2311.5,2315.5,2310.0,2314.0,14473
2026-09-23 19:00:00,2026-09-23 16:00:00+00:00,2026-09-23 16:10:00+00:00,2314.5,2315.0,2309.5,2310.0,15744
2026-09-23 19:10:00,2026-09-23 16:10:00+00:00,2026-09-23 16:20:00+00:00,2310.0,2311.0,2306.5,2309.0,16697
2026-09-23 19:20:00,2026-09-23 16:20:00+00:00,2026-09-23 16:30:00+00:00,2309.0,2309.0,2304.0,2307.0,20918
2026-09-23 19:30:00,2026-09-23 16:30:00+00:00,2026-09-23 16:40:00+00:00,2307.5,2308.5,2305.5,2305.5,9485
2026-09-23 19:40:00,2026-09-23 16:40:00+00:00,2026-09-23 16:50:00+00:00,2306.0,2309.0,2306.0,2308.0,4473
2026-09-23 19:50:00,2026-09-23 16:50:00+00:00,2026-09-23 17:00:00+00:00,2308.0,2308.0,2306.0,2306.5,3687
2026-09-23 20:00:00,2026-09-23 17:00:00+00:00,2026-09-23 17:10:00+00:00,2307.0,2308.5,2306.0,2308.0,4384
2026-09-23 20:10:00,2026-09-23 17:10:00+00:00,2026-09-23 17:20:00+00:00,2307.5,2308.5,2307.0,2307.5,2110
2026-09-23 20:20:00,2026-09-23 17:20:00+00:00,2026-09-23 17:30:00+00:00,2307.5,2312.5,2307.5,2312.0,11497
2026-09-23 20:30:00,2026-09-23 17:30:00+00:00,2026-09-23 17:40:00+00:00,2311.5,2312.5,2309.5,2309.5,2702
2026-09-23 20:40:00,2026-09-23 17:40:00+00:00,2026-09-23 17:50:00+00:00,2310.5,2312.5,2309.5,2312.0,3169
2026-09-23 20:50:00,2026-09-23 17:50:00+00:00,2026-09-23 18:00:00+00:00,2312.0,2313.0,2311.0,2312.0,5335
2026-09-23 21:00:00,2026-09-23 18:00:00+00:00,2026-09-23 18:10:00+00:00,2312.0,2312.0,2309.0,2310.0,3056
2026-09-23 21:10:00,2026-09-23 18:10:00+00:00,2026-09-23 18:20:00+00:00,2309.5,2310.5,2309.0,2309.5,1200
2026-09-23 21:20:00,2026-09-23 18:20:00+00:00,2026-09-23 18:30:00+00:00,2310.0,2312.5,2309.5,2312.0,3636
2026-09-23 21:30:00,2026-09-23 18:30:00+00:00,2026-09-23 18:40:00+00:00,2312.0,2314.5,2312.0,2314.0,9570
2026-09-23 21:40:00,2026-09-23 18:40:00+00:00,2026-09-23 18:50:00+00:00,2313.5,2315.5,2313.5,2314.0,7732
2026-09-23 21:50:00,2026-09-23 18:50:00+00:00,2026-09-23 19:00:00+00:00,2314.5,2315.0,2312.0,2312.5,7849
2026-09-23 22:00:00,2026-09-23 19:00:00+00:00,2026-09-23 19:10:00+00:00,2313.0,2329.5,2312.0,2323.5,87533
2026-09-23 22:10:00,2026-09-23 19:10:00+00:00,2026-09-23 19:20:00+00:00,2324.0,2327.5,2322.5,2325.0,42132
2026-09-23 22:20:00,2026-09-23 19:20:00+00:00,2026-09-23 19:30:00+00:00,2325.5,2329.5,2323.5,2327.0,27406
2026-09-23 22:30:00,2026-09-23 19:30:00+00:00,2026-09-23 19:40:00+00:00,2327.0,2329.0,2326.5,2327.0,16579
2026-09-23 22:40:00,2026-09-23 19:40:00+00:00,2026-09-23 19:50:00+00:00,2327.5,2331.0,2327.0,2330.5,20879
2026-09-23 22:50:00,2026-09-23 19:50:00+00:00,2026-09-23 20:00:00+00:00,2330.5,2331.5,2329.0,2329.0,16014
2026-09-23 23:00:00,2026-09-23 20:00:00+00:00,2026-09-23 20:10:00+00:00,2330.0,2331.5,2328.0,2328.0,9341
2026-09-23 23:10:00,2026-09-23 20:10:00+00:00,2026-09-23 20:20:00+00:00,2328.0,2330.5,2327.5,2330.0,9333
2026-09-23 23:20:00,2026-09-23 20:20:00+00:00,2026-09-23 20:30:00+00:00,2330.5,2331.0,2329.5,2330.5,8043
2026-09-23 23:30:00,2026-09-23 20:30:00+00:00,2026-09-23 20:40:00+00:00,2330.5,2332.5,2329.0,2332.5,14280
2026-09-23 23:40:00,2026-09-23 20:40:00+00:00,2026-09-23 20:50:00+00:00,2332.5,2333.0,2330.0,2331.5,6840
2026-09-24 06:50:00,2026-09-24 03:50:00+00:00,2026-09-24 04:00:00+00:00,2327.5,2327.5,2327.5,2327.5,733
2026-09-24 07:00:00,2026-09-24 04:00:00+00:00,2026-09-24 04:10:00+00:00,2328.0,2330.5,2324.5,2327.0,19278
2026-09-24 07:10:00,2026-09-24 04:10:00+00:00,2026-09-24 04:20:00+00:00,2327.5,2328.5,2323.0,2324.0,12809
2026-09-24 07:20:00,2026-09-24 04:20:00+00:00,2026-09-24 04:30:00+00:00,2324.5,2325.5,2321.5,2324.5,7941
2026-09-24 07:30:00,2026-09-24 04:30:00+00:00,2026-09-24 04:40:00+00:00,2324.0,2324.0,2321.5,2322.0,4646
2026-09-24 07:40:00,2026-09-24 04:40:00+00:00,2026-09-24 04:50:00+00:00,2322.0,2329.5,2322.0,2327.0,9880
2026-09-24 07:50:00,2026-09-24 04:50:00+00:00,2026-09-24 05:00:00+00:00,2327.5,2327.5,2324.5,2325.0,4404
2026-09-24 08:00:00,2026-09-24 05:00:00+00:00,2026-09-24 05:10:00+00:00,2325.0,2325.5,2323.0,2323.0,3418
2026-09-24 08:10:00,2026-09-24 05:10:00+00:00,2026-09-24 05:20:00+00:00,2323.5,2325.0,2322.0,2323.5,6011
2026-09-24 08:20:00,2026-09-24 05:20:00+00:00,2026-09-24 05:30:00+00:00,2324.0,2324.5,2322.0,2322.0,2471
2026-09-24 08:30:00,2026-09-24 05:30:00+00:00,2026-09-24 05:40:00+00:00,2322.5,2327.0,2322.0,2327.0,7451
2026-09-24 08:40:00,2026-09-24 05:40:00+00:00,2026-09-24 05:50:00+00:00,2327.0,2330.0,2325.0,2326.0,7483
2026-09-24 08:50:00,2026-09-24 05:50:00+00:00,2026-09-24 06:00:00+00:00,2326.5,2329.5,2326.0,2328.0,3326
2026-09-24 09:00:00,2026-09-24 06:00:00+00:00,2026-09-24 06:10:00+00:00,2328.0,2329.0,2326.0,2329.0,5673
2026-09-24 09:10:00,2026-09-24 06:10:00+00:00,2026-09-24 06:20:00+00:00,2329.0,2335.0,2328.0,2330.0,31178
2026-09-24 09:20:00,2026-09-24 06:20:00+00:00,2026-09-24 06:30:00+00:00,2330.5,2336.0,2329.5,2334.0,17182
2026-09-24 09:30:00,2026-09-24 06:30:00+00:00,2026-09-24 06:40:00+00:00,2334.5,2335.0,2330.5,2330.5,11966
2026-09-24 09:40:00,2026-09-24 06:40:00+00:00,2026-09-24 06:50:00+00:00,2331.0,2333.0,2329.0,2333.0,12307
2026-09-24 09:50:00,2026-09-24 06:50:00+00:00,2026-09-24 07:00:00+00:00,2333.0,2333.0,2330.0,2330.5,6340
2026-09-24 10:00:00,2026-09-24 07:00:00+00:00,2026-09-24 07:10:00+00:00,2330.0,2334.5,2327.5,2329.0,19038
2026-09-24 10:10:00,2026-09-24 07:10:00+00:00,2026-09-24 07:20:00+00:00,2328.5,2329.0,2325.5,2327.5,23097
2026-09-24 10:20:00,2026-09-24 07:20:00+00:00,2026-09-24 07:30:00+00:00,2328.0,2330.0,2326.0,2328.5,10773
2026-09-24 10:30:00,2026-09-24 07:30:00+00:00,2026-09-24 07:40:00+00:00,2328.5,2331.0,2326.0,2329.5,6546
2026-09-24 10:40:00,2026-09-24 07:40:00+00:00,2026-09-24 07:50:00+00:00,2329.5,2330.5,2326.0,2330.5,5219
2026-09-24 10:50:00,2026-09-24 07:50:00+00:00,2026-09-24 08:00:00+00:00,2330.5,2333.5,2330.5,2332.5,10933
2026-09-24 11:00:00,2026-09-24 08:00:00+00:00,2026-09-24 08:10:00+00:00,2333.0,2334.0,2311.5,2313.0,115186
2026-09-24 11:10:00,2026-09-24 08:10:00+00:00,2026-09-24 08:20:00+00:00,2313.0,2321.0,2312.0,2318.0,40708
2026-09-24 11:20:00,2026-09-24 08:20:00+00:00,2026-09-24 08:30:00+00:00,2317.5,2318.5,2311.0,2315.0,54422
2026-09-24 11:30:00,2026-09-24 08:30:00+00:00,2026-09-24 08:40:00+00:00,2314.5,2318.0,2308.5,2314.0,61490
2026-09-24 11:40:00,2026-09-24 08:40:00+00:00,2026-09-24 08:50:00+00:00,2314.5,2316.0,2311.0,2313.0,18335
2026-09-24 11:50:00,2026-09-24 08:50:00+00:00,2026-09-24 09:00:00+00:00,2313.5,2316.0,2313.5,2314.5,10149
2026-09-24 12:00:00,2026-09-24 09:00:00+00:00,2026-09-24 09:10:00+00:00,2314.0,2314.0,2294.5,2296.5,104907
2026-09-24 12:10:00,2026-09-24 09:10:00+00:00,2026-09-24 09:20:00+00:00,2296.5,2300.5,2296.0,2298.5,32782
2026-09-24 12:20:00,2026-09-24 09:20:00+00:00,2026-09-24 09:30:00+00:00,2298.0,2303.5,2298.0,2302.5,21704
2026-09-24 12:30:00,2026-09-24 09:30:00+00:00,2026-09-24 09:40:00+00:00,2302.0,2304.0,2300.5,2302.5,12212
2026-09-24 12:40:00,2026-09-24 09:40:00+00:00,2026-09-24 09:50:00+00:00,2303.5,2304.0,2301.0,2302.0,14413
2026-09-24 12:50:00,2026-09-24 09:50:00+00:00,2026-09-24 10:00:00+00:00,2301.0,2304.0,2298.5,2299.0,13494
2026-09-24 13:00:00,2026-09-24 10:00:00+00:00,2026-09-24 10:10:00+00:00,2298.5,2303.5,2296.5,2299.0,17440
2026-09-24 13:10:00,2026-09-24 10:10:00+00:00,2026-09-24 10:20:00+00:00,2299.0,2300.0,2291.5,2293.5,54246
2026-09-24 13:20:00,2026-09-24 10:20:00+00:00,2026-09-24 10:30:00+00:00,2293.0,2296.0,2290.5,2294.0,29712
2026-09-24 13:30:00,2026-09-24 10:30:00+00:00,2026-09-24 10:40:00+00:00,2294.0,2303.0,2293.5,2301.0,47872
2026-09-24 13:40:00,2026-09-24 10:40:00+00:00,2026-09-24 10:50:00+00:00,2301.5,2302.0,2300.0,2302.0,7625
2026-09-24 13:50:00,2026-09-24 10:50:00+00:00,2026-09-24 11:00:00+00:00,2301.5,2302.0,2300.5,2301.0,7077
2026-09-24 14:00:00,2026-09-24 11:00:00+00:00,2026-09-24 11:10:00+00:00,2301.0,2307.5,2300.5,2307.0,36404
2026-09-24 14:10:00,2026-09-24 11:10:00+00:00,2026-09-24 11:20:00+00:00,2307.0,2314.0,2305.5,2310.5,58801
2026-09-24 14:20:00,2026-09-24 11:20:00+00:00,2026-09-24 11:30:00+00:00,2311.0,2321.5,2310.5,2320.0,59044
2026-09-24 14:30:00,2026-09-24 11:30:00+00:00,2026-09-24 11:40:00+00:00,2320.0,2322.0,2316.5,2318.0,39154
2026-09-24 14:40:00,2026-09-24 11:40:00+00:00,2026-09-24 11:50:00+00:00,2318.0,2318.5,2305.5,2310.0,63859
2026-09-24 14:50:00,2026-09-24 11:50:00+00:00,2026-09-24 12:00:00+00:00,2310.0,2312.5,2306.5,2308.0,37178
2026-09-24 15:00:00,2026-09-24 12:00:00+00:00,2026-09-24 12:10:00+00:00,2308.0,2310.0,2303.0,2307.0,37808
2026-09-24 15:10:00,2026-09-24 12:10:00+00:00,2026-09-24 12:20:00+00:00,2307.5,2308.5,2304.0,2305.0,14615
2026-09-24 15:20:00,2026-09-24 12:20:00+00:00,2026-09-24 12:30:00+00:00,2304.5,2307.0,2304.0,2306.5,6543
2026-09-24 15:30:00,2026-09-24 12:30:00+00:00,2026-09-24 12:40:00+00:00,2306.0,2311.5,2304.5,2310.0,18944
2026-09-24 15:40:00,2026-09-24 12:40:00+00:00,2026-09-24 12:50:00+00:00,2310.0,2314.0,2309.0,2313.0,16177
2026-09-24 15:50:00,2026-09-24 12:50:00+00:00,2026-09-24 13:00:00+00:00,2313.0,2313.0,2308.5,2310.0,7416
2026-09-24 16:00:00,2026-09-24 13:00:00+00:00,2026-09-24 13:10:00+00:00,2309.0,2313.0,2308.0,2311.5,8435
2026-09-24 16:10:00,2026-09-24 13:10:00+00:00,2026-09-24 13:20:00+00:00,2311.5,2316.5,2310.0,2314.0,14759
2026-09-24 16:20:00,2026-09-24 13:20:00+00:00,2026-09-24 13:30:00+00:00,2314.0,2316.5,2311.0,2315.5,9483
2026-09-24 16:30:00,2026-09-24 13:30:00+00:00,2026-09-24 13:40:00+00:00,2315.5,2316.5,2312.5,2313.0,7633
2026-09-24 16:40:00,2026-09-24 13:40:00+00:00,2026-09-24 13:50:00+00:00,2313.0,2313.0,2309.5,2312.5,5891
2026-09-24 16:50:00,2026-09-24 13:50:00+00:00,2026-09-24 14:00:00+00:00,2312.5,2313.5,2310.5,2311.5,2860
2026-09-24 17:00:00,2026-09-24 14:00:00+00:00,2026-09-24 14:10:00+00:00,2311.0,2316.0,2309.0,2313.5,13331
2026-09-24 17:10:00,2026-09-24 14:10:00+00:00,2026-09-24 14:20:00+00:00,2313.5,2314.0,2310.0,2311.5,6060
2026-09-24 17:20:00,2026-09-24 14:20:00+00:00,2026-09-24 14:30:00+00:00,2310.5,2312.0,2308.5,2311.5,11072
2026-09-24 17:30:00,2026-09-24 14:30:00+00:00,2026-09-24 14:40:00+00:00,2311.5,2316.5,2311.0,2315.0,13379
2026-09-24 17:40:00,2026-09-24 14:40:00+00:00,2026-09-24 14:50:00+00:00,2315.5,2317.5,2314.0,2315.0,10078
2026-09-24 17:50:00,2026-09-24 14:50:00+00:00,2026-09-24 15:00:00+00:00,2315.5,2319.0,2314.5,2318.0,10779
2026-09-24 18:00:00,2026-09-24 15:00:00+00:00,2026-09-24 15:10:00+00:00,2318.5,2319.0,2316.0,2316.0,5655
2026-09-24 18:10:00,2026-09-24 15:10:00+00:00,2026-09-24 15:20:00+00:00,2316.5,2316.5,2314.5,2315.0,4937
2026-09-24 18:20:00,2026-09-24 15:20:00+00:00,2026-09-24 15:30:00+00:00,2315.0,2322.0,2315.0,2320.0,14466
2026-09-24 18:30:00,2026-09-24 15:30:00+00:00,2026-09-24 15:40:00+00:00,2320.0,2321.0,2318.5,2319.0,6344
2026-09-24 18:40:00,2026-09-24 15:40:00+00:00,2026-09-24 15:50:00+00:00,2319.0,2319.0,2314.0,2316.5,10686
2026-09-24 18:50:00,2026-09-24 15:50:00+00:00,2026-09-24 16:00:00+00:00,2316.5,2319.0,2316.0,2316.5,4436
2026-09-24 19:00:00,2026-09-24 16:00:00+00:00,2026-09-24 16:10:00+00:00,2316.5,2318.5,2316.0,2317.0,3546
2026-09-24 19:10:00,2026-09-24 16:10:00+00:00,2026-09-24 16:20:00+00:00,2317.0,2320.5,2308.0,2308.5,27755
2026-09-24 19:20:00,2026-09-24 16:20:00+00:00,2026-09-24 16:30:00+00:00,2309.5,2313.0,2308.5,2311.5,10814
2026-09-24 19:30:00,2026-09-24 16:30:00+00:00,2026-09-24 16:40:00+00:00,2311.0,2313.0,2310.0,2311.5,5128
2026-09-24 19:40:00,2026-09-24 16:40:00+00:00,2026-09-24 16:50:00+00:00,2311.5,2313.0,2310.5,2311.5,7371
2026-09-24 19:50:00,2026-09-24 16:50:00+00:00,2026-09-24 17:00:00+00:00,2312.0,2313.5,2311.0,2313.0,5059
2026-09-24 20:00:00,2026-09-24 17:00:00+00:00,2026-09-24 17:10:00+00:00,2313.0,2314.0,2312.0,2313.5,3192
2026-09-24 20:10:00,2026-09-24 17:10:00+00:00,2026-09-24 17:20:00+00:00,2314.0,2314.5,2313.5,2314.0,2740
2026-09-24 20:20:00,2026-09-24 17:20:00+00:00,2026-09-24 17:30:00+00:00,2314.5,2316.0,2313.5,2314.5,5367
2026-09-24 20:30:00,2026-09-24 17:30:00+00:00,2026-09-24 17:40:00+00:00,2314.5,2314.5,2312.0,2313.0,1465
2026-09-24 20:40:00,2026-09-24 17:40:00+00:00,2026-09-24 17:50:00+00:00,2312.0,2318.0,2312.0,2316.0,7227
2026-09-24 20:50:00,2026-09-24 17:50:00+00:00,2026-09-24 18:00:00+00:00,2316.5,2317.5,2315.5,2316.5,4426
2026-09-24 21:00:00,2026-09-24 18:00:00+00:00,2026-09-24 18:10:00+00:00,2316.5,2316.5,2315.5,2315.5,1683
2026-09-24 21:10:00,2026-09-24 18:10:00+00:00,2026-09-24 18:20:00+00:00,2315.5,2316.0,2314.0,2314.5,842
2026-09-24 21:20:00,2026-09-24 18:20:00+00:00,2026-09-24 18:30:00+00:00,2315.5,2316.0,2314.5,2315.0,1029
2026-09-24 21:30:00,2026-09-24 18:30:00+00:00,2026-09-24 18:40:00+00:00,2315.0,2315.0,2314.0,2314.5,460
2026-09-24 21:40:00,2026-09-24 18:40:00+00:00,2026-09-24 18:50:00+00:00,2314.5,2316.0,2314.0,2315.0,1185
2026-09-24 21:50:00,2026-09-24 18:50:00+00:00,2026-09-24 19:00:00+00:00,2315.0,2315.5,2314.0,2314.0,1294
2026-09-24 22:00:00,2026-09-24 19:00:00+00:00,2026-09-24 19:10:00+00:00,2314.0,2316.5,2313.5,2316.5,2979
2026-09-24 22:10:00,2026-09-24 19:10:00+00:00,2026-09-24 19:20:00+00:00,2316.5,2316.5,2315.5,2316.0,995
2026-09-24 22:20:00,2026-09-24 19:20:00+00:00,2026-09-24 19:30:00+00:00,2316.0,2316.0,2314.5,2315.5,1490
2026-09-24 22:30:00,2026-09-24 19:30:00+00:00,2026-09-24 19:40:00+00:00,2315.5,2316.5,2314.0,2314.0,4291
2026-09-24 22:40:00,2026-09-24 19:40:00+00:00,2026-09-24 19:50:00+00:00,2314.5,2315.0,2312.0,2313.5,5487
2026-09-24 22:50:00,2026-09-24 19:50:00+00:00,2026-09-24 20:00:00+00:00,2313.0,2314.0,2312.5,2312.5,1353
2026-09-24 23:00:00,2026-09-24 20:00:00+00:00,2026-09-24 20:10:00+00:00,2313.0,2314.5,2312.5,2314.0,2113
2026-09-24 23:10:00,2026-09-24 20:10:00+00:00,2026-09-24 20:20:00+00:00,2313.5,2314.0,2312.5,2313.5,1258
2026-09-24 23:20:00,2026-09-24 20:20:00+00:00,2026-09-24 20:30:00+00:00,2313.5,2315.0,2313.5,2315.0,2497
2026-09-24 23:30:00,2026-09-24 20:30:00+00:00,2026-09-24 20:40:00+00:00,2314.5,2315.0,2313.5,2314.5,2939
2026-09-24 23:40:00,2026-09-24 20:40:00+00:00,2026-09-24 20:50:00+00:00,2314.5,2315.5,2312.0,2315.0,3457
2026-09-25 06:50:00,2026-09-25 03:50:00+00:00,2026-09-25 04:00:00+00:00,2311.0,2311.0,2311.0,2311.0,59
2026-09-25 07:00:00,2026-09-25 04:00:00+00:00,2026-09-25 04:10:00+00:00,2311.0,2314.0,2305.5,2307.0,19088
2026-09-25 07:10:00,2026-09-25 04:10:00+00:00,2026-09-25 04:20:00+00:00,2307.0,2311.5,2306.5,2309.0,5480
2026-09-25 07:20:00,2026-09-25 04:20:00+00:00,2026-09-25 04:30:00+00:00,2309.0,2312.0,2306.0,2307.0,6924
2026-09-25 07:30:00,2026-09-25 04:30:00+00:00,2026-09-25 04:40:00+00:00,2307.0,2308.0,2303.0,2304.0,14829
2026-09-25 07:40:00,2026-09-25 04:40:00+00:00,2026-09-25 04:50:00+00:00,2304.0,2304.0,2298.5,2301.5,26074
2026-09-25 07:50:00,2026-09-25 04:50:00+00:00,2026-09-25 05:00:00+00:00,2301.0,2302.5,2301.0,2302.5,4043
2026-09-25 08:00:00,2026-09-25 05:00:00+00:00,2026-09-25 05:10:00+00:00,2302.0,2304.5,2302.0,2303.0,7485
2026-09-25 08:10:00,2026-09-25 05:10:00+00:00,2026-09-25 05:20:00+00:00,2303.0,2304.0,2302.0,2304.0,3384
2026-09-25 08:20:00,2026-09-25 05:20:00+00:00,2026-09-25 05:30:00+00:00,2304.0,2305.5,2302.5,2305.0,5708
2026-09-25 08:30:00,2026-09-25 05:30:00+00:00,2026-09-25 05:40:00+00:00,2304.5,2305.0,2301.0,2301.0,5602
2026-09-25 08:40:00,2026-09-25 05:40:00+00:00,2026-09-25 05:50:00+00:00,2301.5,2303.0,2299.0,2301.5,7027
2026-09-25 08:50:00,2026-09-25 05:50:00+00:00,2026-09-25 06:00:00+00:00,2301.0,2303.5,2300.5,2301.0,4230
2026-09-25 09:00:00,2026-09-25 06:00:00+00:00,2026-09-25 06:10:00+00:00,2301.0,2301.0,2295.0,2297.0,14264
2026-09-25 09:10:00,2026-09-25 06:10:00+00:00,2026-09-25 06:20:00+00:00,2296.5,2298.0,2293.5,2294.0,10714
2026-09-25 09:20:00,2026-09-25 06:20:00+00:00,2026-09-25 06:30:00+00:00,2294.0,2299.0,2294.0,2297.0,11199
2026-09-25 09:30:00,2026-09-25 06:30:00+00:00,2026-09-25 06:40:00+00:00,2296.5,2297.5,2294.5,2296.0,9918
2026-09-25 09:40:00,2026-09-25 06:40:00+00:00,2026-09-25 06:50:00+00:00,2296.0,2301.0,2295.0,2299.0,8725
2026-09-25 09:50:00,2026-09-25 06:50:00+00:00,2026-09-25 07:00:00+00:00,2299.5,2300.0,2297.0,2299.0,7916
2026-09-25 10:00:00,2026-09-25 07:00:00+00:00,2026-09-25 07:10:00+00:00,2299.0,2299.0,2288.0,2289.5,51064
2026-09-25 10:10:00,2026-09-25 07:10:00+00:00,2026-09-25 07:20:00+00:00,2289.0,2295.0,2287.0,2293.5,35815
2026-09-25 10:20:00,2026-09-25 07:20:00+00:00,2026-09-25 07:30:00+00:00,2294.0,2296.5,2293.0,2295.5,15431
2026-09-25 10:30:00,2026-09-25 07:30:00+00:00,2026-09-25 07:40:00+00:00,2295.5,2295.5,2291.5,2294.5,12112
2026-09-25 10:40:00,2026-09-25 07:40:00+00:00,2026-09-25 07:50:00+00:00,2295.0,2297.5,2293.5,2296.5,10597
2026-09-25 10:50:00,2026-09-25 07:50:00+00:00,2026-09-25 08:00:00+00:00,2296.5,2297.5,2293.0,2294.0,6501
2026-09-25 11:00:00,2026-09-25 08:00:00+00:00,2026-09-25 08:10:00+00:00,2293.5,2295.0,2291.0,2291.5,9746
2026-09-25 11:10:00,2026-09-25 08:10:00+00:00,2026-09-25 08:20:00+00:00,2292.0,2306.0,2291.0,2299.0,61991
2026-09-25 11:20:00,2026-09-25 08:20:00+00:00,2026-09-25 08:30:00+00:00,2299.0,2302.5,2296.0,2297.5,15658
2026-09-25 11:30:00,2026-09-25 08:30:00+00:00,2026-09-25 08:40:00+00:00,2297.5,2302.5,2297.0,2301.5,8011
2026-09-25 11:40:00,2026-09-25 08:40:00+00:00,2026-09-25 08:50:00+00:00,2301.5,2302.5,2297.0,2297.5,6139
2026-09-25 11:50:00,2026-09-25 08:50:00+00:00,2026-09-25 09:00:00+00:00,2297.5,2302.0,2297.5,2300.5,12438
2026-09-25 12:00:00,2026-09-25 09:00:00+00:00,2026-09-25 09:10:00+00:00,2300.5,2302.0,2297.5,2298.5,10876
2026-09-25 12:10:00,2026-09-25 09:10:00+00:00,2026-09-25 09:20:00+00:00,2297.5,2301.0,2296.0,2297.0,7283
2026-09-25 12:20:00,2026-09-25 09:20:00+00:00,2026-09-25 09:30:00+00:00,2297.0,2297.5,2292.0,2293.5,12961
2026-09-25 12:30:00,2026-09-25 09:30:00+00:00,2026-09-25 09:40:00+00:00,2293.0,2296.0,2288.0,2295.0,31026
2026-09-25 12:40:00,2026-09-25 09:40:00+00:00,2026-09-25 09:50:00+00:00,2295.0,2298.0,2295.0,2298.0,9196
2026-09-25 12:50:00,2026-09-25 09:50:00+00:00,2026-09-25 10:00:00+00:00,2298.0,2299.0,2295.5,2296.0,8312
2026-09-25 13:00:00,2026-09-25 10:00:00+00:00,2026-09-25 10:10:00+00:00,2296.0,2298.0,2293.5,2294.5,12741
2026-09-25 13:10:00,2026-09-25 10:10:00+00:00,2026-09-25 10:20:00+00:00,2294.5,2298.0,2292.0,2298.0,21367
2026-09-25 13:20:00,2026-09-25 10:20:00+00:00,2026-09-25 10:30:00+00:00,2297.5,2301.0,2294.0,2295.0,30626
2026-09-25 13:30:00,2026-09-25 10:30:00+00:00,2026-09-25 10:40:00+00:00,2295.0,2295.5,2293.5,2295.0,5456
2026-09-25 13:40:00,2026-09-25 10:40:00+00:00,2026-09-25 10:50:00+00:00,2294.5,2296.0,2294.0,2295.0,4020
2026-09-25 13:50:00,2026-09-25 10:50:00+00:00,2026-09-25 11:00:00+00:00,2294.5,2296.0,2294.5,2295.5,11802
2026-09-25 14:00:00,2026-09-25 11:00:00+00:00,2026-09-25 11:10:00+00:00,2295.0,2296.0,2294.0,2296.0,9811
2026-09-25 14:10:00,2026-09-25 11:10:00+00:00,2026-09-25 11:20:00+00:00,2296.0,2297.5,2292.0,2293.0,17053
2026-09-25 14:20:00,2026-09-25 11:20:00+00:00,2026-09-25 11:30:00+00:00,2292.5,2294.0,2289.0,2289.5,29158
2026-09-25 14:30:00,2026-09-25 11:30:00+00:00,2026-09-25 11:40:00+00:00,2289.5,2291.5,2288.5,2289.5,14959
2026-09-25 14:40:00,2026-09-25 11:40:00+00:00,2026-09-25 11:50:00+00:00,2290.0,2291.0,2283.0,2285.0,41714
2026-09-25 14:50:00,2026-09-25 11:50:00+00:00,2026-09-25 12:00:00+00:00,2285.0,2286.5,2282.0,2282.5,34498
2026-09-25 15:00:00,2026-09-25 12:00:00+00:00,2026-09-25 12:10:00+00:00,2282.5,2283.5,2277.5,2278.5,52568
2026-09-25 15:10:00,2026-09-25 12:10:00+00:00,2026-09-25 12:20:00+00:00,2279.0,2280.5,2278.0,2280.5,18940
2026-09-25 15:20:00,2026-09-25 12:20:00+00:00,2026-09-25 12:30:00+00:00,2280.5,2282.5,2278.0,2279.0,15567
2026-09-25 15:30:00,2026-09-25 12:30:00+00:00,2026-09-25 12:40:00+00:00,2279.0,2283.5,2278.5,2282.0,14694
2026-09-25 15:40:00,2026-09-25 12:40:00+00:00,2026-09-25 12:50:00+00:00,2282.0,2283.5,2280.0,2280.5,10681
2026-09-25 15:50:00,2026-09-25 12:50:00+00:00,2026-09-25 13:00:00+00:00,2280.0,2280.5,2271.0,2271.5,58367
2026-09-25 16:00:00,2026-09-25 13:00:00+00:00,2026-09-25 13:10:00+00:00,2271.5,2274.0,2268.0,2269.0,42324
2026-09-25 16:10:00,2026-09-25 13:10:00+00:00,2026-09-25 13:20:00+00:00,2269.0,2271.0,2267.0,2270.5,31358
2026-09-25 16:20:00,2026-09-25 13:20:00+00:00,2026-09-25 13:30:00+00:00,2271.0,2275.5,2266.5,2275.0,37300
2026-09-25 16:30:00,2026-09-25 13:30:00+00:00,2026-09-25 13:40:00+00:00,2275.0,2276.5,2272.5,2273.0,30096
2026-09-25 16:40:00,2026-09-25 13:40:00+00:00,2026-09-25 13:50:00+00:00,2273.5,2275.0,2271.5,2273.5,8165
2026-09-25 16:50:00,2026-09-25 13:50:00+00:00,2026-09-25 14:00:00+00:00,2274.5,2275.0,2268.0,2270.0,26822
2026-09-25 17:00:00,2026-09-25 14:00:00+00:00,2026-09-25 14:10:00+00:00,2269.5,2270.0,2265.5,2267.5,25731
2026-09-25 17:10:00,2026-09-25 14:10:00+00:00,2026-09-25 14:20:00+00:00,2267.5,2275.5,2267.0,2274.0,39465
2026-09-25 17:20:00,2026-09-25 14:20:00+00:00,2026-09-25 14:30:00+00:00,2274.0,2275.0,2269.5,2271.0,30999
2026-09-25 17:30:00,2026-09-25 14:30:00+00:00,2026-09-25 14:40:00+00:00,2270.5,2270.5,2267.5,2267.5,21889
2026-09-25 17:40:00,2026-09-25 14:40:00+00:00,2026-09-25 14:50:00+00:00,2267.0,2270.5,2265.0,2266.0,21698
2026-09-25 17:50:00,2026-09-25 14:50:00+00:00,2026-09-25 15:00:00+00:00,2265.5,2270.5,2265.5,2269.5,16423
2026-09-25 18:00:00,2026-09-25 15:00:00+00:00,2026-09-25 15:10:00+00:00,2269.0,2271.0,2268.0,2269.5,15621
2026-09-25 18:10:00,2026-09-25 15:10:00+00:00,2026-09-25 15:20:00+00:00,2269.5,2275.0,2269.0,2273.0,22752
2026-09-25 18:20:00,2026-09-25 15:20:00+00:00,2026-09-25 15:30:00+00:00,2273.0,2275.0,2272.0,2272.5,10223
2026-09-25 18:30:00,2026-09-25 15:30:00+00:00,2026-09-25 15:40:00+00:00,2272.5,2273.5,2270.0,2271.5,8032
2026-09-25 18:40:00,2026-09-25 15:40:00+00:00,2026-09-25 15:50:00+00:00,2271.0,2273.0,2270.5,2272.5,6264
2026-09-25 18:50:00,2026-09-25 15:50:00+00:00,2026-09-25 16:00:00+00:00,2272.0,2276.0,2272.0,2272.0,10858
2026-09-25 19:00:00,2026-09-25 16:00:00+00:00,2026-09-25 16:10:00+00:00,2272.0,2272.5,2267.0,2269.5,20744
2026-09-25 19:10:00,2026-09-25 16:10:00+00:00,2026-09-25 16:20:00+00:00,2269.5,2270.0,2266.5,2267.0,8891
2026-09-25 19:20:00,2026-09-25 16:20:00+00:00,2026-09-25 16:30:00+00:00,2266.5,2269.0,2266.5,2266.5,6865
2026-09-25 19:30:00,2026-09-25 16:30:00+00:00,2026-09-25 16:40:00+00:00,2267.0,2272.0,2266.0,2270.5,23890
2026-09-25 19:40:00,2026-09-25 16:40:00+00:00,2026-09-25 16:50:00+00:00,2270.5,2271.0,2269.5,2270.5,6735
2026-09-25 19:50:00,2026-09-25 16:50:00+00:00,2026-09-25 17:00:00+00:00,2270.5,2272.0,2266.5,2268.5,10813
2026-09-25 20:00:00,2026-09-25 17:00:00+00:00,2026-09-25 17:10:00+00:00,2269.0,2272.0,2268.0,2271.0,7336
2026-09-25 20:10:00,2026-09-25 17:10:00+00:00,2026-09-25 17:20:00+00:00,2270.5,2271.5,2268.5,2271.0,3840
2026-09-25 20:20:00,2026-09-25 17:20:00+00:00,2026-09-25 17:30:00+00:00,2271.5,2272.5,2269.5,2270.5,5168
2026-09-25 20:30:00,2026-09-25 17:30:00+00:00,2026-09-25 17:40:00+00:00,2270.0,2273.0,2269.0,2271.0,6100
2026-09-25 20:40:00,2026-09-25 17:40:00+00:00,2026-09-25 17:50:00+00:00,2271.5,2271.5,2269.5,2271.0,3570
2026-09-25 20:50:00,2026-09-25 17:50:00+00:00,2026-09-25 18:00:00+00:00,2271.0,2272.0,2270.0,2271.5,2062
2026-09-25 21:00:00,2026-09-25 18:00:00+00:00,2026-09-25 18:10:00+00:00,2271.5,2272.5,2270.5,2271.5,3936
2026-09-25 21:10:00,2026-09-25 18:10:00+00:00,2026-09-25 18:20:00+00:00,2271.5,2273.0,2270.0,2272.0,3792
2026-09-25 21:20:00,2026-09-25 18:20:00+00:00,2026-09-25 18:30:00+00:00,2272.0,2273.0,2271.5,2272.0,2102
2026-09-25 21:30:00,2026-09-25 18:30:00+00:00,2026-09-25 18:40:00+00:00,2272.0,2272.5,2271.0,2271.0,674
2026-09-25 21:40:00,2026-09-25 18:40:00+00:00,2026-09-25 18:50:00+00:00,2271.0,2272.5,2271.0,2272.5,689
2026-09-25 21:50:00,2026-09-25 18:50:00+00:00,2026-09-25 19:00:00+00:00,2272.5,2273.5,2272.5,2273.0,1680
2026-09-25 22:00:00,2026-09-25 19:00:00+00:00,2026-09-25 19:10:00+00:00,2273.0,2273.0,2272.0,2272.0,871
2026-09-25 22:10:00,2026-09-25 19:10:00+00:00,2026-09-25 19:20:00+00:00,2272.0,2274.5,2272.0,2274.5,4388
2026-09-25 22:20:00,2026-09-25 19:20:00+00:00,2026-09-25 19:30:00+00:00,2274.5,2275.0,2273.5,2274.0,5094
2026-09-25 22:30:00,2026-09-25 19:30:00+00:00,2026-09-25 19:40:00+00:00,2273.5,2274.0,2270.5,2271.5,10274
2026-09-25 22:40:00,2026-09-25 19:40:00+00:00,2026-09-25 19:50:00+00:00,2272.0,2274.0,2271.5,2273.0,1250
2026-09-25 22:50:00,2026-09-25 19:50:00+00:00,2026-09-25 20:00:00+00:00,2273.0,2273.5,2272.0,2273.0,2217
2026-09-25 23:00:00,2026-09-25 20:00:00+00:00,2026-09-25 20:10:00+00:00,2273.5,2277.0,2272.5,2276.0,15067
2026-09-25 23:10:00,2026-09-25 20:10:00+00:00,2026-09-25 20:20:00+00:00,2276.0,2277.0,2275.0,2276.0,5463
2026-09-25 23:20:00,2026-09-25 20:20:00+00:00,2026-09-25 20:30:00+00:00,2276.5,2279.0,2276.0,2278.5,9349
2026-09-25 23:30:00,2026-09-25 20:30:00+00:00,2026-09-25 20:40:00+00:00,2278.5,2279.0,2277.0,2278.0,6228
2026-09-25 23:40:00,2026-09-25 20:40:00+00:00,2026-09-25 20:50:00+00:00,2278.0,2279.0,2274.5,2275.5,4736
